sellChampagne,sellConjac,sellPivo,sellVina,sellVodka,year,region,id,vrp,priceVodka,priceVino20,priceVino14,priceConjac_rus,priceChamp_rus,pricePivo_rus,pricePivo_for,umemp,doc,ipc,pop,dtp,price1vod,otravl,suicide
1.0,0.5,36.2,4.3,8.0,2003,,1.0,9849.3,,29.67,112.09,318.69,94.64,18.86,54.8,15.5,1636.0,113.2,446828.0,135.9,139.32,29.6,24.2
1.0,0.3,27.5,4.1,8.6,2004,,1.0,12493.2,294.93,33.27,124.49,357.98,108.93,21.77,58.93,17.3,1652.0,113.4,444848.0,136.0,179.34,27.9,24.5
1.1,0.4,29.7,4.4,10.4,2005,,1.0,17029.1,300.51,39.76,131.84,403.46,115.93,20.76,55.91,13.0,1657.0,111.7,443300.0,138.6,186.68,33.6,26.8
0.7,0.3,32.4,3.8,8.1,2006,,1.0,21132.4,290.78,48.01,138.56,468.42,117.27,22.84,57.94,13.9,1692.0,108.65,440993.0,138.5,197.4,30.5,23.1
0.7,0.5,31.6,4.1,6.8,2007,,1.0,29085.1,339.91,67.95,158.12,639.82,129.26,27.42,63.33,10.3,1713.0,108.36,438603.0,138.5,207.44,24.9,17.9
1.8,0.9,30.9,5.6,6.4,2008,,1.0,36134.4,385.69,68.97,180.73,545.09,146.8,31.83,138.24,7.3,1653.0,111.33,437900.0,136.6,225.1,26.472,18.779
1.6,1.2,31.5,6.8,7.4,2009,,1.0,41511.5,405.07,66.1,224.95,643.22,183.76,40.85,159.0,7.7,1674.0,115.8,439380.0,132.9,238.18,20.769,22.349
1.6,1.0,31.5,6.2,6.6,2010,,1.0,47194.5,406.67,66.16,301.12,643.34,187.71,49.0,219.66,9.3,1668.0,107.57,439760.0,130.7,257.69,20.0,22.1
1.24,0.75,35.82,3.29,6.9,2011,,1.0,56803.3,449.93,88.1,308.64,788.69,206.37,63.06,236.35,8.4,1698.0,107.94,439935.0,126.0,264.75,17.9,18.1
1.3,0.7,34.5,3.1,5.6,2012,,1.0,65300.4,459.85,89.32,313.02,802.02,210.55,62.7,236.35,8.1,1726.0,105.91,442451.0,121.8,302.87,11.5,16.5
1.2,0.7,37.0,2.9,4.7,2013,,1.0,70862.3,542.11,204.18,260.09,853.21,224.06,72.59,211.68,7.9,1728.0,106.2,444403.0,119.0,361.35,13.0,21.8
1.5,0.7,28.7,3.7,4.1,2014,,1.0,77923.0,,231.03,275.29,920.41,244.53,78.2,224.79,8.6,1733.0,105.39,446406.0,,549.96,13.846,16.303
1.3,0.6,27.2,3.5,3.8,2015,,1.0,,,192.04,352.09,1243.92,254.71,86.73,351.17,8.8,,113.75,449171.0,,588.56,,
0.3,0.2,25.0,1.5,8.3,2003,,2.0,242920.5,,116.03,95.86,398.16,106.38,22.62,122.61,8.2,16983.0,111.1,4102274.0,105.1,109.93,9.9,66.0
0.3,0.2,35.4,1.2,9.2,2004,,2.0,310845.1,171.4,131.65,99.16,427.04,111.92,22.95,126.71,7.2,17071.0,114.3,4094215.0,105.0,122.61,9.5,62.7
0.6,0.2,43.1,2.2,10.0,2005,,2.0,381646.5,245.0,134.25,118.2,523.01,108.02,25.01,95.46,7.0,16961.0,110.9,4081349.0,139.3,141.03,9.3,57.6
0.7,0.2,68.4,2.6,10.6,2006,,2.0,505205.8,262.72,149.43,127.0,568.57,104.75,25.82,91.03,6.5,17296.0,108.07,4066257.0,139.0,153.8,6.7,54.5
0.9,0.2,68.7,3.0,11.1,2007,,2.0,590054.1,319.32,185.84,139.71,669.31,117.61,26.78,98.25,6.5,17456.0,107.61,4053439.0,136.8,169.08,5.2,50.0
0.7,0.2,86.1,2.6,9.6,2008,,2.0,743133.4,310.79,197.21,142.02,681.23,131.23,30.32,106.76,5.2,16899.0,112.37,4054821.0,132.1,197.8,5.672,48.902
1.5,0.2,80.8,2.4,9.1,2009,,2.0,647911.7,338.77,213.83,154.96,728.2,139.68,35.54,121.75,9.2,17411.0,111.33,4059373.0,129.9,200.86,6.131,48.281
0.5,0.2,79.6,2.2,8.7,2010,,2.0,759203.3,408.69,234.19,159.96,825.29,159.14,41.79,133.39,8.9,17198.0,108.17,4068545.0,126.8,217.17,5.5,40.0
0.85,0.28,63.87,3.04,10.97,2011,,2.0,941023.6,438.92,257.67,175.11,902.36,174.26,50.94,146.38,7.6,17518.0,107.41,4072085.0,126.8,241.59,6.6,41.0
0.8,0.4,78.3,4.0,11.7,2012,,2.0,1149384.6,438.56,267.89,200.5,896.98,175.66,52.14,148.28,6.1,16903.0,106.05,4064245.0,125.9,293.5,6.3,41.9
0.8,0.6,90.3,4.0,10.8,2013,,2.0,1163219.0,499.93,296.7,214.82,978.94,190.61,59.99,163.51,5.8,17043.0,105.14,4060957.0,122.5,353.88,6.1,38.5
0.9,0.4,75.1,3.2,9.5,2014,,2.0,1248817.8,,344.01,227.29,1067.01,208.31,69.37,172.89,5.3,17383.0,104.63,4069698.0,,491.57,4.029,33.53
0.8,0.4,75.7,2.5,6.2,2015,,2.0,,,399.18,250.61,1220.22,221.75,80.44,164.97,6.1,,113.32,4071987.0,,482.29,,
,,,,,2003,,3.0,52253.7,,93.98,112.65,348.95,117.56,25.78,100.04,17.8,3744.0,114.2,979605.0,176.0,108.82,94.6,87.6
,,,,,2004,,3.0,63918.5,339.64,114.39,164.03,428.7,136.73,30.37,87.71,15.3,3711.0,114.7,974561.0,190.6,138.64,63.0,80.7
,,,,,2005,,3.0,74912.9,356.79,120.44,159.31,490.8,128.68,31.5,85.75,12.2,3737.0,115.1,970994.0,180.1,153.3,62.4,77.4
,,,,,2006,,3.0,91712.4,336.7,127.45,152.64,458.61,123.8,32.71,64.55,14.2,3777.0,109.57,966914.0,204.3,174.27,39.8,77.2
,,,,,2007,,3.0,107442.0,387.31,145.86,152.6,513.17,139.69,35.49,68.63,13.1,3949.0,106.92,964581.0,196.7,190.68,41.8,70.4
,,,,,2008,,3.0,124738.5,347.82,184.77,163.94,558.1,136.61,39.02,168.19,12.0,3859.0,110.76,965156.0,181.4,216.2,31.76,73.309
,,,,,2009,,3.0,121187.7,386.98,171.9,167.24,576.03,139.83,46.88,111.33,13.7,3943.0,113.88,966595.0,162.4,223.81,38.873,67.144
,,,,,2010,,3.0,133525.6,373.95,198.56,173.59,608.89,155.32,53.45,127.28,10.4,4016.0,106.88,969736.0,157.4,243.01,34.7,64.8
,,,,,2011,,3.0,153624.1,623.15,225.73,196.19,695.05,190.83,65.03,148.09,9.0,4055.0,108.33,971538.0,162.4,293.51,31.0,61.1
,,,,,2012,,3.0,164737.8,647.93,238.26,204.12,743.9,193.22,66.45,149.52,7.9,4160.0,106.94,971391.0,150.6,349.77,29.7,63.9
,,,,,2013,,3.0,176888.9,798.9,308.09,220.11,795.53,206.35,73.32,157.77,8.0,4359.0,106.14,971810.0,164.1,460.99,25.8,58.3
,,,,,2014,,3.0,184815.6,,414.48,269.45,943.21,220.19,86.1,174.57,8.4,4333.0,106.8,973860.0,,594.95,24.996,52.757
,,,,,2015,,3.0,,,459.42,341.31,1076.55,219.15,96.93,200.4,9.2,,114.53,978495.0,,616.31,,
1.0,0.1,25.9,6.4,10.6,2003,,4.0,6903.9,,111.75,104.8,320.14,131.87,25.85,79.42,10.2,765.0,113.5,203038.0,214.5,112.14,116.2,101.9
1.1,0.1,25.4,6.7,11.2,2004,,4.0,8516.7,438.06,108.71,132.11,459.58,133.88,31.59,84.62,9.6,775.0,112.1,202571.0,263.3,130.33,89.9,89.4
1.2,0.1,27.1,6.0,11.7,2005,,4.0,8805.8,508.38,147.4,139.19,577.41,136.89,32.56,84.03,9.4,785.0,111.1,202333.0,232.7,136.98,96.5,87.2
0.8,0.1,32.4,4.0,9.5,2006,,4.0,11609.4,409.19,168.03,154.13,647.08,146.06,33.18,89.74,11.4,816.0,107.6,201674.0,228.5,144.32,71.2,89.8
0.7,0.3,39.4,4.8,10.5,2007,,4.0,15108.5,396.26,174.82,157.4,929.84,133.2,33.31,98.94,8.9,839.0,106.37,201744.0,236.6,156.35,38.8,71.8
0.8,0.4,46.7,6.0,10.5,2008,,4.0,18701.0,467.08,193.02,184.34,838.42,159.29,36.32,123.31,12.6,856.0,111.14,203128.0,195.7,169.3,24.5,73.019
0.8,0.4,60.7,5.5,10.4,2009,,4.0,19911.6,546.89,214.01,189.22,997.57,186.07,41.96,148.82,13.6,898.0,112.01,204687.0,152.7,182.72,35.244,68.583
1.1,0.4,59.9,6.1,9.9,2010,,4.0,22393.7,583.76,257.02,224.51,981.82,204.69,45.47,203.16,12.2,898.0,107.02,205386.0,136.0,192.1,42.7,65.5
1.16,0.52,61.96,5.71,10.19,2011,,4.0,26380.8,623.5,320.75,267.69,917.43,249.29,61.46,277.27,12.8,889.0,108.23,206530.0,192.8,221.81,30.4,72.8
1.0,0.5,62.9,5.2,9.9,2012,,4.0,30444.6,658.31,323.45,261.38,906.01,254.8,63.91,298.8,11.6,902.0,106.33,208425.0,208.2,278.32,31.5,65.0
1.0,0.4,59.5,4.2,9.1,2013,,4.0,33313.5,710.66,332.32,299.92,996.48,270.73,70.85,303.88,11.5,972.0,105.9,210344.0,237.4,371.36,26.1,65.9
1.4,0.4,39.0,4.2,8.8,2014,,4.0,39134.5,,342.36,320.3,1110.22,298.94,83.27,309.18,10.4,1000.0,105.75,211645.0,,591.73,21.629,59.714
1.5,0.4,35.2,4.1,8.4,2015,,4.0,,,345.17,358.07,1231.91,310.57,94.87,382.33,9.7,,113.4,213703.0,,570.51,,
1.2,0.2,9.7,2.9,8.7,2003,,5.0,57626.7,,57.06,114.13,306.53,70.83,27.06,55.92,20.9,9773.0,109.5,2581412.0,56.6,75.95,0.8,3.2
1.5,0.3,6.6,2.8,9.5,2004,,5.0,80712.4,172.12,60.75,125.15,339.74,75.25,27.46,57.47,27.2,10022.0,109.1,2617502.0,53.9,79.58,0.8,4.7
1.5,0.3,10.4,2.4,10.8,2005,,5.0,90442.6,174.18,68.22,170.23,367.5,82.57,30.24,58.59,22.1,10062.0,110.5,2652711.0,53.9,86.44,1.0,4.7
1.3,0.4,6.9,2.9,11.7,2006,,5.0,124153.5,191.47,75.72,211.59,443.25,89.19,32.27,59.96,22.1,10635.0,108.74,2692619.0,52.0,104.15,1.1,3.5
1.2,0.3,5.9,2.4,12.2,2007,,5.0,156928.8,187.32,78.29,156.6,493.64,100.08,34.16,68.31,20.2,10636.0,107.07,2735837.0,55.4,114.11,0.7,3.8
0.7,0.3,6.6,3.1,12.9,2008,,5.0,216277.2,227.61,92.73,164.76,547.79,105.18,38.38,72.7,13.2,10827.0,113.92,2788600.0,53.0,130.7,1.222,3.297
0.7,0.3,6.3,3.8,13.2,2009,,5.0,257832.7,269.75,130.04,172.4,609.41,120.55,44.25,80.24,13.2,10781.0,116.35,2826525.0,59.5,144.53,1.064,3.67
0.4,0.3,3.1,3.3,10.2,2010,,5.0,274354.2,308.97,135.73,207.29,650.95,127.74,49.54,89.99,14.8,11432.0,110.87,2868759.0,58.4,184.59,1.2,3.3
0.38,0.37,2.74,3.27,7.88,2011,,5.0,330322.8,398.4,166.62,228.29,678.29,147.33,62.24,102.17,12.7,11561.0,111.7,2914204.0,54.0,210.62,0.4,3.0
0.4,0.4,2.5,1.6,8.0,2012,,5.0,374710.3,373.09,173.3,322.34,762.25,155.31,65.63,99.65,11.7,11547.0,107.36,2930449.0,48.3,259.47,0.6,2.6
0.3,0.3,2.1,1.0,4.8,2013,,5.0,452882.2,456.24,206.67,330.42,861.0,168.78,71.93,111.44,11.6,11672.0,107.05,2946035.0,46.9,350.36,0.4,2.6
0.2,0.3,2.2,0.4,2.9,2014,,5.0,538340.2,,235.35,338.76,916.14,178.31,81.38,128.47,10.2,11939.0,102.15,2963918.0,,481.81,0.336,3.023
0.3,0.3,0.9,0.4,1.9,2015,,5.0,,,274.04,335.15,991.99,182.18,94.62,155.26,10.8,,115.54,2990371.0,,520.93,,
0.8,0.5,8.9,6.0,4.6,2003,,6.0,4756.6,,120.0,120.0,160.0,150.0,28.72,55.0,55.8,1089.0,113.9,468773.0,41.1,75.32,0.0,1.1
0.8,0.8,7.4,6.4,3.6,2004,,6.0,6210.4,,138.08,130.0,160.0,141.02,33.4,49.05,43.5,1100.0,109.9,451933.0,40.0,63.0,0.0,0.6
0.1,0.0,0.8,0.2,0.8,2005,,6.0,7419.3,,130.0,120.0,160.0,132.0,33.0,45.0,63.1,1127.0,115.5,433685.0,45.1,85.0,0.2,0.0
0.1,0.0,0.9,0.3,1.0,2006,,6.0,9033.5,,140.8,128.64,175.8,145.0,36.68,51.02,57.8,1154.0,113.51,417392.0,54.8,100.5,0.0,0.4
0.1,0.0,1.0,0.3,1.0,2007,,6.0,16812.4,,146.95,131.81,180.15,163.23,36.71,50.0,46.6,1199.0,110.11,406739.0,49.2,100.0,0.2,0.4
0.0,0.0,0.0,0.0,0.0,2008,,6.0,19172.9,,151.45,132.29,182.94,166.71,37.71,50.85,53.3,1246.0,112.28,406621.0,47.3,106.7,0.198,0.0
0.0,0.0,0.0,0.0,0.1,2009,,6.0,18953.3,,167.68,137.13,190.0,169.42,39.42,52.06,53.2,1296.0,114.68,409210.0,49.7,138.55,0.0,0.39
0.0,0.0,0.0,0.0,0.05,2010,,6.0,19929.1,,195.64,167.09,239.9,176.45,40.29,62.84,49.7,1401.0,112.67,411736.0,52.8,148.55,0.5,0.0
,,,,,2011,,6.0,26858.9,,195.64,167.09,239.9,176.45,40.29,62.84,48.1,1470.0,105.14,414524.0,45.2,,0.2,0.2
,,,,,2012,,6.0,37413.9,,,,,,,,47.7,1615.0,104.07,430495.0,53.9,,0.5,0.5
,,,,,2013,,6.0,45766.7,,,,,,,,43.7,1708.0,103.05,442255.0,45.8,,0.2,0.4
0.0,0.0,0.4,0.0,0.0,2014,,6.0,52167.8,,,,,,,,29.8,1848.0,103.34,453010.0,,,0.654,0.436
,,,,,2015,,6.0,,,,,,,,,30.5,,113.71,463893.0,,,,
0.8,0.7,39.4,4.4,12.8,2003,,7.0,25997.4,,68.63,59.79,201.3,88.69,25.45,49.63,22.8,3669.0,108.9,901051.0,85.6,94.87,6.9,14.3
0.8,0.7,43.7,4.0,12.3,2004,,7.0,29052.9,296.9,73.23,63.86,266.92,99.33,27.72,56.58,24.9,3704.0,113.0,889639.0,86.9,98.21,7.0,13.3
1.1,0.6,31.7,3.3,10.4,2005,,7.0,36833.4,304.7,73.23,63.86,266.92,100.06,28.66,61.18,23.9,3817.0,114.1,877308.0,90.6,104.86,6.5,13.5
1.2,0.5,38.1,2.5,6.6,2006,,7.0,43309.7,336.74,79.85,70.64,332.51,106.88,29.24,65.9,20.8,3938.0,111.57,866158.0,88.5,105.41,6.5,12.8
1.0,0.4,24.3,2.9,5.1,2007,,7.0,48908.7,262.38,113.83,111.64,419.08,110.34,35.04,58.86,18.0,3935.0,105.62,858460.0,99.3,147.75,4.2,12.2
0.6,0.4,25.8,3.4,5.2,2008,,7.0,58093.4,349.27,146.11,144.99,428.32,122.08,37.73,78.65,17.8,3768.0,113.08,857282.0,90.0,188.5,1.906,13.231
0.4,0.4,30.2,3.2,3.7,2009,,7.0,65660.1,384.78,185.28,168.43,512.48,131.67,42.21,100.92,14.6,3868.0,117.95,858126.0,88.3,208.88,1.792,13.1
0.4,0.4,26.1,3.2,3.5,2010,,7.0,77086.4,496.56,202.67,237.18,590.68,138.51,47.57,151.04,12.7,3786.0,108.7,859576.0,85.3,242.19,0.9,11.3
0.55,0.39,23.28,2.66,3.08,2011,,7.0,90594.5,556.05,221.78,272.24,629.53,157.7,61.63,169.13,10.5,3984.0,108.79,859792.0,99.5,274.39,1.7,10.0
0.5,0.3,20.4,1.7,2.3,2012,,7.0,106711.2,714.64,226.24,264.38,688.69,174.62,62.69,151.42,8.9,3794.0,107.34,859063.0,97.4,327.01,1.3,9.3
0.3,0.2,17.8,0.8,1.6,2013,,7.0,110971.5,823.97,237.95,297.05,703.83,184.01,73.93,164.63,10.5,3832.0,109.35,858946.0,93.9,433.17,1.0,9.9
0.3,0.1,17.1,0.5,0.6,2014,,7.0,118134.7,,288.87,308.24,770.3,180.68,82.78,165.13,9.5,3954.0,105.64,858397.0,,680.65,0.582,7.329
0.3,0.1,16.4,0.5,0.6,2015,,7.0,,,303.9,306.97,853.23,188.2,89.6,181.26,10.1,,112.21,860709.0,,669.42,,
1.4,0.1,24.4,4.3,15.4,2003,,8.0,6539.5,,63.49,62.56,299.78,96.17,21.91,43.1,17.2,1425.0,110.1,291850.0,120.2,103.77,3.1,50.5
1.4,0.2,24.4,4.3,15.3,2004,,8.0,8518.5,217.26,66.72,63.68,329.46,96.79,26.14,45.76,22.4,1477.0,114.8,292168.0,111.7,134.61,7.9,46.5
1.6,0.2,25.1,4.9,7.8,2005,,8.0,9685.7,268.73,78.45,73.37,531.54,112.27,27.79,99.01,18.0,1430.0,110.9,293179.0,144.2,151.25,9.0,47.0
1.6,0.2,34.0,4.9,7.8,2006,,8.0,12844.1,290.7,94.25,86.92,562.68,114.93,27.97,89.56,16.9,1438.0,110.21,293515.0,125.5,161.95,9.0,44.8
0.6,0.3,29.3,4.8,8.1,2007,,8.0,17225.8,321.31,101.01,90.98,629.13,117.12,29.21,89.56,14.5,1437.0,106.72,293011.0,135.1,186.53,4.9,39.1
0.4,0.4,24.9,4.5,7.5,2008,,8.0,20789.7,365.06,102.37,88.18,665.69,118.47,34.93,90.91,15.8,1430.0,113.74,291654.0,126.1,226.5,8.779,39.681
0.3,0.4,26.8,4.0,6.9,2009,,8.0,23948.1,403.57,123.78,91.31,720.31,136.26,40.69,146.47,16.5,1425.0,119.17,290277.0,132.1,246.12,8.11,47.252
0.3,0.4,24.3,2.8,5.5,2010,,8.0,24404.1,344.45,128.47,98.07,824.66,151.86,44.58,203.26,14.8,1350.0,106.55,289672.0,136.5,265.99,7.3,39.8
0.33,0.42,17.9,2.47,4.87,2011,,8.0,29318.7,372.92,175.52,121.11,928.72,161.61,56.65,247.4,14.2,1435.0,109.29,288902.0,165.7,299.31,3.8,38.2
0.4,0.5,15.9,2.7,4.9,2012,,8.0,35897.8,378.27,180.19,133.78,871.73,168.06,57.18,247.4,13.1,1476.0,108.27,286689.0,242.5,335.12,4.6,31.2
0.3,0.4,13.6,2.2,4.3,2013,,8.0,41165.9,439.71,191.19,156.7,843.84,182.98,63.75,252.86,12.5,1510.0,107.7,284140.0,238.1,436.95,0.4,32.9
0.3,0.5,17.4,3.1,3.6,2014,,8.0,46044.3,,187.47,168.95,911.98,196.48,70.18,258.09,10.9,1519.0,105.29,282021.0,,548.01,1.067,15.287
0.3,0.5,17.8,3.0,3.6,2015,,8.0,,,200.76,204.28,983.08,203.91,83.07,257.29,10.7,,113.03,280564.0,,563.36,,
0.2,0.2,14.9,3.7,14.9,2003,,9.0,11481.1,,82.03,90.95,353.37,96.1,22.61,39.46,18.3,1472.0,109.4,438853.0,111.2,95.02,11.7,11.2
0.3,0.3,19.6,4.2,14.9,2004,,9.0,13127.2,256.54,78.03,94.19,330.26,104.53,25.97,76.79,17.2,1475.0,112.1,444342.0,106.4,119.85,10.1,10.1
0.4,0.4,20.9,4.6,5.3,2005,,9.0,16724.3,287.2,82.66,106.05,356.84,105.36,28.19,76.13,13.8,1505.0,112.4,450220.0,115.4,131.81,9.0,11.1
0.4,0.4,22.1,3.0,5.6,2006,,9.0,23260.1,337.48,96.02,124.14,388.01,105.99,30.66,50.9,19.2,1562.0,108.55,454487.0,120.1,153.76,9.3,11.6
0.4,0.4,23.0,2.0,5.1,2007,,9.0,27469.7,313.67,149.29,134.04,546.4,128.11,31.49,60.16,18.1,1573.0,107.75,461650.0,132.3,173.74,7.0,8.6
0.4,0.5,27.8,1.9,3.7,2008,,9.0,35714.2,311.92,143.69,145.04,560.7,141.28,41.0,68.88,15.9,1602.0,116.7,466366.0,136.7,169.7,5.617,5.851
0.4,0.5,29.1,1.5,2.8,2009,,9.0,38584.1,315.63,142.68,153.93,556.75,156.22,45.83,81.0,12.0,1657.0,115.56,470064.0,125.7,189.46,4.214,6.79
0.5,0.5,28.4,1.4,2.3,2010,,9.0,43651.5,307.51,149.06,172.18,509.0,164.1,48.35,93.28,10.3,1574.0,108.6,473792.0,129.7,215.69,1.5,8.0
0.47,0.46,29.53,1.36,2.17,2011,,9.0,49252.1,419.8,164.99,184.8,558.11,168.79,66.51,96.05,9.8,1682.0,109.91,477403.0,120.6,216.04,3.6,6.7
0.5,0.4,28.7,1.3,1.8,2012,,9.0,58712.1,410.89,180.75,182.09,558.11,170.35,66.63,96.21,8.9,1789.0,105.33,474675.0,135.7,225.74,2.7,7.6
0.4,0.3,28.1,1.1,1.2,2013,,9.0,66106.6,489.94,185.62,208.22,718.25,175.05,70.77,104.4,9.8,1778.0,107.13,471847.0,124.7,373.35,2.8,9.1
0.4,0.2,28.1,1.2,0.9,2014,,9.0,69195.3,,260.84,213.66,791.57,183.7,74.32,123.81,13.0,1766.0,105.85,469837.0,,539.71,2.982,10.225
0.3,0.2,28.9,1.1,0.7,2015,,9.0,,,394.46,220.32,860.6,183.84,83.32,150.01,15.1,,114.0,469060.0,,560.46,,
0.6,0.2,31.1,13.5,14.2,2003,,10.0,46588.9,,113.34,105.37,293.73,115.73,24.43,119.51,8.2,3509.0,112.9,715213.0,190.7,125.7,71.6,51.1
0.7,0.5,33.2,16.9,14.0,2004,,10.0,53964.1,182.72,122.77,112.8,331.55,115.18,28.46,122.22,7.3,3472.0,111.1,702847.0,186.1,141.02,62.5,47.3
0.7,0.5,36.2,15.0,14.9,2005,,10.0,77124.8,200.92,136.13,117.23,348.44,123.71,29.59,135.89,8.8,3412.0,110.0,689601.0,177.1,147.41,59.3,40.6
0.8,0.5,40.9,14.7,15.0,2006,,10.0,84228.3,218.42,158.01,126.22,390.05,124.34,34.26,134.79,3.3,3420.0,108.17,676041.0,161.1,159.61,44.7,37.8
1.2,0.6,45.7,11.9,15.9,2007,,10.0,104603.3,240.34,165.13,140.5,530.71,130.65,37.25,121.08,5.9,3363.0,108.26,665032.0,128.1,176.41,43.1,35.1
1.4,0.8,50.0,14.3,17.4,2008,,10.0,115208.2,255.29,192.43,154.25,539.23,128.89,41.89,130.09,8.2,3361.0,113.16,659404.0,120.3,205.2,27.718,33.958
1.4,1.0,52.4,13.6,16.4,2009,,10.0,105924.1,276.36,204.46,167.34,551.3,152.09,47.04,160.19,9.6,3358.0,112.25,653766.0,122.1,193.38,20.85,29.161
1.6,1.2,55.1,12.9,17.6,2010,,10.0,120511.3,305.57,256.74,196.38,597.73,156.99,54.8,166.29,9.3,3241.0,108.77,648718.0,122.2,221.42,24.8,27.1
1.87,1.6,56.94,11.98,19.33,2011,,10.0,154953.7,346.37,279.36,209.58,648.76,184.63,69.15,150.01,8.4,3224.0,106.9,642582.0,132.7,247.06,19.0,25.6
1.7,1.4,58.2,10.6,18.0,2012,,10.0,160841.5,351.27,284.66,213.29,653.4,180.11,69.85,151.0,7.0,3290.0,105.95,639681.0,134.9,295.64,12.7,25.8
1.7,1.3,58.3,10.8,15.4,2013,,10.0,178636.2,454.64,324.37,226.49,737.11,193.66,78.74,167.01,8.2,3291.0,104.8,636932.0,137.8,393.7,12.6,24.5
1.6,1.2,57.5,12.3,13.5,2014,,10.0,185640.4,,357.9,257.94,884.78,207.51,84.13,164.94,8.1,3210.0,104.48,634402.0,,526.86,9.471,22.732
1.8,1.3,60.6,12.8,13.6,2015,,10.0,,,418.42,307.02,1011.05,229.8,95.06,180.92,8.8,,114.24,632533.0,,544.43,,
0.8,0.5,44.4,8.3,29.7,2003,,11.0,107149.0,,109.02,104.64,506.59,102.0,23.16,77.81,12.2,4367.0,118.0,1016040.0,140.8,111.6,69.0,55.3
1.1,0.5,76.2,10.3,28.1,2004,,11.0,131588.0,236.89,117.37,113.9,551.08,105.56,25.52,95.4,12.4,4376.0,111.0,999857.0,141.5,135.61,64.8,47.6
1.2,0.6,70.7,9.6,26.7,2005,,11.0,171307.2,275.64,130.89,121.77,554.8,103.19,27.17,95.49,11.1,4338.0,110.8,982890.0,177.0,152.43,65.7,44.6
1.3,0.6,67.2,9.3,18.6,2006,,11.0,218490.7,289.49,126.8,117.94,591.57,112.59,30.48,99.07,12.1,4492.0,107.81,962952.0,172.8,181.31,52.8,44.8
1.8,0.7,88.3,11.2,15.6,2007,,11.0,241150.5,299.23,134.38,134.69,700.62,133.31,34.18,105.94,10.2,4399.0,108.74,944816.0,175.9,194.5,31.2,45.7
1.8,0.8,89.5,12.4,15.8,2008,,11.0,291812.1,321.32,169.62,162.26,829.17,149.69,39.1,104.88,7.1,4380.0,112.53,934867.0,157.6,219.6,33.01,41.833
1.9,0.8,90.8,13.1,16.7,2009,,11.0,302629.2,331.64,186.71,175.23,1017.13,162.36,44.07,169.8,11.4,4422.0,114.05,922321.0,158.1,241.55,36.027,40.006
2.2,1.0,90.4,12.8,17.1,2010,,11.0,353853.0,358.86,256.26,198.78,1207.12,188.09,52.51,262.49,10.1,4272.0,106.79,911977.0,161.2,259.33,37.2,40.4
2.25,1.09,94.74,10.75,17.83,2011,,11.0,435959.3,381.68,251.84,249.12,1056.79,225.6,72.61,288.75,8.2,4251.0,108.01,899215.0,184.2,300.63,33.8,36.8
2.2,1.3,90.0,9.6,18.9,2012,,11.0,479051.3,379.49,271.02,251.28,1081.25,226.3,73.54,295.55,6.4,4263.0,105.88,889837.0,189.2,313.71,27.6,40.2
2.4,1.3,81.2,9.0,16.3,2013,,11.0,482329.9,480.28,314.22,270.01,1178.56,243.06,78.08,284.71,7.1,4245.0,105.94,880639.0,181.9,413.88,28.3,31.5
2.0,1.3,65.0,10.4,14.3,2014,,11.0,480862.7,,393.61,323.86,1064.35,255.05,84.8,308.56,6.0,4209.0,105.54,872057.0,,516.76,36.857,33.747
2.1,1.2,90.9,9.4,14.6,2015,,11.0,,,387.43,394.43,1160.97,267.99,96.48,321.59,7.0,,115.79,864424.0,,534.52,,
0.4,0.2,27.1,4.4,12.3,2003,,12.0,22987.3,,92.16,91.25,440.44,100.74,23.29,,11.5,2576.0,112.1,726730.0,134.0,103.51,62.0,71.7
0.5,0.1,27.6,5.7,12.0,2004,,12.0,30085.6,205.75,106.28,96.83,453.82,103.03,24.09,,9.4,2524.0,111.6,722703.0,135.3,119.97,74.1,69.2
0.5,0.1,28.2,5.4,12.1,2005,,12.0,33350.7,233.62,118.77,106.69,384.97,118.8,29.78,,10.0,2431.0,109.2,718260.0,167.5,131.18,75.5,64.8
0.7,0.2,28.5,6.3,12.9,2006,,12.0,43663.7,267.73,141.51,131.07,421.35,112.44,33.46,,10.0,2438.0,106.84,713422.0,174.1,144.13,66.0,52.5
1.0,0.2,28.8,7.9,12.7,2007,,12.0,55069.2,272.6,170.8,141.0,635.38,116.54,35.56,79.67,9.0,2487.0,105.54,708546.0,173.3,150.49,40.1,59.7
1.0,0.3,29.2,9.9,13.2,2008,,12.0,65765.3,185.79,194.47,170.52,709.23,134.75,51.58,210.78,9.1,2391.0,113.69,704949.0,169.2,165.0,41.615,46.318
1.0,0.3,29.3,11.7,12.2,2009,,12.0,69271.5,226.85,189.35,172.2,853.33,150.54,58.9,237.02,11.5,2404.0,113.87,701609.0,155.2,180.87,35.472,50.49
1.0,0.4,30.6,10.6,12.3,2010,,12.0,82374.4,256.6,213.63,214.73,935.88,161.33,68.18,122.09,10.5,2327.0,106.93,699389.0,155.6,198.95,34.8,47.9
1.05,0.42,32.79,8.57,12.48,2011,,12.0,97323.3,326.58,220.56,226.72,1075.47,188.6,79.0,125.16,10.1,2399.0,109.55,695482.0,142.2,243.9,27.5,37.6
1.2,0.6,31.2,8.8,12.4,2012,,12.0,117201.1,303.26,252.36,230.11,1091.86,182.37,78.38,116.43,6.5,2397.0,105.98,692435.0,161.0,286.79,24.7,37.0
1.1,0.6,28.6,8.0,10.6,2013,,12.0,125950.2,367.74,260.21,206.78,1178.86,210.48,82.7,138.76,5.2,2412.0,105.36,690349.0,168.2,379.83,28.9,36.8
1.1,0.6,34.6,8.6,9.3,2014,,12.0,144140.6,,342.74,227.13,1208.63,235.53,87.86,151.24,4.8,2395.0,105.28,688686.0,,525.16,32.847,33.283
0.9,0.7,34.0,8.6,9.7,2015,,12.0,,,414.5,274.77,1265.33,257.04,94.33,169.59,5.3,,114.59,687435.0,,526.09,,
0.3,0.1,25.9,3.5,9.4,2003,,13.0,33244.0,,105.49,118.51,605.99,104.07,25.39,70.09,7.8,4453.0,109.0,886165.0,132.4,104.79,13.6,29.1
0.4,0.1,32.6,3.6,9.8,2004,,13.0,38334.9,403.92,116.54,128.63,638.39,103.76,31.11,81.11,5.9,4451.0,117.0,878299.0,136.7,127.81,13.7,33.5
0.4,0.1,37.0,5.2,9.9,2005,,13.0,44267.0,425.48,118.58,136.35,719.47,106.85,35.11,76.03,6.6,4443.0,108.9,871848.0,138.7,137.85,14.7,31.2
0.4,0.1,46.1,5.5,10.3,2006,,13.0,57974.2,429.27,134.21,139.71,725.2,117.09,35.82,113.55,4.6,4386.0,107.29,864704.0,156.9,148.69,13.5,28.6
0.7,0.2,47.4,5.6,8.9,2007,,13.0,77048.8,428.02,144.19,143.98,728.6,127.82,36.21,164.15,3.5,4315.0,106.47,857903.0,159.3,163.15,10.2,27.0
0.8,0.2,50.4,5.7,9.7,2008,,13.0,94058.3,401.54,161.43,163.05,983.34,153.5,38.02,163.69,2.7,4307.0,111.61,851658.0,140.0,181.1,9.203,27.13
0.9,0.2,51.2,6.0,9.9,2009,,13.0,90862.4,449.37,192.54,180.41,1120.93,173.09,44.99,194.95,5.2,4258.0,115.34,844962.0,130.6,183.43,9.641,26.393
1.0,0.3,55.0,6.3,10.5,2010,,13.0,105343.8,401.86,233.25,199.84,950.11,190.36,56.06,234.55,5.4,4313.0,108.11,839184.0,120.3,198.21,6.7,24.2
1.01,0.35,56.93,6.15,10.79,2011,,13.0,119955.2,390.31,254.99,208.88,906.05,192.62,66.4,245.04,5.2,4278.0,107.73,833263.0,119.9,215.25,5.2,24.4
1.0,0.4,58.7,6.1,10.8,2012,,13.0,134315.6,400.0,281.24,204.65,913.52,186.4,64.34,245.12,4.9,4303.0,104.9,825454.0,134.3,268.41,6.7,18.7
1.3,0.5,61.1,6.3,9.6,2013,,13.0,148705.7,513.06,304.3,207.84,1054.75,189.59,69.72,265.02,4.4,4348.0,104.78,818566.0,123.3,359.52,4.2,22.1
0.7,0.4,55.9,8.2,7.4,2014,,13.0,170905.6,,378.95,258.53,1113.85,211.82,79.86,224.43,4.2,4364.0,104.77,812156.0,,483.81,6.169,19.494
0.8,0.3,61.0,7.2,7.1,2015,,13.0,,,430.67,348.51,1281.13,220.26,94.43,256.92,4.2,,114.86,808888.0,,466.78,,
1.2,0.3,25.0,4.7,16.0,2003,,14.0,132964.1,,144.61,179.22,377.38,132.39,41.5,,9.4,4669.0,111.8,948636.0,101.8,124.38,15.0,48.8
1.2,0.3,30.9,5.2,15.0,2004,,14.0,153496.7,346.91,158.23,195.02,527.31,129.55,38.88,132.87,9.0,4702.0,110.8,949969.0,85.6,153.07,11.1,49.4
1.3,0.4,34.4,5.8,14.0,2005,,14.0,183027.0,420.34,161.18,219.58,581.95,137.36,39.56,148.85,9.2,4708.0,112.1,953170.0,86.2,182.71,12.1,48.3
1.1,0.4,39.4,6.3,12.9,2006,,14.0,206845.0,509.74,205.66,241.84,675.61,152.44,42.84,153.14,9.5,5130.0,112.87,954394.0,89.4,215.32,9.6,46.6
1.6,0.5,43.4,6.9,13.1,2007,,14.0,242656.5,539.41,231.58,306.41,674.51,160.89,49.1,229.62,7.7,5003.0,114.89,956099.0,118.7,222.93,4.3,48.3
2.0,0.6,44.5,7.6,13.5,2008,,14.0,309518.3,553.81,237.72,287.72,837.75,171.11,54.54,234.13,9.0,5179.0,,958929.0,109.0,248.2,5.575,48.496
2.0,0.7,46.6,4.8,13.5,2009,,14.0,328201.7,546.23,292.49,266.4,894.29,190.91,63.55,224.02,8.7,5284.0,,958056.0,106.6,277.94,7.477,46.864
2.0,0.7,50.1,5.2,12.8,2010,,14.0,386825.1,604.62,310.82,287.68,991.92,214.54,69.13,256.09,8.9,5474.0,,958338.0,94.2,294.7,8.0,40.8
2.07,0.65,55.04,5.87,11.97,2011,,14.0,486830.9,645.58,349.48,322.04,1113.13,234.79,80.04,267.48,9.0,5425.0,,958258.0,96.0,297.9,6.6,39.7
2.4,0.7,56.0,5.8,11.7,2012,,14.0,541306.8,639.44,357.17,325.8,1048.43,244.11,83.85,265.82,8.0,5343.0,,955859.0,97.5,352.76,5.2,40.1
2.0,0.7,55.5,4.7,10.7,2013,,14.0,570284.7,718.0,384.8,368.47,1096.72,253.7,93.25,276.66,7.4,5371.0,,955580.0,107.4,455.42,5.5,35.8
1.9,0.6,56.1,5.4,9.8,2014,,14.0,660150.0,,440.74,385.81,1237.97,264.26,104.2,285.37,7.4,5447.0,,954803.0,,759.65,6.486,34.524
1.6,0.6,56.0,5.4,9.3,2015,,14.0,,,483.34,425.09,1331.03,293.02,115.36,302.49,7.3,,,956896.0,,821.94,,
1.1,0.1,14.5,0.2,7.6,2003,,15.0,18925.2,,84.07,86.61,385.58,88.85,22.06,69.48,10.0,4748.0,107.8,709671.0,88.3,85.36,2.5,4.8
0.7,0.1,15.8,2.3,5.3,2004,,15.0,24268.0,382.83,94.02,89.39,453.63,95.48,22.73,70.14,11.2,4788.0,112.5,707679.0,86.1,94.96,0.3,5.8
0.5,0.1,16.0,2.2,3.4,2005,,15.0,31182.2,389.67,97.67,94.68,489.76,98.89,24.66,73.68,8.8,4676.0,111.4,706393.0,85.3,103.78,0.7,5.5
0.7,0.1,17.5,2.5,3.8,2006,,15.0,43341.2,428.01,127.42,119.35,562.72,111.42,25.48,77.59,8.3,4727.0,110.47,706896.0,82.5,100.71,0.9,4.4
0.6,0.1,15.7,2.5,3.9,2007,,15.0,52804.8,456.96,147.84,132.95,767.26,122.23,26.64,81.77,9.8,4956.0,108.84,708800.0,85.8,116.15,1.1,2.6
0.4,0.1,12.3,1.9,3.4,2008,,15.0,57707.4,481.18,155.5,140.27,777.21,132.33,31.82,87.72,9.8,4949.0,112.36,711509.0,85.2,119.6,0.855,2.136
0.4,0.2,11.7,1.5,3.0,2009,,15.0,64081.4,551.19,182.45,189.68,857.8,154.95,43.63,87.16,10.4,5049.0,114.5,711661.0,87.4,171.31,0.713,4.135
0.4,0.3,14.3,1.7,3.2,2010,,15.0,75327.4,497.63,210.2,280.49,885.1,176.72,51.42,121.99,9.7,5042.0,106.86,711725.0,90.2,241.41,0.4,4.9
0.58,0.26,17.65,1.72,3.35,2011,,15.0,85876.7,516.85,207.92,337.42,878.66,183.17,60.86,129.08,8.3,5281.0,107.09,712481.0,86.5,254.31,0.4,5.9
0.6,0.3,21.0,1.4,2.8,2012,,15.0,97448.8,576.26,200.01,328.22,876.82,181.91,61.13,133.02,7.9,5012.0,106.39,709032.0,108.7,323.18,0.1,6.5
0.5,0.2,20.7,1.3,2.2,2013,,15.0,118637.5,572.43,272.08,282.94,910.86,272.41,66.99,153.07,8.1,5050.0,106.27,706123.0,118.1,395.91,0.9,3.7
0.6,0.1,19.8,0.6,1.3,2014,,15.0,126827.2,,310.51,346.69,1005.24,286.45,76.94,178.02,8.6,4961.0,104.55,703977.0,,658.57,0.142,2.838
0.7,0.1,19.2,0.6,1.1,2015,,15.0,,,327.3,327.67,1219.23,290.31,86.39,216.44,9.3,,112.62,705270.0,,638.61,,
0.7,0.2,42.3,2.7,14.9,2003,,16.0,305086.1,,103.39,113.54,397.48,93.53,23.62,91.33,6.6,17118.0,112.4,3777667.0,164.5,109.27,9.7,37.6
0.7,0.2,42.9,3.4,13.7,2004,,16.0,391116.0,243.18,108.9,115.18,472.47,95.79,22.58,99.89,7.4,16906.0,112.7,3773105.0,172.4,122.42,10.5,37.6
0.9,0.2,46.2,3.7,13.2,2005,,16.0,482759.2,253.27,123.84,114.63,441.54,101.23,22.44,84.54,6.7,16902.0,108.8,3768167.0,176.3,127.84,8.1,36.8
0.8,0.2,68.3,3.1,13.6,2006,,16.0,605911.5,278.08,159.28,119.5,524.99,112.42,23.98,125.06,5.6,17024.0,105.44,3761600.0,188.3,139.79,7.3,32.3
1.2,0.3,72.6,3.4,14.5,2007,,16.0,757401.4,285.94,133.7,143.35,665.59,139.59,27.2,162.54,5.6,16857.0,106.07,3763106.0,159.2,151.13,5.2,32.3
1.2,0.4,76.7,3.3,14.6,2008,,16.0,926056.7,296.99,165.16,157.82,739.27,125.93,36.1,165.83,4.9,16228.0,111.24,3766778.0,158.0,176.4,3.771,31.176
1.2,0.4,78.8,3.0,13.3,2009,,16.0,885064.0,281.81,186.75,135.25,697.87,144.69,41.48,177.51,8.4,16611.0,111.84,3773526.0,147.4,188.35,4.081,29.998
1.4,0.5,78.5,3.5,13.5,2010,,16.0,1001622.8,318.7,203.28,182.66,746.68,157.32,47.69,123.8,6.2,16725.0,106.19,3784458.0,141.1,196.06,4.2,28.7
1.36,0.49,83.81,3.71,13.19,2011,,16.0,1305947.0,347.14,231.57,190.39,872.1,163.92,59.61,140.67,4.7,16823.0,106.7,3787485.0,146.7,208.97,4.8,22.2
1.2,0.6,87.1,3.7,13.1,2012,,16.0,1437001.0,408.55,241.94,200.21,900.51,173.33,61.0,153.07,4.1,16029.0,105.41,3803189.0,143.8,270.14,5.2,18.0
1.0,0.6,79.9,3.8,10.7,2013,,16.0,1551472.1,494.24,275.66,200.44,937.04,178.09,65.42,165.54,4.0,15903.0,104.19,3822038.0,141.2,358.43,5.4,17.6
0.8,0.6,70.9,4.2,9.3,2014,,16.0,1671397.1,,345.79,233.58,1067.89,206.45,74.84,196.94,3.9,16228.0,106.04,3838230.0,,477.14,5.199,17.678
0.7,0.5,64.0,4.2,9.1,2015,,16.0,,,413.04,253.11,1200.59,230.49,88.18,213.63,4.0,,111.91,3855037.0,,474.79,,
0.2,0.1,25.0,2.1,14.7,2003,,17.0,8121.2,,61.33,95.7,422.16,128.88,25.01,101.67,20.9,1231.0,111.6,305493.0,117.0,123.63,107.5,66.7
0.2,0.0,25.8,2.1,15.2,2004,,17.0,9838.5,176.36,76.32,110.91,470.42,130.14,27.1,77.94,19.4,1315.0,112.0,304957.0,115.3,155.43,78.8,60.2
0.5,0.1,29.0,2.7,16.2,2005,,17.0,11662.5,194.29,81.95,122.82,562.66,133.43,29.28,84.48,21.9,1297.0,109.9,304066.0,108.4,163.96,87.0,51.6
0.3,0.1,49.2,1.8,11.6,2006,,17.0,15146.8,234.91,87.16,125.87,605.59,136.04,30.4,83.41,20.3,1328.0,108.15,302889.0,103.8,193.1,50.8,62.5
0.5,0.2,52.1,1.9,13.9,2007,,17.0,19384.2,287.71,96.43,137.68,767.78,158.74,34.0,85.14,16.9,1325.0,106.76,302357.0,100.6,200.69,28.3,52.8
0.6,0.3,58.8,2.0,15.3,2008,,17.0,23870.5,312.58,97.43,155.59,801.16,163.33,38.52,94.76,18.6,1373.0,111.07,303783.0,126.7,216.0,32.611,59.467
0.6,0.3,64.3,2.9,15.2,2009,,17.0,26921.9,314.74,91.45,160.9,831.89,170.86,44.32,108.78,21.4,1409.0,115.52,305306.0,118.5,236.86,44.057,57.687
0.6,0.4,77.7,5.1,15.2,2010,,17.0,30772.8,334.53,89.58,172.91,958.66,175.39,48.12,114.33,21.7,1404.0,107.43,307323.0,110.8,258.0,45.5,70.8
0.77,0.37,81.21,4.26,15.33,2011,,17.0,33398.9,384.42,119.62,186.04,1014.81,211.83,62.5,126.13,17.3,1424.0,108.38,308132.0,107.2,292.46,39.5,60.2
0.8,0.4,95.8,3.8,12.1,2012,,17.0,37369.1,398.32,135.3,184.15,1038.08,229.81,63.17,124.59,18.4,1459.0,105.85,309347.0,108.7,345.94,37.1,58.1
0.7,0.4,90.0,2.7,10.3,2013,,17.0,41298.7,612.69,154.54,202.91,1131.61,247.07,73.75,136.05,19.3,1490.0,107.07,310460.0,124.1,469.16,47.2,54.3
0.7,0.3,84.6,2.1,4.0,2014,,17.0,46707.3,,228.46,233.34,1224.67,254.42,76.45,150.04,19.1,1471.0,104.24,311761.0,,611.13,26.536,9.591
0.5,0.2,67.0,1.8,3.0,2015,,17.0,,,284.0,258.68,1349.5,268.2,84.04,160.53,18.6,,112.07,313777.0,,622.96,,
0.3,0.1,34.2,3.8,12.9,2003,,18.0,89034.5,,71.94,96.02,418.71,96.72,18.61,116.48,6.6,8838.0,112.5,1568176.0,114.4,113.59,47.4,66.6
0.4,0.2,36.4,5.4,12.4,2004,,18.0,100833.1,114.39,76.71,101.49,540.56,99.04,20.41,101.48,8.0,8763.0,112.1,1561092.0,113.5,126.89,41.2,70.4
0.5,0.2,41.9,5.9,12.2,2005,,18.0,139995.3,135.18,69.05,98.02,547.0,105.42,20.95,115.01,7.8,8795.0,109.3,1554292.0,123.3,137.3,42.0,63.7
0.6,0.2,51.3,6.8,13.4,2006,,18.0,164848.5,153.04,74.11,105.96,585.37,102.06,23.81,116.54,8.4,8964.0,107.37,1545820.0,121.6,145.8,32.5,62.2
0.8,0.3,70.4,8.0,14.6,2007,,18.0,205647.4,167.57,83.16,116.99,709.78,116.79,26.18,132.41,8.1,8854.0,108.64,1538602.0,119.5,159.92,27.7,61.4
1.0,0.4,77.2,9.1,14.6,2008,,18.0,243135.5,186.08,86.4,130.16,719.2,127.35,28.33,113.03,7.8,8929.0,113.51,1532946.0,117.5,177.7,24.304,56.644
1.0,0.4,78.6,10.9,13.0,2009,,18.0,230938.3,207.28,87.96,154.82,684.66,131.02,31.72,117.58,8.8,8938.0,114.37,1528236.0,109.7,185.47,26.45,52.966
0.9,0.5,80.4,10.9,12.1,2010,,18.0,274578.1,213.94,92.69,151.79,639.68,149.43,39.52,131.54,9.3,8898.0,109.1,1525117.0,109.6,204.51,22.5,49.3
0.99,0.72,87.28,7.95,13.38,2011,,18.0,335984.0,260.81,128.49,166.09,722.6,170.3,57.6,162.73,6.9,8831.0,109.8,1520390.0,106.5,215.99,17.9,47.3
1.0,0.6,96.1,8.0,13.1,2012,,18.0,372782.7,263.77,130.24,164.46,717.01,161.12,57.27,171.89,6.0,8337.0,106.11,1518091.0,100.4,274.26,19.3,41.4
1.0,0.7,82.8,5.7,10.9,2013,,18.0,405126.4,374.83,255.15,232.65,902.56,184.39,65.84,205.37,5.7,8176.0,106.34,1517692.0,100.2,342.13,15.4,42.2
1.0,0.6,68.8,5.9,9.3,2014,,18.0,441959.1,,321.9,234.46,1057.42,194.09,74.94,192.72,5.1,8149.0,105.14,1517050.0,,475.36,16.411,42.971
1.0,0.6,60.3,5.8,8.2,2015,,18.0,,,386.8,296.91,1141.7,228.23,85.95,205.58,5.0,,114.27,1517472.0,,463.43,,
1.6,0.5,61.2,6.4,14.8,2003,,19.0,28969.2,,115.73,121.97,426.31,108.37,23.16,75.84,10.7,2031.0,111.4,545198.0,197.1,126.3,92.3,60.1
1.9,0.8,74.5,8.5,13.8,2004,,19.0,33102.9,329.76,121.83,130.62,518.53,112.87,25.06,91.59,10.2,2017.0,112.8,541414.0,239.6,141.48,60.5,51.5
2.3,0.8,73.6,12.2,16.5,2005,,19.0,41727.5,356.36,105.58,123.04,554.95,119.51,27.84,96.94,8.9,2018.0,110.2,537973.0,230.6,153.03,53.0,50.4
2.1,0.7,90.1,12.4,16.7,2006,,19.0,53689.3,371.54,109.2,125.26,586.26,120.81,28.58,87.41,9.1,2081.0,106.92,533824.0,221.4,183.32,34.1,41.5
1.2,1.0,73.1,10.7,15.3,2007,,19.0,63722.0,408.82,134.8,177.14,700.59,150.33,31.6,108.53,6.6,2078.0,108.04,531140.0,236.4,191.34,20.5,41.3
1.5,0.7,54.6,9.4,16.2,2008,,19.0,72308.8,431.49,191.49,229.11,742.58,142.92,32.74,130.56,7.2,2095.0,110.85,531307.0,218.4,208.9,26.97,38.501
0.7,0.4,58.5,6.1,11.1,2009,,19.0,81019.9,506.5,176.73,247.54,838.28,155.3,40.96,115.18,8.6,2058.0,115.47,531874.0,212.5,226.79,19.309,39.175
1.2,0.6,57.7,7.4,11.5,2010,,19.0,96039.8,577.24,209.39,287.38,983.81,188.21,46.1,138.76,9.1,2028.0,108.89,532739.0,215.2,257.17,22.2,38.9
1.17,0.76,68.0,6.11,12.16,2011,,19.0,113088.1,589.2,235.09,311.31,1086.12,206.98,57.92,149.08,7.2,2018.0,107.7,532286.0,236.2,295.24,19.0,38.9
1.0,0.6,70.3,4.7,11.2,2012,,19.0,130638.5,618.17,240.4,321.89,1157.84,221.31,58.23,149.49,7.9,2058.0,106.27,532135.0,219.7,350.21,23.1,32.5
0.9,0.5,68.6,3.3,7.1,2013,,19.0,141850.5,745.35,235.42,299.84,1133.15,223.11,68.99,145.66,6.0,2124.0,105.29,533025.0,209.5,438.01,18.0,39.9
1.2,0.6,82.2,4.1,4.6,2014,,19.0,160435.0,,288.28,311.63,1254.89,242.18,73.85,161.74,6.2,2145.0,105.11,534079.0,,671.33,19.629,28.976
1.0,0.4,84.3,3.7,4.8,2015,,19.0,,,245.22,386.54,1413.57,260.17,77.9,184.38,5.8,,112.59,535796.0,,588.84,,
,,,,,2003,,20.0,,,,,,,,,,,,1105378.0,32.6,,,
,,,,,2004,,20.0,,225.0,115.0,90.0,300.0,90.0,40.0,87.5,,,110.3,1116910.0,43.7,140.83,0.0,1.1
,,,,,2005,,20.0,22898.9,247.5,105.74,93.51,405.0,96.36,42.17,86.67,,,109.7,1133172.0,40.7,150.42,0.0,1.4
,,,,,2006,,20.0,32344.4,249.0,117.86,104.02,405.0,110.69,42.17,92.12,67.7,2466.0,110.1,1152335.0,38.7,189.25,0.0,1.6
0.01,0.0,0.01,0.01,0.02,2007,,20.0,48056.1,301.39,155.71,181.08,421.96,110.01,47.58,91.61,52.5,2725.0,106.41,1171975.0,37.5,208.68,0.2,0.3
0.0,0.0,0.0,0.0,0.0,2008,,20.0,66273.8,301.4,158.32,205.86,421.96,110.01,47.58,92.53,36.0,3049.0,114.61,1196920.0,28.2,229.3,0.0,0.409
0.0,0.0,0.0,0.0,0.0,2009,,20.0,64308.3,311.65,171.46,205.86,490.22,144.45,47.58,103.88,35.0,3367.0,118.61,1224389.0,28.8,241.7,0.0,0.08
0.0,0.0,0.0,0.0,0.0,2010,,20.0,70694.9,323.96,187.5,212.08,496.37,144.45,62.87,114.79,43.3,3605.0,110.88,1249898.0,29.5,241.7,0.0,0.2
0.0,0.0,0.0,0.01,0.01,2011,,20.0,86623.0,,,,,,,,37.3,3494.0,106.96,1275113.0,33.0,,0.0,0.2
,,,,,2012,,20.0,102289.1,,,,,,,,29.8,3483.0,106.78,1302165.0,29.5,,0.0,0.8
,,,,,2013,,20.0,122402.8,,,,,,,,26.9,3630.0,106.78,1324767.0,34.8,,0.1,0.7
0.0,0.0,4.9,0.0,0.0,2014,,20.0,141294.8,,,,,,,,21.5,3638.0,104.23,1346438.0,,,0.0,0.147
,,,,,2015,,20.0,,,,,,,,,17.1,,113.95,1370268.0,,,,
0.5,0.2,33.8,3.6,12.5,2003,,21.0,45133.1,,117.5,102.49,453.65,105.38,21.39,86.8,8.2,5976.0,113.3,1311737.0,130.1,116.03,53.4,52.8
0.5,0.2,39.7,4.4,10.9,2004,,21.0,59573.8,159.82,137.61,117.07,524.49,106.63,23.11,88.98,9.8,6081.0,110.7,1301632.0,129.7,128.71,51.0,54.2
0.5,0.2,37.6,4.8,11.3,2005,,21.0,69391.6,187.53,143.73,117.65,615.11,113.34,23.77,94.63,11.7,6083.0,107.5,1291065.0,132.8,135.61,56.1,47.2
0.9,0.2,46.0,4.6,14.0,2006,,21.0,93172.0,280.81,154.08,129.45,677.59,109.38,27.76,95.15,8.6,6185.0,106.04,1278903.0,147.0,152.71,47.9,50.7
1.1,0.4,40.1,4.9,13.8,2007,,21.0,123453.3,303.09,184.75,140.41,779.37,116.82,30.1,95.83,9.0,6144.0,107.19,1268614.0,175.9,168.47,42.7,51.9
1.2,0.5,39.0,5.6,15.3,2008,,21.0,155032.3,322.24,190.86,143.42,799.43,131.01,33.8,95.32,8.0,6117.0,112.97,1263016.0,150.7,183.6,45.747,44.186
1.2,0.5,38.7,4.9,14.4,2009,,21.0,139909.5,377.98,217.71,167.81,905.58,153.48,38.95,105.44,11.6,5936.0,113.62,1258239.0,139.7,194.09,37.612,45.822
1.2,0.5,39.0,5.7,14.8,2010,,21.0,157704.6,399.52,247.36,181.33,992.86,177.07,44.94,125.07,9.5,5948.0,105.83,1255852.0,138.7,217.27,33.2,45.0
1.29,0.62,39.06,5.24,14.03,2011,,21.0,188785.7,454.94,284.06,206.57,1059.8,195.89,56.86,151.19,7.8,6099.0,107.86,1250518.0,144.1,229.94,27.5,41.2
1.2,0.6,41.6,5.2,13.9,2012,,21.0,217821.1,489.28,290.13,221.4,1081.85,206.58,59.66,149.77,5.9,6050.0,105.76,1247012.0,165.5,281.55,15.1,27.2
1.2,0.5,43.8,5.2,11.3,2013,,21.0,223147.9,788.72,331.65,236.07,1163.21,218.76,66.46,170.88,5.7,6094.0,104.98,1243431.0,164.9,389.47,8.1,13.4
0.7,0.5,40.2,6.5,9.4,2014,,21.0,235088.8,,328.38,250.49,1047.26,208.61,74.93,162.89,5.0,6022.0,105.53,1239984.0,,498.33,12.833,8.878
1.0,0.5,41.4,5.4,9.2,2015,,21.0,,,364.55,278.55,1157.43,219.62,82.48,171.56,5.0,,113.42,1238071.0,,502.83,,
1.1,0.1,47.7,1.7,11.5,2003,,22.0,88733.3,,115.71,86.34,409.81,120.45,22.99,122.24,12.3,11338.0,112.8,2602595.0,181.9,99.59,32.4,46.9
1.3,0.2,52.4,2.0,14.2,2004,,22.0,114840.5,164.92,123.07,103.92,480.14,121.55,23.16,112.76,9.1,11345.0,112.9,2571987.0,196.7,120.04,37.5,45.6
1.1,0.2,58.6,2.0,10.0,2005,,22.0,135686.4,220.2,128.46,116.47,537.34,128.84,24.75,89.27,8.8,11694.0,113.6,2539430.0,186.0,132.9,43.5,43.8
1.0,0.2,50.2,2.2,9.7,2006,,22.0,173810.5,242.12,146.3,121.88,578.16,140.57,26.39,99.67,8.9,11816.0,108.64,2503510.0,178.6,148.74,31.5,45.6
1.2,0.2,52.8,2.5,6.9,2007,,22.0,223563.4,262.13,145.97,143.13,718.26,138.69,27.91,116.38,6.4,12080.0,107.8,2473024.0,173.5,157.76,22.3,42.5
1.3,0.3,53.4,3.5,8.2,2008,,22.0,259343.1,278.04,158.87,160.05,745.43,150.15,31.34,135.76,8.3,11595.0,113.52,2453455.0,161.1,166.0,22.656,41.836
1.4,0.3,51.6,3.8,8.5,2009,,22.0,265613.3,303.81,176.09,173.14,782.08,159.26,35.21,159.25,12.3,11711.0,115.37,2438910.0,144.8,181.11,19.208,41.744
1.5,0.4,59.0,4.1,9.8,2010,,22.0,302900.7,326.46,199.34,197.59,780.6,178.11,39.86,170.13,8.8,11766.0,108.84,2430765.0,144.2,195.82,17.5,37.5
1.54,0.4,63.39,4.51,10.75,2011,,22.0,332117.8,340.37,226.88,200.74,790.42,183.13,49.6,193.66,8.5,12141.0,108.05,2417358.0,142.2,215.2,13.2,37.3
1.5,0.4,70.4,4.8,11.0,2012,,22.0,368995.2,372.86,224.5,196.23,751.43,199.9,52.94,210.76,6.2,11028.0,103.85,2407230.0,157.2,274.81,10.3,33.6
1.4,0.4,64.6,4.4,8.7,2013,,22.0,416110.3,436.22,265.25,218.05,810.04,215.27,58.48,226.39,8.3,10919.0,106.33,2398751.0,179.4,362.22,8.2,36.7
1.0,0.3,52.5,4.1,5.5,2014,,22.0,447906.9,,300.59,236.43,901.33,230.47,67.07,244.7,7.2,10705.0,106.12,2390638.0,,501.61,7.203,33.462
1.2,0.3,54.3,4.3,5.5,2015,,22.0,,,381.78,260.44,1031.84,256.3,74.77,253.44,8.0,,114.69,2384812.0,,542.64,,
1.4,0.4,53.3,8.7,7.9,2003,,23.0,248565.5,,102.19,101.52,314.51,152.71,22.46,64.49,10.2,22097.0,110.7,5119857.0,142.5,117.83,14.4,31.4
1.1,0.3,58.3,8.8,8.0,2004,,23.0,313623.6,304.22,95.92,97.47,397.27,138.56,24.1,66.92,8.7,21644.0,112.2,5114905.0,140.9,133.49,14.1,28.3
1.1,0.3,60.4,8.9,8.1,2005,,23.0,372929.8,322.9,118.28,104.04,481.15,140.53,24.58,83.96,7.4,21690.0,112.3,5118903.0,140.7,148.18,13.7,27.7
1.1,0.5,59.3,8.3,7.2,2006,,23.0,483950.7,341.47,140.76,121.88,486.45,164.1,26.52,90.49,7.1,21979.0,109.29,5127251.0,137.6,164.99,10.9,25.7
1.1,0.5,65.5,8.2,7.2,2007,,23.0,648211.3,452.28,159.28,145.33,617.27,192.1,29.68,95.58,6.6,21836.0,107.36,5142911.0,136.7,182.35,8.4,25.7
1.3,0.6,67.4,8.7,7.4,2008,,23.0,803834.1,482.98,150.19,153.88,662.97,168.6,30.65,101.26,4.7,22034.0,110.51,5170686.0,133.0,197.8,8.418,23.617
1.4,0.6,58.2,7.8,6.4,2009,,23.0,861603.3,493.43,164.68,161.5,723.37,211.27,36.06,109.31,7.2,22348.0,114.23,5194439.0,129.5,217.55,6.542,23.334
1.5,0.6,55.2,6.7,6.2,2010,,23.0,1028308.4,513.73,186.56,182.9,740.94,228.37,41.36,121.27,6.7,21931.0,107.87,5214222.0,128.9,240.93,5.3,21.8
1.79,0.92,59.93,6.47,6.47,2011,,23.0,1244652.8,535.92,195.78,189.15,782.49,243.75,50.69,139.76,5.9,22159.0,106.77,5229998.0,128.0,268.19,5.0,19.3
1.7,0.9,63.1,5.7,5.8,2012,,23.0,1459490.8,584.12,204.77,188.57,785.35,256.47,56.08,142.48,5.6,21819.0,106.38,5284464.0,126.4,313.25,5.3,18.9
1.8,0.8,64.1,5.1,5.0,2013,,23.0,1662969.1,669.05,232.36,192.48,837.98,272.92,60.97,161.6,6.1,22247.0,105.9,5330181.0,130.9,397.39,3.9,17.9
1.7,0.7,66.8,5.6,4.2,2014,,23.0,1792048.2,,264.36,197.93,903.55,279.22,69.05,161.96,5.7,21953.0,105.5,5404273.0,,549.99,5.084,18.07
1.7,0.7,63.2,5.4,4.0,2015,,23.0,,,330.55,209.1,1049.29,299.07,81.3,187.41,6.0,,116.16,5453329.0,,583.14,,
1.3,0.6,72.3,5.6,15.5,2003,,24.0,272727.0,,96.37,132.6,496.5,125.65,25.2,105.86,9.2,14266.0,118.4,2961871.0,137.4,137.25,41.6,37.4
0.9,0.3,47.7,5.3,9.2,2004,,24.0,365454.1,274.0,101.87,148.39,564.12,121.13,31.14,103.75,8.0,14316.0,110.3,2931905.0,152.1,160.47,41.6,35.1
1.0,0.3,59.6,4.8,9.8,2005,,24.0,439736.9,314.91,118.52,145.21,585.69,126.78,30.52,113.88,9.5,14426.0,109.3,2901930.0,160.9,174.15,49.0,36.6
1.0,0.3,65.9,4.4,9.6,2006,,24.0,585881.9,331.11,127.19,152.22,634.62,126.31,31.24,117.19,8.7,14347.0,107.71,2869315.0,178.0,198.77,38.7,32.9
1.6,0.5,84.3,5.9,12.5,2007,,24.0,734154.8,347.32,169.86,180.01,841.07,145.75,33.64,110.56,7.6,14643.0,106.56,2845425.0,184.3,200.26,35.4,31.7
1.7,0.6,89.2,6.4,12.2,2008,,24.0,737950.5,347.62,162.64,193.36,900.01,152.39,35.86,113.84,6.4,14669.0,108.81,2837013.0,179.4,236.2,34.532,29.896
1.6,0.6,90.0,6.4,11.6,2009,,24.0,749194.8,388.08,197.95,195.92,1049.14,170.88,45.37,129.36,9.4,14831.0,111.58,2832591.0,169.1,246.73,28.77,29.082
1.8,0.7,85.9,6.5,11.3,2010,,24.0,1055525.0,379.47,188.56,220.33,1102.19,189.33,48.45,131.36,6.2,15180.0,107.8,2832854.0,176.1,262.92,28.0,25.0
1.73,0.75,79.04,6.22,10.98,2011,,24.0,1170827.2,392.5,212.16,226.76,1067.59,194.99,56.42,128.1,6.0,15028.0,106.51,2829105.0,174.6,277.79,22.7,23.3
1.7,0.8,77.5,6.1,10.8,2012,,24.0,1183228.0,498.05,291.66,262.98,1139.45,221.43,62.62,130.27,5.5,14120.0,105.74,2838396.0,180.7,328.76,23.7,22.6
1.7,0.8,73.9,5.4,9.4,2013,,24.0,1256934.1,593.75,371.59,289.67,1227.03,247.55,69.52,158.23,5.7,14445.0,106.05,2846475.0,182.0,415.48,18.2,22.2
1.6,0.8,61.3,4.8,6.7,2014,,24.0,1423247.4,,450.65,320.73,1183.43,261.69,76.94,139.1,5.0,14310.0,104.52,2852810.0,,557.63,12.01,16.982
1.8,0.8,60.0,4.7,6.7,2015,,24.0,,,502.42,364.08,1267.78,277.17,89.36,152.86,6.2,,112.48,2858773.0,,567.81,,
0.7,0.2,28.5,1.7,16.2,2003,,25.0,119333.7,,141.05,168.0,465.99,144.84,33.09,119.22,8.3,11061.0,112.8,2067342.0,201.9,131.15,18.9,39.2
1.2,0.3,45.4,2.8,13.8,2004,,25.0,152301.1,281.48,152.96,156.33,497.18,142.08,40.07,114.31,9.7,10793.0,110.8,2048582.0,203.6,153.38,21.2,34.0
1.6,0.6,53.7,5.2,15.9,2005,,25.0,186623.3,291.99,161.92,170.45,464.58,152.9,36.96,135.13,8.0,10726.0,112.4,2028377.0,212.0,164.33,18.4,36.0
1.7,0.6,59.6,4.6,14.8,2006,,25.0,215934.4,297.72,174.03,182.49,486.93,159.3,36.42,142.16,7.9,10611.0,109.24,2006536.0,225.7,181.08,9.9,29.7
1.9,0.7,66.8,4.9,13.5,2007,,25.0,259041.4,361.07,195.66,205.89,603.09,185.82,36.97,148.64,6.9,10419.0,107.12,1988580.0,244.7,191.3,6.9,33.0
2.1,0.7,78.4,5.3,12.6,2008,,25.0,316581.9,415.55,231.96,223.44,680.09,196.73,39.68,133.0,7.4,10328.0,110.43,1977392.0,230.8,193.8,6.125,28.766
2.3,0.8,69.8,5.6,11.7,2009,,25.0,368996.7,403.11,273.81,253.52,783.79,217.38,46.33,133.09,9.5,10416.0,113.29,1969602.0,203.9,207.08,7.607,27.406
2.7,0.8,70.8,5.5,11.1,2010,,25.0,470679.2,431.4,312.63,286.88,777.61,226.73,53.23,160.24,9.5,10291.0,108.89,1965178.0,190.1,217.54,10.6,27.4
2.72,0.82,72.22,6.03,10.91,2011,,25.0,549722.8,448.76,320.0,281.92,859.51,239.93,64.39,167.28,8.0,10951.0,106.26,1953545.0,193.8,256.75,10.8,24.7
2.3,0.8,67.3,6.7,11.2,2012,,25.0,557489.3,494.65,349.63,292.72,968.46,262.91,69.42,176.86,6.9,10731.0,105.88,1950483.0,224.2,321.4,8.8,24.5
2.3,0.9,67.5,5.9,11.4,2013,,25.0,577473.9,569.42,373.53,312.11,1014.27,284.16,75.78,191.52,7.1,10073.0,105.92,1947263.0,213.3,414.42,8.2,24.3
2.4,1.1,66.1,6.7,11.4,2014,,25.0,643464.9,,455.46,342.89,1161.16,294.84,86.88,190.46,6.9,10110.0,104.94,1938516.0,,524.47,7.49,23.503
2.6,1.1,66.4,6.2,11.8,2015,,25.0,,,512.99,406.27,1259.93,318.67,98.4,221.17,6.9,,115.41,1933308.0,,532.82,,
1.2,0.5,41.1,6.1,10.0,2003,,26.0,101382.6,,86.6,56.9,282.73,85.93,26.0,64.88,10.5,11677.0,112.9,2732502.0,108.2,121.22,9.8,21.7
1.3,0.5,46.8,6.2,7.8,2004,,26.0,122235.4,313.48,95.19,64.74,328.22,102.93,28.78,68.57,9.4,11835.0,113.9,2739065.0,111.9,138.76,8.0,19.5
1.5,0.5,60.6,6.8,8.0,2005,,26.0,146569.3,345.16,108.64,70.25,350.44,108.0,29.92,84.11,6.9,12326.0,110.5,2741116.0,110.1,161.08,5.8,19.3
1.4,0.6,72.0,7.3,6.3,2006,,26.0,181675.1,359.95,124.95,73.35,404.41,114.35,31.13,87.64,8.8,12216.0,108.01,2746873.0,107.7,174.43,5.5,15.6
1.4,0.6,66.1,6.8,6.6,2007,,26.0,222239.6,380.0,152.16,89.93,453.92,126.04,32.58,93.93,6.5,12405.0,107.07,2747079.0,112.3,204.41,3.2,14.4
1.5,0.7,65.5,6.8,6.0,2008,,26.0,274992.0,518.55,173.67,116.76,530.49,136.48,38.82,180.79,7.9,12091.0,112.39,2759676.0,101.7,229.3,3.769,15.779
1.6,0.8,63.6,6.4,5.0,2009,,26.0,277251.0,752.96,218.88,134.32,612.1,165.92,44.93,203.41,8.7,12867.0,115.8,2767618.0,100.8,241.8,2.473,15.835
1.5,0.8,66.5,5.4,4.4,2010,,26.0,330790.8,487.47,243.57,157.72,582.5,184.81,52.2,234.59,6.9,10990.0,107.82,2777696.0,99.3,261.4,2.1,12.3
2.01,0.94,65.12,5.97,5.14,2011,,26.0,396791.6,511.89,270.72,156.44,639.67,193.85,62.13,253.76,6.0,12464.0,107.42,2785524.0,98.7,285.66,1.6,10.4
2.1,1.0,63.1,5.5,5.3,2012,,26.0,431753.4,657.44,241.71,169.43,693.98,190.32,64.87,265.36,5.4,12513.0,104.5,2787030.0,104.4,328.96,1.6,11.6
1.9,0.9,60.0,4.5,4.5,2013,,26.0,480905.3,781.89,269.3,192.84,773.11,196.15,69.06,229.25,5.6,11833.0,104.81,2790785.0,104.1,414.44,1.2,9.9
1.4,0.6,59.3,4.8,3.0,2014,,26.0,541188.0,,403.54,200.42,809.95,201.64,76.07,250.17,5.3,12120.0,104.96,2794508.0,,528.36,0.715,9.439
1.4,0.6,57.5,4.6,3.0,2015,,26.0,,,442.64,220.01,842.44,212.34,88.36,290.54,5.6,,114.16,2799473.0,,553.61,,
0.7,0.4,47.4,3.8,15.2,2003,,27.0,116318.1,,113.4,126.39,556.23,151.98,30.97,,6.2,8251.0,115.3,1434242.0,163.6,116.23,13.6,49.5
0.9,0.4,53.4,4.3,14.6,2004,,27.0,133330.5,194.86,130.04,144.2,678.24,154.65,31.27,112.15,6.6,8269.0,113.8,1416224.0,187.7,139.78,11.5,49.5
1.0,0.5,70.5,4.9,15.6,2005,,27.0,161194.4,189.94,151.97,184.2,699.86,156.56,33.18,140.01,5.8,8322.0,113.6,1396800.0,165.7,151.12,10.1,47.3
1.4,0.6,85.7,4.3,14.4,2006,,27.0,194259.6,212.29,175.86,196.63,777.61,163.33,35.57,134.14,5.8,8292.0,109.64,1376260.0,192.2,165.53,6.6,45.9
2.1,0.7,93.7,5.0,14.9,2007,,27.0,231293.2,243.0,174.67,212.73,988.19,179.28,37.4,144.54,5.6,8204.0,107.63,1359894.0,190.3,168.94,2.8,42.2
2.9,1.1,99.6,6.5,16.8,2008,,27.0,269178.6,284.03,177.72,215.0,929.05,169.95,38.23,138.27,8.6,7994.0,109.71,1354848.0,178.1,198.1,3.065,40.918
2.9,0.9,94.7,6.2,15.5,2009,,27.0,276895.4,345.82,212.82,231.83,1197.2,191.26,44.89,146.55,10.2,8069.0,114.83,1351123.0,148.1,210.35,3.568,32.401
3.1,1.1,101.4,6.5,16.5,2010,,27.0,353590.3,353.73,233.56,230.14,1178.34,197.71,48.46,164.83,8.9,8200.0,107.58,1349230.0,145.5,222.37,2.9,32.4
3.08,1.09,104.94,5.79,16.87,2011,,27.0,399594.2,396.63,277.65,252.78,1079.39,204.63,59.13,173.61,6.6,8525.0,107.48,1342887.0,141.5,258.07,1.4,29.6
3.6,1.0,98.2,6.2,17.8,2012,,27.0,437994.3,415.43,337.05,249.53,979.6,230.74,67.51,162.66,6.4,8027.0,106.41,1342475.0,164.1,304.75,1.0,27.6
3.1,1.0,94.3,5.7,14.1,2013,,27.0,498067.2,503.67,367.51,268.15,1023.24,252.24,75.05,157.84,5.7,7762.0,105.47,1342083.0,166.3,418.79,1.3,25.6
3.0,0.9,90.9,5.7,12.0,2014,,27.0,549289.3,,429.95,348.73,1223.9,272.29,87.99,166.28,5.9,7550.0,105.7,1339912.0,,603.0,1.344,25.69
2.0,0.7,72.0,5.0,9.0,2015,,27.0,,,534.7,388.87,1505.47,290.81,99.04,211.23,5.3,,116.42,1338305.0,,632.22,,
0.6,0.2,40.4,5.3,17.4,2003,,28.0,53199.9,,90.27,104.85,378.17,104.71,30.67,93.18,9.8,5259.0,115.5,901044.0,155.0,112.7,78.1,63.0
0.6,0.2,44.8,5.2,18.1,2004,,28.0,64250.2,248.43,110.68,125.17,376.6,119.31,31.75,119.12,11.7,5255.0,112.6,887781.0,156.0,124.78,94.7,65.1
0.7,0.2,48.6,5.8,20.8,2005,,28.0,76861.2,267.28,118.95,128.27,395.02,126.83,34.96,118.98,9.9,5230.0,113.2,874018.0,158.5,147.62,79.3,59.5
0.8,0.3,54.8,5.9,19.3,2006,,28.0,95090.9,291.21,138.97,137.53,438.27,136.58,36.04,109.08,8.2,5266.0,107.95,861056.0,154.8,197.92,61.4,62.0
1.0,0.3,64.6,5.7,17.3,2007,,28.0,111761.2,334.31,142.79,151.56,523.89,156.15,37.47,112.07,6.1,5301.0,106.83,850502.0,159.7,210.91,46.4,60.3
1.2,0.5,71.1,6.5,13.8,2008,,28.0,131563.7,382.13,165.33,150.06,536.73,148.1,39.47,111.57,5.4,5116.0,109.98,844290.0,155.8,239.3,49.018,56.168
1.2,0.5,75.3,6.9,10.5,2009,,28.0,151118.6,424.84,171.34,178.36,614.31,190.76,43.25,117.36,8.3,5054.0,117.04,838869.0,134.7,253.13,39.997,55.3
1.6,0.6,75.8,7.6,11.6,2010,,28.0,178689.6,460.04,184.68,187.37,690.21,221.87,49.27,127.87,6.9,5204.0,107.06,834905.0,140.4,237.45,45.7,50.4
1.9,0.64,83.27,7.21,12.02,2011,,28.0,225401.7,486.38,197.94,189.41,710.36,218.03,58.25,132.26,6.0,5389.0,109.16,828660.0,149.9,286.32,30.4,51.6
1.9,0.6,75.8,5.8,13.3,2012,,28.0,229407.1,540.34,208.85,205.93,783.57,245.81,62.05,136.13,5.3,4935.0,105.79,821573.0,166.9,337.72,33.3,47.1
1.9,0.7,75.1,6.7,10.2,2013,,28.0,210700.9,618.01,237.46,238.75,835.99,262.35,67.45,146.31,6.1,4915.0,107.29,816910.0,183.5,458.59,28.4,44.8
1.8,0.6,64.0,6.1,8.3,2014,,28.0,235388.8,,240.74,246.0,945.46,273.96,77.68,181.27,5.6,4764.0,107.34,811274.0,,608.78,32.322,47.989
1.7,0.5,62.2,5.2,8.0,2015,,28.0,,,266.47,272.38,1076.63,302.33,88.02,187.15,5.8,,114.02,809873.0,,643.43,,
1.7,1.3,109.0,9.2,31.9,2003,,29.0,103951.3,,100.99,104.05,382.23,101.2,25.91,78.47,10.0,6940.0,112.7,1332655.0,190.2,110.89,59.4,54.6
1.3,0.5,51.8,7.0,18.5,2004,,29.0,142564.7,232.84,112.86,109.89,460.01,106.47,28.67,107.46,7.1,6842.0,112.5,1315549.0,199.8,135.05,60.5,54.3
1.3,0.6,45.6,7.6,17.6,2005,,29.0,166433.4,275.22,122.86,122.73,530.83,110.24,31.68,117.5,5.5,6817.0,109.7,1299218.0,200.4,148.56,53.2,51.9
1.4,0.7,43.1,8.6,16.9,2006,,29.0,215932.7,300.65,134.9,129.33,566.9,117.0,34.61,131.85,5.8,6808.0,107.87,1281838.0,209.5,165.11,44.8,46.7
1.6,0.8,40.3,10.1,15.6,2007,,29.0,268672.1,331.77,147.82,142.88,666.87,131.45,37.6,162.22,5.4,7078.0,108.45,1266667.0,219.8,178.66,26.8,50.5
1.6,0.9,38.9,10.7,16.6,2008,,29.0,289755.9,353.87,153.14,149.49,733.82,137.98,40.49,159.89,6.8,6842.0,111.9,1257164.0,200.1,182.6,38.675,44.832
2.1,1.1,38.7,11.3,15.9,2009,,29.0,323606.8,385.13,189.42,165.83,748.29,154.03,46.12,185.98,7.2,6818.0,114.94,1246204.0,198.2,189.64,39.42,37.513
2.6,1.2,40.2,12.0,16.2,2010,,29.0,372804.8,436.72,205.7,188.96,826.44,167.74,51.24,228.76,6.9,6928.0,107.16,1237493.0,186.6,198.2,33.9,39.1
2.59,1.24,41.6,12.23,16.64,2011,,29.0,439116.8,429.69,264.41,203.4,893.71,187.17,61.05,239.24,5.9,6868.0,107.82,1224880.0,187.9,234.58,27.1,39.7
2.4,1.2,46.1,10.4,16.1,2012,,29.0,472470.9,523.89,302.25,225.5,926.92,194.88,71.53,254.08,5.4,6587.0,105.41,1213533.0,180.1,294.6,21.4,35.8
2.3,1.1,49.5,9.2,14.4,2013,,29.0,500095.1,639.76,375.26,241.77,966.38,215.43,77.81,267.94,6.1,6495.0,105.25,1202295.0,175.3,393.87,23.1,34.6
2.0,1.0,63.9,10.8,12.8,2014,,29.0,540133.6,,465.42,262.52,1061.99,257.46,88.2,293.23,7.2,6604.0,106.27,1191785.0,,490.69,24.672,30.23
1.9,1.0,55.8,10.1,12.3,2015,,29.0,,,502.91,324.38,1120.91,272.59,102.56,352.32,6.8,,116.71,1183323.0,,507.92,,
0.9,0.2,48.3,4.5,12.4,2003,,30.0,50659.8,,85.51,75.48,435.76,101.9,27.54,56.76,10.0,6590.0,114.1,1004780.0,123.6,101.88,25.5,39.8
0.9,0.2,58.0,4.8,12.9,2004,,30.0,56710.9,252.76,91.87,74.22,556.97,107.77,27.58,54.7,11.6,6647.0,111.2,1006073.0,128.4,116.14,22.2,38.9
0.8,0.2,61.9,4.2,11.0,2005,,30.0,70127.6,265.6,98.24,78.33,621.11,105.5,28.53,57.35,12.2,6586.0,114.3,1006467.0,128.4,128.01,13.7,36.2
0.7,0.2,59.8,3.9,9.6,2006,,30.0,85112.1,277.23,96.94,81.15,697.09,113.94,30.69,55.12,7.9,6670.0,110.39,1002517.0,128.5,156.85,12.6,36.1
0.9,0.3,64.0,4.1,9.6,2007,,30.0,100359.2,302.64,121.07,95.66,723.61,135.56,30.93,96.95,8.7,6659.0,110.98,1001300.0,128.8,161.88,10.2,35.9
0.9,0.4,67.5,5.0,9.1,2008,,30.0,147549.1,295.68,147.38,99.92,733.5,141.05,31.31,103.11,7.4,6735.0,112.84,1005897.0,127.4,176.6,6.38,32.102
0.9,0.4,74.0,5.9,8.7,2009,,30.0,134418.2,325.35,172.06,147.56,775.4,165.89,35.57,126.55,9.9,6863.0,114.56,1009926.0,126.7,180.79,14.908,31.704
1.0,0.5,77.1,6.1,9.2,2010,,30.0,144888.8,279.53,172.52,151.82,763.43,173.9,41.61,123.23,8.2,6886.0,107.69,1011120.0,122.0,200.17,15.3,25.9
0.97,0.56,77.01,4.92,8.74,2011,,30.0,172616.6,297.07,167.72,164.1,757.47,188.34,53.83,130.68,8.8,7136.0,106.24,1009801.0,168.3,230.01,8.9,22.7
1.1,0.7,79.7,4.7,9.5,2012,,30.0,209654.4,324.53,181.93,180.76,681.35,212.6,59.99,135.56,7.9,6664.0,105.6,1014972.0,173.8,289.73,1.5,6.9
1.0,0.6,79.1,4.2,7.3,2013,,30.0,273917.1,483.97,280.86,200.98,876.44,242.79,68.14,149.1,7.5,6689.0,105.65,1013840.0,177.9,372.83,0.2,1.3
1.0,0.7,62.9,5.1,5.8,2014,,30.0,288951.6,,250.56,215.97,955.93,242.17,70.96,181.7,7.5,6573.0,104.34,1016516.0,,508.72,0.0,1.374
0.9,0.7,58.0,4.9,5.2,2015,,30.0,,,352.07,268.82,1061.25,245.78,84.78,185.16,7.5,,114.69,1021287.0,,562.27,,
0.9,0.1,25.8,2.7,9.7,2003,,31.0,76054.5,,128.99,114.75,482.29,104.63,22.49,55.65,8.3,5883.0,112.0,1511899.0,109.8,116.35,18.7,29.0
1.1,0.1,35.1,3.1,10.0,2004,,31.0,114409.3,282.7,140.6,126.41,482.7,111.83,26.12,56.0,6.2,5925.0,111.7,1513860.0,120.6,140.42,18.6,27.1
1.2,0.1,43.6,2.9,11.1,2005,,31.0,144987.8,294.74,162.61,112.82,515.46,112.39,29.24,63.16,5.9,5990.0,112.6,1511662.0,123.0,158.37,15.2,23.4
1.4,0.1,46.5,2.7,12.4,2006,,31.0,178846.1,318.85,181.54,129.97,524.02,129.19,31.07,67.33,5.6,6167.0,108.91,1511715.0,121.9,182.33,14.7,21.4
1.6,0.2,55.6,4.5,11.0,2007,,31.0,237013.3,383.75,201.76,138.36,624.28,154.57,37.16,68.05,4.3,6241.0,108.64,1514153.0,121.2,190.86,8.3,20.9
1.2,0.3,57.9,5.6,10.1,2008,,31.0,317656.3,418.9,168.79,137.68,586.65,153.87,33.79,114.77,3.9,6193.0,112.44,1520102.0,110.8,216.1,9.395,21.023
0.9,0.3,44.9,4.2,9.3,2009,,31.0,304345.3,427.56,188.94,157.25,580.2,192.31,39.55,110.24,4.7,6221.0,114.18,1526258.0,101.2,239.93,10.605,18.788
0.9,0.4,35.6,3.0,6.5,2010,,31.0,398361.4,617.47,195.97,171.69,661.7,205.24,43.67,120.83,5.2,6189.0,106.75,1531781.0,94.6,266.05,6.6,17.4
1.18,0.56,35.87,3.6,7.25,2011,,31.0,507839.8,702.96,224.9,171.13,737.19,222.76,53.33,133.57,4.3,6165.0,107.52,1532353.0,95.8,284.64,7.7,18.0
1.3,0.7,39.5,3.3,7.0,2012,,31.0,545517.2,632.05,262.5,189.39,806.61,241.94,58.5,144.09,3.7,6276.0,103.9,1536073.0,89.0,352.32,7.7,17.3
1.3,0.6,45.7,3.1,6.6,2013,,31.0,569006.4,698.59,268.24,200.47,916.91,266.78,60.25,160.25,4.0,6283.0,105.85,1540985.0,83.9,405.1,8.2,17.0
1.2,0.3,55.5,3.0,5.2,2014,,31.0,619388.1,,323.9,222.24,1010.96,294.95,66.23,177.04,4.0,6307.0,105.14,1544108.0,,483.06,7.503,15.911
1.2,0.4,58.1,3.1,4.9,2015,,31.0,,,415.47,245.46,1064.8,318.07,77.33,194.1,4.1,,112.73,1547936.0,,500.43,,
0.5,0.1,33.9,4.0,8.7,2003,,32.0,43700.3,,127.28,128.62,618.36,115.11,28.42,76.67,7.4,5016.0,112.9,1375004.0,118.7,106.4,23.0,28.4
0.5,0.1,32.5,5.7,8.6,2004,,32.0,51003.4,235.1,140.48,142.48,637.11,119.3,28.77,89.61,8.9,4991.0,112.9,1360249.0,125.1,131.61,29.5,28.4
0.6,0.2,33.6,6.1,8.6,2005,,32.0,66692.3,258.29,137.65,154.69,644.55,124.23,30.16,102.81,6.8,4838.0,111.9,1344132.0,133.6,141.64,35.6,31.3
0.9,0.2,46.3,7.5,10.9,2006,,32.0,82100.4,278.58,146.79,153.0,670.81,130.01,34.9,110.68,6.8,4831.0,109.09,1327652.0,132.6,157.51,30.8,27.8
1.1,0.2,60.4,7.5,9.6,2007,,32.0,102706.2,308.69,167.12,184.98,757.4,135.56,39.59,112.72,6.4,4790.0,108.69,1312748.0,131.0,174.08,19.2,24.8
1.2,0.3,56.7,9.1,10.2,2008,,32.0,125834.4,346.39,193.57,212.79,843.17,143.42,43.36,127.7,6.5,4700.0,114.5,1303343.0,128.2,205.8,30.596,21.548
1.4,0.3,55.0,10.5,10.5,2009,,32.0,126477.4,398.57,205.51,241.37,922.91,151.54,48.74,134.46,10.7,4748.0,114.55,1294251.0,126.9,216.25,37.348,21.066
1.6,0.4,53.2,9.7,10.8,2010,,32.0,147024.0,463.47,236.41,206.18,820.49,156.0,46.99,109.13,8.0,4620.0,110.37,1286540.0,120.8,216.95,34.2,18.9
1.69,0.43,49.13,9.96,10.56,2011,,32.0,174211.8,489.23,287.11,219.28,936.96,166.04,56.29,128.24,7.1,4570.0,108.88,1275354.0,123.9,242.65,30.6,19.1
1.6,0.5,50.9,8.4,10.0,2012,,32.0,207397.5,549.39,303.12,232.82,986.46,176.34,62.19,125.85,5.1,4600.0,105.32,1264416.0,115.1,307.03,33.4,19.4
1.6,0.5,42.4,7.5,7.8,2013,,32.0,219502.8,632.99,358.46,249.61,1094.51,197.26,64.94,110.41,5.2,4561.0,107.33,1253666.0,119.1,386.51,30.0,16.0
1.4,0.5,46.9,8.5,6.4,2014,,32.0,243026.0,,389.68,275.97,1128.91,200.53,74.74,133.98,5.0,4569.0,105.91,1242599.0,,571.96,14.865,16.642
1.3,0.5,55.0,8.6,6.9,2015,,32.0,,,437.36,308.09,1218.6,218.83,81.87,140.84,4.6,,116.42,1232940.0,,582.16,,
0.9,0.2,43.7,3.2,15.4,2003,,33.0,61818.6,,66.72,85.07,381.7,97.15,19.91,72.71,10.2,5234.0,115.3,1520057.0,214.5,113.41,31.5,42.5
1.0,0.2,54.0,3.7,17.3,2004,,33.0,74207.0,176.09,85.95,92.23,518.08,97.61,23.34,79.79,9.1,5151.0,113.5,1509571.0,215.4,131.11,37.6,41.3
1.3,0.3,50.6,3.4,16.9,2005,,33.0,86926.8,233.21,96.1,101.62,613.93,103.77,27.65,96.71,9.0,5002.0,110.9,1497598.0,219.2,138.58,32.2,37.2
1.3,0.3,51.4,4.4,15.3,2006,,33.0,112841.7,258.48,125.18,121.16,619.9,114.9,29.21,101.26,10.8,5016.0,107.18,1486453.0,239.0,154.55,32.7,32.3
1.4,0.4,51.7,6.9,12.6,2007,,33.0,146663.0,296.49,192.03,148.06,863.0,125.7,32.7,116.28,6.7,4985.0,107.67,1475861.0,252.6,169.66,23.7,32.0
1.3,0.6,52.6,8.6,11.7,2008,,33.0,175395.7,364.98,215.81,181.21,758.21,139.46,36.96,161.71,5.7,4905.0,113.21,1466743.0,230.3,197.3,24.228,28.589
1.3,0.6,51.4,8.5,11.7,2009,,33.0,185824.6,411.52,241.13,194.66,856.28,155.98,41.47,183.87,8.7,4844.0,113.32,1457937.0,220.5,211.01,17.144,29.688
1.4,0.6,49.0,9.0,12.0,2010,,33.0,224759.2,437.95,259.21,242.32,934.68,171.15,49.08,219.95,6.1,4767.0,106.68,1449773.0,231.0,226.99,11.8,26.8
1.48,0.64,46.74,8.43,12.26,2011,,33.0,261222.6,468.96,278.17,237.31,879.85,166.48,59.95,226.11,5.7,4977.0,107.71,1441129.0,230.6,259.01,11.9,25.2
1.5,0.7,46.6,8.0,11.9,2012,,33.0,286018.6,466.52,307.39,238.53,883.93,172.2,64.56,237.54,4.4,4792.0,105.68,1431932.0,221.3,306.46,20.0,21.9
1.6,0.8,45.8,7.2,10.9,2013,,33.0,306641.4,625.84,334.06,244.74,964.27,186.55,72.68,252.45,3.8,4790.0,105.65,1421742.0,211.2,395.39,13.3,23.0
1.0,0.7,51.4,9.6,7.9,2014,,33.0,327885.3,,377.86,255.66,1145.59,206.08,82.64,253.97,4.3,4752.0,106.16,1413321.0,,522.3,16.956,23.483
1.0,0.8,52.4,9.2,8.1,2015,,33.0,,,431.16,294.08,1267.76,223.12,93.77,340.16,5.6,,118.56,1405613.0,,518.58,,
1.8,0.5,46.7,2.7,13.2,2003,,34.0,128622.2,,79.33,107.3,458.24,89.11,23.45,104.94,11.1,12600.0,110.0,2694232.0,120.7,116.03,15.9,27.0
1.9,0.5,55.3,3.3,12.5,2004,,34.0,154337.7,249.27,94.81,111.73,581.44,101.6,25.96,118.27,9.3,12759.0,111.1,2672392.0,124.1,142.88,14.5,28.2
2.0,0.4,53.4,3.5,11.5,2005,,34.0,203232.2,256.27,95.88,115.17,605.39,108.79,27.04,119.98,6.7,12711.0,114.7,2656212.0,124.4,161.93,12.7,26.1
1.9,0.4,60.3,3.3,9.5,2006,,34.0,252142.7,297.84,109.05,116.43,607.52,118.71,29.28,141.97,8.6,12953.0,109.83,2640392.0,118.1,173.62,11.8,25.5
1.9,0.4,74.6,4.9,8.6,2007,,34.0,331766.8,315.52,123.18,121.56,708.24,134.7,31.08,150.72,6.3,13227.0,106.7,2629959.0,123.9,200.36,8.2,25.1
1.5,0.5,91.8,5.9,7.3,2008,,34.0,416678.5,371.88,128.11,95.29,781.33,140.47,34.32,160.69,8.2,13230.0,111.58,2623128.0,121.3,209.7,4.34,21.046
1.7,0.5,76.7,5.1,7.6,2009,,34.0,377514.3,398.44,149.79,117.85,811.15,153.29,39.83,172.04,10.3,13220.0,114.55,2618062.0,116.5,222.76,3.045,21.469
1.6,0.5,66.1,5.0,6.9,2010,,34.0,433473.7,429.0,166.65,131.23,813.3,168.08,46.71,203.91,8.0,13170.0,107.1,2614165.0,116.7,205.21,2.2,17.3
1.66,0.6,67.13,4.82,6.59,2011,,34.0,508433.3,452.5,194.04,157.76,811.67,180.39,54.11,209.17,6.9,13107.0,107.47,2607505.0,114.0,235.75,1.7,13.0
1.7,0.5,71.6,4.5,5.9,2012,,34.0,571516.1,494.27,229.02,188.44,776.6,194.24,59.72,216.44,6.0,12202.0,104.82,2594825.0,117.9,299.15,2.4,13.8
1.7,0.5,78.4,4.6,4.7,2013,,34.0,607472.2,621.02,260.46,193.99,877.15,221.87,63.99,233.84,6.6,12372.0,104.52,2583002.0,111.0,377.49,2.2,12.9
1.6,0.5,72.7,5.5,3.6,2014,,34.0,715050.4,,291.96,201.85,1033.13,222.56,70.73,232.86,6.6,12333.0,104.32,2569126.0,,468.62,1.756,13.03
1.5,0.5,69.5,4.8,3.6,2015,,34.0,,,335.73,219.88,1097.03,223.51,86.48,249.09,7.2,,116.03,2557397.0,,467.07,,
0.4,0.6,61.7,18.1,24.6,2003,,35.0,107544.6,,82.96,114.58,451.4,106.28,20.87,78.74,4.9,4257.0,113.1,1266848.0,147.5,110.53,47.9,52.2
0.6,0.7,85.1,14.2,26.7,2004,,35.0,161378.6,416.19,101.3,126.42,514.57,112.52,22.65,71.89,6.4,4257.0,111.8,1255924.0,165.6,136.97,52.5,46.9
0.6,0.7,89.2,10.6,21.9,2005,,35.0,193966.1,432.72,110.77,150.96,597.7,129.67,28.92,78.5,5.2,4357.0,111.3,1245769.0,242.0,149.59,38.8,39.2
0.8,0.6,85.2,7.7,17.5,2006,,35.0,201939.2,448.44,128.02,159.49,622.26,132.24,34.14,89.3,5.4,4359.0,107.52,1234940.0,241.0,162.7,25.7,40.9
0.8,0.4,86.3,9.4,16.2,2007,,35.0,243336.3,504.04,159.76,182.68,767.79,142.46,35.7,103.17,4.0,4344.0,107.69,1225780.0,227.9,179.52,17.5,35.2
1.1,0.6,89.5,10.1,17.5,2008,,35.0,294926.2,406.83,189.29,191.02,835.02,150.19,43.12,116.94,5.6,4395.0,111.85,1219775.0,196.6,204.6,15.239,26.463
1.3,0.5,84.8,12.9,15.2,2009,,35.0,213396.9,522.96,212.17,181.23,854.94,163.02,49.98,143.11,7.8,4307.0,114.72,1214135.0,174.2,225.87,18.751,29.36
0.9,0.4,85.9,9.2,12.9,2010,,35.0,262432.7,527.1,256.93,238.83,1008.84,179.36,57.64,116.34,7.8,4155.0,105.57,1208364.0,173.7,239.61,17.3,25.6
1.29,0.64,88.83,10.34,15.44,2011,,35.0,323067.9,521.87,279.4,251.66,1005.47,189.88,68.57,137.99,7.3,4170.0,108.6,1201190.0,170.7,277.17,13.5,24.2
1.3,0.8,108.6,9.8,14.9,2012,,35.0,355291.3,668.45,316.93,245.7,1091.99,222.38,70.34,147.94,5.8,4226.0,105.66,1198546.0,165.9,336.06,13.3,20.5
1.3,0.7,92.0,8.2,12.9,2013,,35.0,346227.6,921.71,353.93,254.08,1243.44,241.22,77.88,144.47,6.1,4137.0,105.01,1196196.0,157.6,410.56,15.7,23.0
1.2,0.6,63.7,10.0,11.1,2014,,35.0,388402.8,,391.04,266.57,1176.0,251.09,85.89,147.54,5.6,4187.0,105.82,1193371.0,,555.77,14.763,20.383
1.1,0.7,53.6,10.3,11.3,2015,,35.0,,,507.38,335.29,1269.16,270.21,96.77,170.05,6.8,,115.64,1191010.0,,560.06,,
1.1,0.3,38.2,3.1,10.8,2003,,36.0,100143.3,,56.97,97.98,420.24,96.61,20.38,49.32,8.3,12133.0,111.7,2374461.0,125.3,120.4,21.9,21.5
1.3,0.4,41.2,3.4,12.6,2004,,36.0,117197.6,259.21,67.79,97.35,482.54,105.74,23.6,53.8,8.7,12375.0,113.7,2367457.0,152.3,130.52,22.9,24.4
1.4,0.3,48.0,3.5,13.8,2005,,36.0,133586.6,280.36,70.04,105.72,524.51,111.99,26.38,61.38,7.6,12529.0,109.7,2364932.0,169.5,145.31,13.6,22.2
1.4,0.4,62.3,3.7,11.1,2006,,36.0,166176.5,288.81,81.02,111.47,552.29,111.84,28.32,66.7,5.4,12455.0,107.89,2360912.0,174.6,150.03,21.1,22.2
1.5,0.5,74.3,4.7,11.9,2007,,36.0,222811.9,309.93,88.53,114.5,617.16,121.14,29.7,72.42,5.2,12538.0,106.34,2353805.0,197.1,171.34,31.4,20.9
1.4,0.6,78.3,5.5,12.9,2008,,36.0,287072.1,374.51,113.3,129.37,825.88,129.16,36.35,84.9,5.2,11931.0,114.27,2344413.0,178.2,183.1,21.844,18.328
1.8,0.6,73.9,7.1,13.0,2009,,36.0,301729.1,371.9,110.29,148.18,862.63,140.33,40.12,93.97,8.6,12244.0,115.42,2338997.0,167.8,207.65,14.432,19.507
1.9,0.5,71.4,6.6,9.4,2010,,36.0,346568.2,404.56,138.32,169.04,928.6,159.47,45.76,108.17,7.5,12274.0,107.8,2334895.0,167.6,225.1,15.2,15.2
1.9,0.44,81.01,6.02,8.41,2011,,36.0,474973.9,484.59,157.65,176.29,928.4,169.85,53.81,107.99,6.4,12581.0,107.75,2334809.0,165.5,247.11,14.4,15.4
2.0,0.6,83.3,7.5,8.5,2012,,36.0,563965.4,539.81,173.89,176.08,783.84,178.99,59.12,128.16,5.5,12663.0,104.15,2331506.0,168.2,350.44,14.8,15.2
2.3,0.5,85.2,7.0,8.0,2013,,36.0,611720.4,639.23,193.2,193.2,820.77,209.91,64.7,138.2,4.7,12614.0,106.25,2330377.0,164.1,427.06,18.5,17.4
1.6,0.6,63.9,5.8,4.9,2014,,36.0,709068.3,,278.74,234.12,971.05,213.3,72.14,140.65,4.5,12603.0,106.66,2328959.0,,604.53,19.099,16.824
1.7,0.6,65.0,5.7,5.4,2015,,36.0,,,441.75,250.49,1064.53,222.22,84.91,160.2,4.5,,114.96,2331147.0,,607.95,,
0.6,0.2,61.6,5.2,15.4,2003,,37.0,33214.6,,122.56,77.82,398.73,97.0,20.25,48.94,6.5,5897.0,114.7,1144540.0,205.8,113.08,28.2,45.6
0.7,0.4,68.1,8.0,17.3,2004,,37.0,40159.4,286.8,124.22,88.4,473.78,97.71,24.38,47.85,4.7,5771.0,112.0,1131027.0,191.6,131.86,29.0,41.7
1.0,0.4,76.6,9.0,12.5,2005,,37.0,44415.4,308.15,165.14,97.98,522.21,110.39,26.02,75.02,6.9,5621.0,108.7,1116739.0,211.7,138.38,23.9,37.0
1.0,0.4,99.9,10.7,11.1,2006,,37.0,55090.0,326.83,160.33,105.83,537.93,114.98,28.24,77.64,4.2,5657.0,107.23,1101862.0,213.3,161.8,21.5,35.3
1.3,0.4,106.2,8.9,13.5,2007,,37.0,74752.0,399.71,185.23,155.74,825.6,119.87,27.63,88.46,4.3,5563.0,110.27,1089837.0,226.1,173.21,17.0,35.4
1.3,0.4,104.5,11.0,11.7,2008,,37.0,86980.3,470.15,242.44,180.34,739.06,124.59,38.03,114.75,5.2,5472.0,114.88,1081112.0,215.3,200.4,22.112,32.982
1.3,0.5,100.2,10.9,10.8,2009,,37.0,87061.9,462.41,300.36,199.72,748.92,156.46,47.54,150.36,10.8,5449.0,116.32,1074309.0,190.3,212.45,33.931,30.94
1.5,0.5,86.4,9.5,10.2,2010,,37.0,109884.5,501.41,363.59,244.86,740.78,168.93,51.72,166.73,7.6,5504.0,106.02,1067788.0,185.2,232.65,27.6,27.5
1.57,0.57,88.42,9.71,11.14,2011,,37.0,128905.4,478.18,358.46,243.57,798.99,177.41,61.51,183.01,6.6,5749.0,109.12,1060109.0,189.5,274.72,21.8,29.0
1.7,0.6,92.8,9.2,11.9,2012,,37.0,136115.0,540.12,376.76,281.77,838.17,198.67,67.23,189.57,6.3,5533.0,106.42,1054040.0,191.9,330.39,20.7,25.7
1.7,0.6,84.7,8.8,9.3,2013,,37.0,158228.7,628.75,434.5,293.88,919.2,210.98,73.4,201.79,5.2,4929.0,106.72,1048961.0,185.5,430.16,15.1,22.4
1.0,0.6,71.6,8.2,7.0,2014,,37.0,151047.0,,495.01,272.98,1083.32,223.86,82.68,220.68,4.3,4996.0,105.96,1043130.0,,540.6,11.923,23.846
1.1,0.6,72.8,7.5,7.8,2015,,37.0,,,588.86,319.54,1174.48,247.56,93.97,254.76,5.6,,117.47,1036909.0,,566.86,,
1.0,0.3,51.5,7.4,10.2,2003,,38.0,167927.1,,97.56,111.11,319.12,115.59,29.36,105.57,11.2,12240.0,113.6,2577702.0,160.7,137.21,49.6,58.0
1.5,0.7,54.7,5.5,22.7,2004,,38.0,213244.2,383.09,114.33,122.32,368.08,117.04,30.75,103.98,10.3,12010.0,110.6,2552298.0,167.2,153.79,43.8,56.9
1.7,0.9,58.4,7.0,23.0,2005,,38.0,258095.5,436.39,112.76,120.84,471.27,123.12,33.16,116.81,9.8,11841.0,108.0,2524080.0,167.9,169.01,39.0,55.2
1.5,1.0,68.4,7.2,23.0,2006,,38.0,330834.3,475.94,120.7,113.35,571.91,123.34,33.0,110.65,8.5,11619.0,107.17,2492143.0,167.6,191.43,28.7,50.0
1.1,0.3,76.7,5.4,11.6,2007,,38.0,402654.7,494.34,157.3,134.61,665.23,147.85,35.44,130.04,8.0,12202.0,109.06,2467383.0,183.2,208.32,16.1,50.7
1.5,0.5,84.1,6.5,12.0,2008,,38.0,438852.4,549.23,160.44,142.37,681.82,160.29,39.25,139.15,8.5,12174.0,112.77,2455410.0,163.3,227.7,11.849,46.916
1.3,0.4,92.2,6.3,11.4,2009,,38.0,458774.9,453.97,190.22,167.29,802.91,177.89,46.96,155.82,10.8,12390.0,114.17,2448287.0,150.8,221.46,13.378,44.606
1.3,0.5,85.4,6.5,11.4,2010,,38.0,546141.0,495.34,217.48,184.4,865.39,184.18,52.0,121.36,10.1,12107.0,107.44,2440391.0,141.1,251.66,13.0,43.0
1.4,0.51,77.29,6.1,10.98,2011,,38.0,634561.4,559.41,231.06,217.35,914.2,202.58,59.84,113.73,9.1,12346.0,109.34,2427954.0,148.5,293.56,11.2,43.9
1.5,0.6,71.7,6.3,10.8,2012,,38.0,737971.6,640.85,244.08,240.09,969.46,218.34,65.29,115.66,7.8,12436.0,106.94,2424355.0,141.1,368.44,9.0,38.8
1.5,0.6,71.6,5.8,9.4,2013,,38.0,805197.5,705.94,291.8,258.54,1025.44,231.24,72.55,131.43,8.3,11623.0,106.45,2422026.0,141.1,445.59,10.3,31.4
1.5,0.6,73.2,6.2,7.7,2014,,38.0,907400.8,,353.88,279.73,1129.34,263.55,84.47,145.96,8.8,11828.0,104.62,2418348.0,,590.47,7.242,23.463
1.5,0.5,66.9,6.2,7.2,2015,,38.0,,,359.08,349.5,1255.46,274.81,93.43,165.63,8.2,,112.64,2414913.0,,608.24,,
1.4,1.1,80.8,11.3,20.0,2003,,39.0,46757.7,,87.58,76.79,290.08,92.37,21.45,34.67,7.5,3381.0,117.5,954093.0,135.8,121.6,65.9,34.5
1.4,1.0,84.2,12.7,20.0,2004,,39.0,66552.1,196.34,97.54,81.33,362.94,97.58,26.64,44.54,6.6,3398.0,111.7,947887.0,147.7,132.39,65.9,33.4
1.5,1.0,70.5,11.0,15.9,2005,,39.0,81837.6,232.6,98.87,85.71,407.25,104.39,31.06,45.42,6.5,3339.0,111.1,942098.0,150.6,146.36,66.2,33.4
1.4,1.0,82.4,11.6,16.9,2006,,39.0,103138.7,263.75,119.34,81.19,442.16,106.44,32.96,46.98,4.4,3456.0,107.77,936574.0,146.6,161.3,47.8,27.1
1.6,0.9,73.8,12.3,17.3,2007,,39.0,143927.7,275.25,114.96,95.54,535.4,129.46,34.11,52.49,3.4,3420.0,106.99,934330.0,146.4,174.01,40.1,29.0
2.0,1.7,67.2,9.3,14.7,2008,,39.0,179266.7,302.48,135.29,107.41,618.11,146.72,35.76,60.11,8.6,3316.0,112.06,935297.0,146.1,193.5,40.432,24.003
1.9,1.6,62.7,7.6,10.5,2009,,39.0,169519.6,304.29,160.99,138.35,674.13,169.93,44.53,74.7,10.9,3260.0,117.14,936613.0,142.5,202.69,33.382,26.023
2.0,1.9,57.6,8.6,15.6,2010,,39.0,195749.1,324.06,153.62,150.4,691.34,186.25,52.46,115.9,10.3,3248.0,106.39,938633.0,138.3,236.6,28.5,23.5
2.03,2.13,56.95,7.98,14.65,2011,,39.0,241004.8,387.9,172.65,152.75,707.34,198.51,62.11,139.92,9.1,3354.0,106.33,941823.0,140.7,298.8,23.1,18.5
1.7,2.3,61.0,8.6,14.8,2012,,39.0,265361.2,426.07,186.88,179.93,762.74,223.43,66.52,151.76,7.4,3965.0,107.08,946796.0,139.6,366.54,16.4,17.6
1.9,2.1,57.6,6.9,13.2,2013,,39.0,275885.8,746.46,212.34,201.31,837.34,250.78,77.55,156.44,5.6,4234.0,105.88,954773.0,136.4,497.67,23.6,20.2
1.5,1.2,36.9,6.9,7.7,2014,,39.0,306232.8,,272.96,239.33,999.74,276.08,86.56,175.23,5.4,4141.0,105.57,963128.0,,589.91,24.015,20.806
1.6,1.0,36.4,7.1,7.3,2015,,39.0,,,320.66,257.49,1178.32,317.96,97.91,202.99,5.7,,119.41,968944.0,,654.08,,
0.9,0.3,71.2,3.0,9.0,2003,,40.0,48792.7,,116.69,89.5,356.05,98.36,24.01,51.52,6.1,4108.0,114.3,1038614.0,179.6,132.03,34.0,30.2
1.3,0.3,86.7,4.0,11.4,2004,,40.0,57993.8,139.57,129.98,93.93,452.64,108.77,27.07,62.16,6.3,4035.0,114.0,1031655.0,180.0,148.1,40.0,30.0
1.6,0.3,64.1,3.8,13.9,2005,,40.0,70953.9,183.81,132.41,97.68,593.34,111.32,29.44,65.48,5.6,3967.0,111.2,1027581.0,178.4,159.51,43.8,26.8
3.0,0.4,96.6,5.9,11.3,2006,,40.0,86150.5,197.35,143.71,102.49,621.19,108.01,30.82,74.04,5.6,3977.0,108.11,1023341.0,174.0,166.01,39.9,24.7
2.3,0.5,71.4,6.4,11.8,2007,,40.0,111869.0,206.65,187.82,107.45,602.95,116.25,32.74,85.78,5.0,3910.0,108.7,1020141.0,193.6,180.95,25.7,22.3
1.9,0.7,64.6,7.7,10.8,2008,,40.0,150394.4,232.35,166.68,111.38,602.24,126.18,35.94,98.5,4.6,3953.0,114.47,1017726.0,170.5,205.3,24.396,21.907
1.5,0.8,50.1,7.4,10.2,2009,,40.0,154946.1,276.81,191.93,131.67,629.69,147.28,42.48,120.03,6.1,4069.0,116.44,1015597.0,174.2,235.55,27.04,22.75
1.6,0.8,53.7,8.9,11.2,2010,,40.0,188601.3,285.75,224.2,153.46,634.61,153.7,47.2,139.18,6.7,3992.0,107.77,1014996.0,173.7,246.46,23.7,21.0
1.78,0.86,57.93,9.26,11.62,2011,,40.0,234749.0,311.74,243.17,163.03,696.95,162.97,54.26,149.29,5.6,4025.0,107.77,1009191.0,181.1,238.42,19.3,16.8
2.0,0.9,64.0,9.3,11.9,2012,,40.0,285256.6,333.69,258.45,201.98,743.4,177.28,59.07,156.14,4.3,4066.0,106.59,1008229.0,212.5,295.67,18.8,15.1
1.7,0.9,52.3,8.6,11.7,2013,,40.0,292841.0,460.52,324.45,206.29,791.24,193.85,66.72,162.12,4.5,4093.0,107.22,1005585.0,231.5,387.63,20.8,16.4
1.8,0.9,46.1,7.7,9.0,2014,,40.0,324940.7,,410.66,256.47,913.71,200.67,75.92,154.35,4.2,4111.0,106.72,1004544.0,,511.4,21.538,17.667
1.8,0.9,45.6,7.6,8.9,2015,,40.0,,,472.51,320.35,1026.58,216.03,85.35,172.62,4.3,,116.88,1010486.0,,560.11,,
1.8,1.2,39.1,7.4,25.1,2003,,41.0,29747.0,,181.12,130.2,493.09,129.84,40.52,87.16,12.4,1871.0,110.2,357917.0,130.4,145.57,15.2,39.9
2.0,1.1,49.2,7.5,22.2,2004,,41.0,35139.3,289.96,173.55,147.15,550.75,137.23,43.21,106.82,10.3,1834.0,111.3,350510.0,167.6,200.5,12.4,32.8
2.1,1.4,50.5,8.6,22.8,2005,,41.0,43974.3,319.66,186.27,167.11,625.79,151.46,42.61,110.9,8.4,1791.0,121.5,343908.0,187.8,227.41,17.1,25.9
2.9,1.2,69.1,8.0,20.4,2006,,41.0,56119.8,337.32,199.86,185.34,660.74,162.14,46.38,103.65,8.1,1821.0,111.92,336594.0,197.5,280.53,6.9,35.6
3.3,1.5,69.6,7.8,18.6,2007,,41.0,66076.8,438.75,246.57,246.47,796.88,188.03,49.77,121.95,9.0,1796.0,109.5,330810.0,185.2,292.8,13.0,29.4
3.7,1.7,73.4,7.2,18.2,2008,,41.0,77854.3,546.22,262.6,265.93,893.13,184.93,54.72,157.96,8.6,1571.0,111.79,327949.0,173.9,324.6,11.027,35.693
3.9,1.8,75.0,7.6,17.5,2009,,41.0,94643.2,568.33,312.89,297.27,883.25,197.65,60.81,156.77,7.5,1543.0,113.13,325179.0,166.3,331.69,7.583,32.663
4.1,1.8,75.6,7.7,16.9,2010,,41.0,103123.2,637.48,342.01,321.56,842.36,206.37,63.62,181.09,7.0,1586.0,109.71,323165.0,171.8,373.98,5.6,27.0
4.2,1.76,77.77,7.59,16.83,2011,,41.0,114375.9,661.83,391.45,368.54,981.49,209.45,71.7,186.75,6.1,1722.0,106.54,321659.0,196.0,418.16,3.1,37.1
4.3,1.8,76.0,7.5,15.4,2012,,41.0,127412.7,645.39,425.85,411.17,1094.54,232.19,85.47,170.88,5.8,1699.0,105.19,320156.0,204.5,491.88,0.6,22.8
4.1,1.8,76.3,6.7,15.1,2013,,41.0,133364.0,703.73,507.0,431.29,1112.65,230.47,96.82,248.66,5.7,1737.0,104.23,320549.0,188.0,594.47,2.5,25.3
4.0,1.7,76.0,6.4,13.0,2014,,41.0,145419.9,,573.47,468.41,1260.29,251.79,105.94,248.5,6.1,1668.0,106.43,319864.0,,665.33,5.337,18.835
3.9,1.6,68.2,6.3,12.8,2015,,41.0,,,673.98,472.73,1475.81,277.66,116.33,265.17,4.5,,112.25,317269.0,,711.73,,
1.1,0.3,36.9,4.2,20.1,2003,,42.0,164903.1,,151.42,94.67,348.85,120.82,23.97,65.54,9.9,13260.0,111.8,2893448.0,124.2,110.5,49.2,50.6
1.0,0.3,68.6,3.7,21.2,2004,,42.0,244462.0,286.26,143.93,101.93,438.34,119.98,25.4,70.38,9.9,13325.0,111.2,2862105.0,126.5,141.42,45.6,47.5
1.4,0.4,77.5,4.4,19.3,2005,,42.0,295378.4,298.02,147.71,106.03,450.14,125.01,26.74,70.16,8.6,13185.0,110.5,2832963.0,128.2,156.35,47.4,46.2
1.3,0.4,87.8,4.3,19.7,2006,,42.0,342210.6,296.97,163.67,107.61,474.06,127.08,28.08,78.44,7.4,13297.0,108.44,2805941.0,129.2,175.58,38.1,44.0
1.8,0.9,65.1,8.8,19.6,2007,,42.0,437790.2,233.04,161.96,125.11,606.43,134.86,29.97,82.08,6.2,13430.0,106.95,2785999.0,129.6,191.32,32.6,45.7
1.6,0.7,68.5,9.3,17.6,2008,,42.0,575901.9,245.42,174.23,131.81,731.43,149.54,34.03,93.49,6.6,13365.0,109.2,2780231.0,129.6,213.0,30.786,40.777
1.3,0.7,62.5,9.2,13.9,2009,,42.0,512408.0,267.23,183.73,162.64,804.78,169.33,38.79,102.6,9.7,13372.0,113.42,2776358.0,123.0,223.41,28.888,41.648
1.3,0.6,67.1,9.0,13.6,2010,,42.0,625914.9,280.83,196.06,174.73,817.56,175.47,42.6,112.91,8.9,13179.0,106.84,2772964.0,123.1,235.46,30.5,36.6
1.48,0.61,71.37,7.48,13.7,2011,,42.0,751198.4,304.35,221.4,185.55,845.23,182.16,50.95,116.17,8.1,13301.0,106.75,2761255.0,126.9,272.75,23.7,36.6
1.6,0.7,75.3,5.9,14.2,2012,,42.0,718320.4,352.74,289.28,202.96,850.24,200.89,57.13,119.48,7.1,13396.0,106.44,2750829.0,142.5,326.67,21.0,36.0
1.8,0.8,72.6,5.9,11.3,2013,,42.0,667950.5,458.23,296.52,223.22,979.87,231.34,64.78,124.4,6.0,12943.0,106.59,2742450.0,135.5,408.79,22.6,34.8
1.2,0.5,72.1,4.5,7.4,2014,,42.0,747414.6,,351.06,240.55,1031.64,243.65,73.75,139.67,6.2,12513.0,106.03,2734075.0,,543.53,24.217,33.669
1.5,0.5,71.8,4.4,6.9,2015,,42.0,,,360.93,276.65,1174.61,264.49,82.56,145.54,7.7,,115.59,2724990.0,,557.88,,
0.6,0.1,33.4,7.2,13.5,2003,,43.0,57795.8,,127.17,129.85,540.24,95.89,21.0,121.15,7.3,15368.0,113.3,1498976.0,177.8,104.41,98.2,61.4
0.7,0.1,43.6,9.6,12.8,2004,,43.0,70706.2,212.69,176.81,173.47,578.28,97.61,25.28,136.2,8.6,6736.0,111.6,1472481.0,176.6,120.63,94.4,66.0
0.7,0.2,56.2,9.7,12.8,2005,,43.0,79800.6,231.18,185.34,180.98,662.77,110.68,30.01,149.22,7.2,6574.0,111.3,1445356.0,205.2,130.01,92.8,57.0
0.9,0.2,66.8,9.5,12.9,2006,,43.0,97047.1,238.77,192.54,197.49,680.72,117.29,31.65,151.03,7.9,6518.0,108.41,1418645.0,193.7,142.85,70.9,52.1
1.3,0.4,76.0,12.1,13.8,2007,,43.0,118154.9,266.53,225.54,213.49,829.03,121.2,32.59,168.0,5.8,6522.0,108.0,1396017.0,193.5,154.41,50.2,51.2
1.4,0.5,84.0,13.1,14.5,2008,,43.0,151116.7,271.4,260.96,196.01,809.64,132.88,36.33,170.11,7.2,6523.0,112.98,1379383.0,192.6,162.8,44.982,52.159
1.4,0.5,77.0,13.4,14.2,2009,,43.0,146321.3,295.12,273.3,195.38,785.92,142.5,42.86,218.57,10.9,6454.0,114.68,1365003.0,166.6,184.79,41.472,48.993
1.8,0.5,77.4,11.0,15.2,2010,,43.0,172352.0,302.27,307.24,216.38,841.62,152.51,48.45,232.71,8.6,6540.0,107.4,1352692.0,174.0,207.55,38.2,40.9
1.82,0.55,82.05,9.23,15.09,2011,,43.0,195269.5,319.12,331.39,233.59,874.91,165.49,56.6,232.05,8.3,6517.0,110.18,1338758.0,168.4,241.47,31.3,37.4
1.7,0.6,81.4,8.1,15.1,2012,,43.0,208505.4,379.46,341.77,223.11,926.81,173.96,61.48,222.78,7.1,6150.0,106.29,1327915.0,158.1,284.53,36.0,37.3
1.4,0.6,73.3,8.1,12.9,2013,,43.0,224152.3,643.64,389.97,241.57,962.0,202.13,68.67,244.73,5.6,6093.0,105.85,1319076.0,153.6,399.6,24.9,38.6
1.2,0.6,73.8,8.5,10.6,2014,,43.0,250340.3,,426.26,276.21,956.81,209.61,76.59,255.62,5.1,6025.0,106.05,1310929.0,,485.79,29.06,36.096
1.2,0.6,72.9,8.1,10.1,2015,,43.0,,,502.57,307.13,1014.42,227.51,86.06,282.75,5.3,,113.23,1304348.0,,474.33,,
0.5,0.1,28.0,4.2,16.5,2003,,44.0,29692.1,,131.97,84.22,389.36,104.03,19.57,84.65,6.1,2613.0,113.5,734453.0,129.8,101.01,72.2,48.8
0.5,0.1,32.7,5.9,18.0,2004,,44.0,37787.4,148.82,144.46,88.09,482.96,101.68,21.78,105.46,5.9,2602.0,112.9,723142.0,133.0,118.53,65.7,43.2
0.5,0.1,38.2,5.7,19.7,2005,,44.0,44684.7,187.7,152.46,94.31,490.6,108.8,24.09,98.89,4.9,2568.0,109.2,711978.0,183.2,126.13,67.9,38.8
0.6,0.2,32.4,5.6,16.9,2006,,44.0,54351.1,193.93,160.78,96.23,492.27,109.48,26.64,105.02,4.9,2583.0,107.1,699761.0,212.2,140.34,52.3,32.6
0.9,0.4,53.7,7.0,15.8,2007,,44.0,65700.4,232.43,202.55,111.95,495.49,120.27,34.22,120.79,3.3,2608.0,107.15,689815.0,213.9,145.79,40.6,33.9
0.9,0.4,62.3,7.1,13.2,2008,,44.0,81040.7,238.76,216.5,112.43,597.0,129.72,34.48,155.91,4.9,2476.0,112.04,683416.0,195.4,167.9,39.011,28.502
1.0,0.4,60.8,7.5,12.4,2009,,44.0,78920.7,273.59,240.88,128.9,818.11,141.03,38.75,168.0,8.2,2427.0,113.91,677793.0,163.6,174.47,30.565,29.986
1.2,0.5,56.1,8.5,12.8,2010,,44.0,98130.7,300.39,269.63,153.59,905.15,149.03,43.52,214.45,6.0,2307.0,107.71,672938.0,163.8,208.33,28.7,23.6
1.28,0.51,59.69,8.11,11.87,2011,,44.0,116629.8,328.95,298.8,182.42,836.44,163.96,54.09,217.3,5.1,2364.0,108.45,666391.0,145.2,227.36,23.5,22.1
1.3,0.5,79.6,7.7,12.3,2012,,44.0,130840.4,378.14,313.6,215.56,879.58,173.88,57.31,210.33,4.8,2355.0,106.07,661764.0,132.2,289.09,19.8,20.1
1.3,0.6,52.4,6.6,11.5,2013,,44.0,139015.9,480.85,360.69,229.59,1020.77,191.87,65.21,236.17,4.9,2333.0,106.73,658906.0,122.7,380.66,17.9,24.3
1.1,0.5,52.0,7.3,9.0,2014,,44.0,146311.2,,437.25,244.12,1172.45,214.47,74.4,262.05,4.3,2304.0,105.59,656389.0,,527.37,15.106,21.057
1.0,0.5,54.8,6.7,8.4,2015,,44.0,,,433.7,264.38,1381.05,217.11,84.86,278.42,5.3,,115.76,654390.0,,560.74,,
0.4,0.1,42.6,3.5,9.2,2003,,45.0,37046.2,,114.47,94.43,234.76,99.52,21.57,93.11,9.4,2766.0,111.4,1016184.0,130.9,99.47,57.4,60.5
0.4,0.1,43.5,4.5,8.3,2004,,45.0,42470.6,313.24,120.8,107.1,272.87,103.2,22.1,100.78,12.4,2711.0,109.6,999446.0,136.3,117.88,62.7,64.1
0.6,0.1,45.9,4.8,7.4,2005,,45.0,50245.8,329.23,128.81,114.57,370.46,107.25,23.89,108.68,11.4,2664.0,111.7,981029.0,143.2,124.57,55.9,53.4
0.6,0.2,56.9,5.0,6.9,2006,,45.0,68434.5,345.27,138.45,119.14,406.1,114.48,26.42,113.43,12.2,2682.0,109.47,961815.0,144.6,134.97,51.2,51.7
0.9,0.3,68.0,6.6,8.0,2007,,45.0,81076.0,369.64,137.93,130.05,491.75,117.86,28.84,121.22,8.5,2658.0,109.63,946068.0,161.4,143.64,28.9,49.2
1.0,0.4,81.1,9.0,9.0,2008,,45.0,106223.2,358.01,144.68,143.41,518.48,126.91,31.22,116.78,9.3,2717.0,112.42,934512.0,161.2,157.9,25.404,50.494
0.9,0.3,84.0,9.1,9.0,2009,,45.0,107914.5,448.86,194.82,197.34,681.56,142.31,37.2,131.56,13.2,2745.0,114.63,925180.0,154.8,160.33,29.049,50.204
0.9,0.4,82.4,8.4,8.5,2010,,45.0,117879.5,482.91,215.72,211.1,776.98,155.96,42.94,113.61,12.1,2700.0,107.03,918585.0,153.1,192.54,24.6,43.1
1.01,0.42,85.81,6.98,7.72,2011,,45.0,136325.1,485.92,233.94,240.74,694.19,163.71,53.24,119.71,10.0,2707.0,108.82,908813.0,152.7,225.58,28.0,44.5
1.1,0.4,82.5,5.8,7.5,2012,,45.0,146045.5,515.69,241.17,242.24,738.14,175.59,60.66,136.94,8.7,2680.0,106.49,896264.0,158.2,281.21,21.2,46.1
1.3,0.5,77.6,4.9,5.8,2013,,45.0,167037.9,598.23,284.86,263.48,786.87,191.26,66.1,146.21,7.5,2647.0,105.72,885759.0,157.5,366.46,27.6,43.6
1.3,0.4,70.0,5.0,4.2,2014,,45.0,168961.1,,331.03,288.15,904.68,203.89,74.51,153.76,7.0,2625.0,105.12,877149.0,,568.56,22.553,40.298
1.1,0.4,69.2,5.1,3.5,2015,,45.0,,,328.22,310.11,1006.66,226.02,87.17,213.31,7.5,,115.15,869814.0,,587.21,,
1.1,0.3,67.8,3.3,7.5,2003,,46.0,56383.1,,110.16,101.31,442.48,103.6,20.77,,8.5,5993.0,116.2,1231097.0,137.9,114.43,9.1,27.7
0.8,0.3,90.9,6.5,7.2,2004,,46.0,76506.1,245.15,130.04,108.19,493.65,101.39,22.29,,7.5,5782.0,109.9,1213372.0,132.8,132.15,9.7,29.3
1.5,0.3,72.5,7.4,7.9,2005,,46.0,86624.9,256.52,133.0,114.88,516.7,105.59,25.72,,7.2,5891.0,109.4,1195812.0,159.8,150.22,9.6,24.4
1.3,0.3,81.4,5.4,7.2,2006,,46.0,104035.7,224.34,113.62,111.55,490.55,105.05,29.11,61.93,7.2,5905.0,105.78,1177627.0,184.1,171.71,11.6,25.7
1.4,0.4,72.4,6.1,8.0,2007,,46.0,128799.0,259.26,123.61,116.11,581.95,110.08,32.45,68.08,4.9,6112.0,109.47,1161582.0,194.1,196.7,9.9,18.3
1.2,0.4,69.1,6.0,7.7,2008,,46.0,167865.8,266.68,130.63,117.79,628.72,120.83,33.27,78.02,6.3,6267.0,116.9,1151857.0,178.1,209.9,5.35,18.206
1.2,0.4,70.1,6.4,8.4,2009,,46.0,161570.9,307.81,156.06,125.94,770.76,134.22,38.32,85.44,8.8,6198.0,118.47,1143329.0,164.0,177.67,4.687,16.406
1.3,0.4,69.4,6.6,8.4,2010,,46.0,193648.6,269.22,187.59,170.71,723.27,159.41,41.39,100.98,8.2,6529.0,109.36,1134990.0,166.8,195.09,2.8,10.4
1.43,0.49,71.19,6.33,7.73,2011,,46.0,228851.4,296.61,198.17,202.5,850.75,170.14,49.98,112.96,6.3,6405.0,108.45,1125648.0,173.7,219.06,2.4,9.9
1.5,0.6,60.7,5.6,7.7,2012,,46.0,248213.1,447.67,269.61,234.16,862.27,188.0,58.97,120.46,5.1,6360.0,105.29,1121563.0,183.9,272.32,2.9,8.3
1.7,0.6,51.9,5.1,7.6,2013,,46.0,271542.5,558.69,292.26,235.2,931.4,207.08,67.84,135.27,4.6,5732.0,104.63,1119262.0,182.8,361.05,2.3,11.3
1.6,0.5,44.8,5.7,4.3,2014,,46.0,297435.6,,334.69,249.31,1024.34,222.37,74.25,147.61,3.9,5789.0,104.84,1118915.0,,467.71,1.61,9.39
1.4,0.5,41.9,4.7,4.1,2015,,46.0,,,378.38,282.52,1188.56,239.16,84.64,166.89,4.2,,113.98,1117378.0,,468.11,,
2.2,0.6,66.3,8.1,18.5,2003,,47.0,121222.3,,97.74,97.09,247.31,105.15,22.92,67.1,8.6,4979.0,113.0,1667150.0,178.7,112.22,31.7,38.2
3.7,0.7,68.5,10.0,20.4,2004,,47.0,166445.0,250.73,102.56,102.54,302.21,112.09,25.53,79.58,6.9,5132.0,114.9,1673287.0,178.3,128.81,33.9,33.3
3.9,0.8,66.7,10.9,23.2,2005,,47.0,205416.9,258.09,112.29,108.57,333.55,117.11,28.19,79.99,7.2,5159.0,112.0,1681445.0,177.9,145.54,34.0,32.5
2.2,0.9,79.3,9.6,19.4,2006,,47.0,265260.4,284.65,125.66,120.21,351.63,121.03,30.11,94.99,5.8,5105.0,108.69,1685376.0,196.5,169.81,32.6,31.1
1.9,1.1,73.0,8.5,13.6,2007,,47.0,309028.6,313.05,152.16,139.52,399.9,128.12,32.14,82.96,3.9,5923.0,108.35,1691111.0,202.4,197.23,31.0,27.3
2.3,1.5,73.2,9.0,15.1,2008,,47.0,383255.4,444.01,165.54,149.5,413.72,132.45,37.16,86.05,6.0,5801.0,112.87,1692577.0,195.6,246.4,27.502,26.093
2.4,1.9,74.7,10.8,18.8,2009,,47.0,430395.5,426.59,195.77,158.81,476.68,147.02,43.61,92.17,6.9,5928.0,116.0,1698900.0,190.2,254.46,24.038,26.491
2.3,2.0,77.3,10.5,17.8,2010,,47.0,490303.7,471.6,222.92,173.82,523.47,153.03,51.33,96.35,5.2,5909.0,107.7,1704905.0,194.0,265.71,23.2,22.8
2.52,1.62,86.7,8.54,15.38,2011,,47.0,581712.0,520.0,254.83,194.08,557.45,161.9,58.72,108.84,4.3,5933.0,108.64,1718581.0,203.1,304.11,18.5,19.3
2.1,1.5,81.3,7.4,14.4,2012,,47.0,672066.9,596.14,282.07,210.24,606.2,174.92,66.51,112.69,3.2,6024.0,106.51,1733907.0,205.2,372.89,18.4,20.8
2.0,1.2,73.6,6.6,12.2,2013,,47.0,678718.3,681.64,325.61,221.51,682.04,189.94,71.6,121.62,4.3,6059.0,105.6,1751135.0,215.9,459.04,17.5,22.1
2.0,1.3,49.7,9.2,10.6,2014,,47.0,713965.1,,380.13,244.94,803.22,202.37,77.68,134.43,4.5,5930.0,104.89,1763924.0,,609.55,18.477,17.178
1.8,1.3,46.2,8.8,9.8,2015,,47.0,,,467.67,281.43,970.26,222.4,88.51,156.1,5.1,,115.28,1775540.0,,655.67,,
0.7,0.2,54.9,2.7,10.1,2003,,48.0,96241.9,,69.6,111.41,483.02,100.53,21.16,101.89,4.5,4785.0,113.4,1211008.0,147.3,102.92,33.7,25.7
0.7,0.2,56.5,2.8,10.2,2004,,48.0,141778.3,247.08,73.66,111.9,578.47,103.61,22.08,103.92,4.3,4808.0,112.9,1205271.0,161.5,117.49,34.9,25.7
0.8,0.2,57.1,3.1,10.5,2005,,48.0,145194.4,256.95,89.8,110.76,602.79,104.29,23.29,129.7,8.2,4756.0,110.9,1198580.0,184.2,140.1,32.3,25.1
0.8,0.2,62.3,3.4,10.4,2006,,48.0,179057.3,262.2,99.33,123.44,663.76,108.65,24.41,147.75,4.9,4916.0,108.49,1193890.0,190.1,146.52,34.0,25.0
1.1,0.3,72.5,6.9,10.5,2007,,48.0,209821.5,293.93,122.13,142.76,743.53,117.63,26.67,173.58,2.7,4987.0,107.84,1190408.0,207.6,158.99,22.7,23.9
1.1,0.4,74.5,7.5,9.0,2008,,48.0,259532.2,313.18,131.47,147.65,698.23,126.49,32.3,181.3,5.0,4949.0,113.45,1186707.0,200.4,174.5,25.127,19.896
1.2,0.4,70.7,7.9,9.3,2009,,48.0,226662.0,343.08,154.94,161.88,753.73,144.08,36.03,169.37,5.6,4901.0,116.97,1181981.0,186.0,187.25,16.371,20.076
1.4,0.5,74.5,8.2,9.3,2010,,48.0,248544.9,368.71,165.56,180.66,784.32,155.74,42.64,202.29,4.5,4730.0,107.12,1177052.0,192.0,201.54,14.6,16.3
1.32,0.45,77.72,6.48,8.85,2011,,48.0,287816.8,353.75,191.99,202.26,837.77,164.02,49.32,219.46,4.9,4835.0,106.62,1172026.0,191.7,216.53,19.3,19.2
1.4,0.5,77.7,5.7,8.1,2012,,48.0,293301.3,388.0,228.99,201.86,802.37,178.18,56.44,236.33,3.6,4849.0,105.15,1165916.0,191.1,283.43,19.5,19.3
1.2,0.5,72.0,5.2,7.1,2013,,48.0,315685.4,474.55,247.61,216.35,875.15,200.16,65.52,223.1,3.7,4992.0,105.79,1162235.0,183.5,368.74,16.8,18.9
1.2,0.4,56.8,6.4,5.0,2014,,48.0,395700.1,,267.93,238.12,1015.08,219.94,72.29,216.52,3.7,4943.0,104.83,1159866.0,,525.53,20.711,19.675
1.3,0.5,53.0,6.8,5.0,2015,,48.0,,,298.9,268.76,1144.58,244.4,79.89,237.02,4.1,,114.89,1157865.0,,527.08,,
1.8,0.4,43.2,4.8,18.4,2003,,49.0,24325.9,,139.34,132.25,704.72,175.74,32.4,57.72,10.0,974.0,111.9,181832.0,221.2,165.3,41.1,24.4
1.9,0.5,39.4,5.9,16.8,2004,,49.0,24612.3,276.78,137.48,139.18,728.87,161.72,33.66,57.52,8.0,982.0,109.4,178069.0,224.4,197.41,28.9,26.1
2.0,0.7,40.2,6.7,16.5,2005,,49.0,27167.8,291.49,138.72,137.27,712.83,157.47,32.78,57.22,6.9,940.0,112.4,173937.0,228.8,211.65,61.2,23.1
2.5,0.7,42.4,6.6,16.3,2006,,49.0,31203.2,295.76,149.25,154.51,783.04,165.21,38.18,62.46,5.3,947.0,112.03,170397.0,232.4,232.95,44.7,18.2
3.2,0.9,42.0,7.3,16.3,2007,,49.0,35314.4,317.27,169.72,157.4,854.59,172.24,40.02,73.2,5.6,943.0,105.71,166902.0,235.7,242.57,36.5,18.5
3.6,1.1,34.2,8.1,17.1,2008,,49.0,42053.8,323.04,188.98,155.49,856.64,161.56,52.35,88.68,7.2,896.0,111.32,163989.0,238.2,267.1,45.014,17.64
3.8,1.2,41.5,8.8,20.8,2009,,49.0,47895.9,360.39,206.14,169.11,895.03,180.6,60.81,95.96,6.5,891.0,117.78,160940.0,206.9,278.87,21.59,19.123
4.0,1.5,55.5,7.9,18.1,2010,,49.0,59619.7,353.53,218.08,183.99,939.9,190.24,69.46,112.87,5.6,870.0,108.46,159002.0,208.5,281.51,26.6,22.2
4.06,1.6,55.4,8.17,17.53,2011,,49.0,72174.2,359.05,214.39,215.22,964.54,193.28,83.57,128.89,4.5,860.0,109.31,156534.0,218.0,278.22,7.1,11.6
4.9,2.1,59.9,8.0,24.3,2012,,49.0,78417.9,689.25,320.15,215.81,1093.99,288.29,94.77,159.54,3.4,863.0,107.21,154485.0,204.7,342.24,3.9,18.3
4.3,2.1,61.6,6.8,17.8,2013,,49.0,88905.9,820.9,327.61,245.33,1291.86,332.58,102.63,182.06,2.9,895.0,108.23,152358.0,175.1,467.02,9.3,20.5
4.3,2.0,63.5,7.7,16.5,2014,,49.0,97015.6,,380.43,251.14,1335.97,372.6,127.73,217.86,3.1,892.0,108.31,150312.0,,693.54,6.703,10.054
3.7,1.6,56.3,7.1,13.5,2015,,49.0,,,555.43,259.73,1325.5,401.92,137.64,250.07,4.3,,113.03,148071.0,,847.89,,
0.8,0.4,29.6,4.0,20.5,2003,,50.0,412089.3,,86.78,91.9,372.22,106.16,26.01,63.52,4.4,22742.0,111.7,6616879.0,211.5,111.64,37.7,25.1
0.8,0.8,30.5,5.7,21.8,2004,,50.0,535204.4,225.0,102.04,100.94,407.63,112.98,28.16,65.12,3.8,23874.0,112.3,6671325.0,208.1,125.0,35.3,24.5
1.1,1.1,32.3,7.3,19.8,2005,,50.0,708062.1,237.57,111.73,109.48,441.31,117.48,29.32,69.89,3.2,23538.0,111.3,6736742.0,211.2,136.4,32.3,23.5
1.5,1.3,38.7,6.5,21.2,2006,,50.0,934328.9,241.12,119.23,115.49,471.87,120.79,30.78,75.45,3.0,24866.0,106.63,6783853.0,216.8,148.47,26.5,21.7
2.3,1.4,67.4,8.2,16.9,2007,,50.0,1295649.9,244.06,126.73,117.08,500.0,124.96,32.55,80.25,2.0,26116.0,107.05,6846821.0,208.7,179.87,20.2,21.2
2.4,1.6,86.0,7.8,15.1,2008,,50.0,1645753.0,275.78,142.99,130.68,611.1,131.87,36.44,84.88,2.7,25337.0,113.53,6895369.0,180.8,209.7,16.69,20.724
2.3,1.4,100.6,7.5,13.5,2009,,50.0,1519446.2,309.02,174.23,140.28,658.31,142.78,41.08,93.25,4.8,25316.0,112.53,6958015.0,162.2,228.96,12.001,18.804
2.7,1.4,100.6,8.3,13.0,2010,,50.0,1832867.2,337.94,205.22,154.54,721.3,153.34,45.36,81.08,3.3,25465.0,109.06,7024207.0,150.9,245.51,8.8,16.9
2.77,1.31,108.64,7.6,12.96,2011,,50.0,2176795.2,357.17,208.65,181.48,723.61,166.9,52.9,93.16,3.7,29346.0,105.83,7106215.0,143.5,270.08,6.6,15.2
2.6,1.5,101.0,7.4,11.3,2012,,50.0,2357082.0,402.15,235.17,188.37,742.8,190.68,62.15,103.86,2.9,27404.0,106.1,6955051.0,132.0,335.0,6.4,15.4
2.4,1.5,99.0,6.5,11.5,2013,,50.0,2545951.5,518.15,273.46,219.46,813.09,212.9,70.39,109.2,2.8,27830.0,104.89,7048084.0,131.1,449.6,5.3,15.8
2.4,1.3,97.7,8.2,10.1,2014,,50.0,2705578.8,,303.7,238.47,901.27,222.35,76.27,114.46,2.7,27523.0,106.45,7133620.0,,562.62,12.6,15.301
2.4,1.2,109.4,11.4,9.9,2015,,50.0,,,335.04,274.98,1067.07,253.78,85.79,122.22,3.3,,114.47,7231068.0,,600.49,,
2.1,0.7,41.3,6.0,21.3,2003,,51.0,80604.1,,112.0,152.1,411.6,148.9,26.5,96.01,10.1,4277.0,113.9,889809.0,105.8,117.83,20.7,35.0
2.2,0.7,45.8,6.2,21.7,2004,,51.0,124972.0,384.4,128.47,177.06,500.68,155.01,29.88,123.17,10.9,4279.0,110.8,873145.0,106.1,145.33,18.3,32.1
2.1,0.7,49.3,6.9,21.9,2005,,51.0,132870.2,410.94,136.54,205.17,541.24,155.6,30.86,136.68,8.7,4209.0,111.0,856939.0,120.3,144.97,23.6,28.2
2.0,0.8,51.2,8.3,19.3,2006,,51.0,158127.0,425.44,140.79,205.71,533.8,158.35,32.81,149.65,6.7,4143.0,106.63,839429.0,121.3,176.08,13.2,16.7
1.8,0.9,53.0,10.2,18.9,2007,,51.0,191584.6,475.14,159.08,223.95,746.71,175.68,36.55,160.54,6.3,4186.0,108.62,823978.0,123.0,184.95,8.5,14.3
2.7,1.3,54.0,10.6,17.7,2008,,51.0,213733.5,548.53,195.81,242.08,846.56,184.81,41.84,178.13,6.6,4040.0,112.73,815140.0,124.1,210.0,6.968,12.283
2.9,1.4,50.3,10.1,15.3,2009,,51.0,202235.5,602.71,208.83,259.1,859.29,209.33,47.14,193.18,7.5,4572.0,114.29,805554.0,122.1,227.2,2.501,9.886
3.3,1.5,51.4,10.3,12.7,2010,,51.0,233438.9,847.88,251.38,261.74,910.43,227.99,60.72,245.11,8.6,4555.0,110.57,799765.0,129.7,244.23,3.8,13.8
3.32,1.52,51.86,10.72,12.6,2011,,51.0,263811.7,954.99,248.65,283.09,979.14,231.43,65.25,249.46,8.6,4565.0,106.98,794077.0,130.5,278.69,4.9,11.0
3.4,1.7,52.6,10.8,13.1,2012,,51.0,283846.2,993.9,282.2,296.67,1014.98,261.53,71.22,253.03,7.7,4418.0,105.43,787948.0,123.6,334.98,3.8,9.6
3.3,1.7,54.1,10.9,13.2,2013,,51.0,306578.7,1102.49,324.62,331.02,1085.09,278.91,77.51,265.53,7.2,4397.0,105.12,780401.0,118.9,453.57,3.2,6.6
2.7,1.7,56.3,8.0,11.3,2014,,51.0,320275.7,,355.81,368.38,1242.17,300.67,86.09,281.85,6.7,4260.0,106.03,771058.0,,550.51,2.992,9.237
2.5,1.6,56.6,7.2,10.7,2015,,51.0,,,405.66,400.38,1272.08,313.42,94.48,322.13,7.8,,114.29,766281.0,,578.23,,
1.1,0.2,44.8,5.8,11.1,2003,,52.0,206926.0,,167.9,100.25,558.63,87.12,24.44,91.16,6.2,10749.0,115.3,3515673.0,134.9,111.97,39.2,35.4
1.2,0.2,51.0,6.2,11.9,2004,,52.0,241230.4,234.09,167.73,110.37,690.93,91.06,26.87,106.31,7.4,15393.0,114.3,3481080.0,130.2,134.19,36.8,34.6
1.4,0.3,60.1,6.9,11.9,2005,,52.0,299723.7,269.42,192.24,120.28,751.76,95.61,29.06,118.37,6.0,15186.0,111.9,3447896.0,149.7,150.56,31.1,32.5
1.7,0.3,65.8,7.7,14.1,2006,,52.0,376180.3,290.42,218.13,135.84,818.13,99.77,30.74,124.68,5.4,15897.0,109.9,3414325.0,159.7,169.4,25.5,29.0
1.8,0.5,70.0,7.1,12.0,2007,,52.0,473307.4,319.24,272.1,155.31,968.93,107.97,33.66,134.37,4.5,15853.0,109.07,3384358.0,181.2,184.13,20.6,28.7
1.8,0.6,62.8,6.3,12.2,2008,,52.0,588790.8,365.67,234.73,171.86,981.3,126.52,38.07,141.18,5.7,15665.0,115.91,3362817.0,179.7,205.5,22.506,24.774
1.8,0.6,58.9,6.7,11.8,2009,,52.0,547223.0,368.19,249.23,188.43,862.62,144.03,43.19,154.18,7.5,15758.0,115.57,3343719.0,166.2,201.01,24.879,25.269
1.8,0.7,51.8,7.9,11.5,2010,,52.0,652805.9,364.57,271.73,230.19,879.15,149.75,48.68,175.35,7.7,15734.0,106.44,3326812.0,167.2,201.74,16.5,19.2
1.68,0.65,51.77,7.66,10.98,2011,,52.0,770774.0,399.85,286.13,225.81,903.47,161.29,55.88,178.57,7.2,16558.0,108.34,3307648.0,160.3,226.89,16.2,16.8
1.8,0.7,53.5,7.3,10.5,2012,,52.0,842195.5,436.61,314.64,244.92,906.31,181.54,62.12,193.65,5.4,15267.0,106.4,3296947.0,158.3,304.71,15.3,16.1
1.6,0.7,55.5,6.0,8.5,2013,,52.0,925182.0,680.79,354.03,267.39,910.52,195.89,68.73,168.94,4.3,16203.0,105.92,3289841.0,186.5,387.36,15.2,14.9
1.0,0.7,56.3,7.8,7.0,2014,,52.0,1018351.5,,440.13,290.77,1008.7,216.15,75.64,179.89,4.2,16075.0,105.86,3281496.0,,513.55,15.293,16.27
0.9,0.7,56.5,7.0,6.4,2015,,52.0,,,496.32,341.5,1102.01,235.37,87.12,213.7,4.3,,115.89,3270203.0,,511.98,,
0.4,0.2,34.2,5.5,13.2,2003,,53.0,38081.7,,106.6,97.48,271.02,103.14,23.39,105.3,4.9,2643.0,114.4,692138.0,158.1,118.07,45.8,42.2
0.5,0.2,35.4,5.9,13.7,2004,,53.0,49242.3,195.63,109.36,105.2,318.73,104.61,25.86,112.09,6.1,2618.0,113.1,682965.0,160.0,141.1,42.2,39.1
0.4,0.2,36.4,6.1,13.5,2005,,53.0,63848.3,231.08,121.79,109.33,354.18,107.09,28.4,90.98,5.8,2609.0,110.3,674519.0,177.9,157.2,41.5,38.8
0.4,0.2,41.6,6.4,15.0,2006,,53.0,74923.8,239.09,130.55,116.21,369.85,110.95,32.54,107.69,5.5,2654.0,106.9,665616.0,191.5,175.29,40.2,37.8
1.4,0.6,44.0,12.1,13.8,2007,,53.0,86664.9,276.84,142.9,137.15,389.23,123.01,34.27,121.58,5.3,2621.0,108.66,657584.0,274.7,188.88,36.2,35.6
1.8,0.8,54.6,14.5,14.4,2008,,53.0,115141.3,328.31,163.93,126.21,429.33,124.78,40.49,138.06,4.9,2707.0,111.58,652198.0,287.5,201.1,33.425,39.124
1.8,0.8,49.1,14.8,14.0,2009,,53.0,117710.0,409.89,161.24,132.61,510.96,139.79,44.11,171.67,6.1,2640.0,113.51,645369.0,255.7,205.83,24.716,35.909
1.9,0.9,49.6,14.8,14.7,2010,,53.0,127407.8,461.65,211.27,178.4,589.9,154.33,46.01,176.61,5.6,2612.0,107.21,639697.0,245.8,230.09,21.2,29.1
2.51,1.06,49.97,13.71,14.89,2011,,53.0,153419.7,460.02,234.95,176.8,602.32,170.02,55.74,205.3,4.9,2591.0,107.07,632799.0,247.4,242.53,19.6,29.1
2.6,1.1,50.0,13.1,14.7,2012,,53.0,170605.7,476.53,247.97,177.41,696.35,178.44,63.32,222.13,4.1,2607.0,105.43,629748.0,234.2,299.27,17.4,24.1
2.4,1.1,48.7,11.3,12.6,2013,,53.0,178818.1,567.29,277.65,192.22,813.56,197.12,68.79,231.83,4.6,2643.0,106.31,625855.0,223.7,381.15,15.9,27.9
2.0,1.0,53.7,12.0,10.5,2014,,53.0,205930.1,,348.8,223.35,919.45,213.1,75.1,247.94,3.7,2632.0,105.51,622430.0,,495.22,22.238,23.849
2.1,1.1,52.6,12.3,10.1,2015,,53.0,,,389.3,266.66,974.64,236.78,83.18,284.79,4.6,,114.73,618703.0,,507.94,,
1.0,0.3,61.5,3.5,20.4,2003,,54.0,153798.9,,121.97,127.82,493.83,121.08,21.71,104.5,11.1,15272.0,111.5,2688423.0,126.8,113.14,29.3,37.4
0.3,0.2,77.5,2.9,11.5,2004,,54.0,191826.7,323.72,131.25,135.09,565.05,127.66,22.29,90.31,9.1,15228.0,111.4,2674155.0,120.4,132.0,30.1,37.6
0.3,0.2,81.8,2.6,7.8,2005,,54.0,235381.8,342.13,135.04,124.73,514.16,123.1,24.49,80.44,7.9,16393.0,110.7,2665984.0,122.4,146.08,29.6,35.4
0.3,0.2,84.9,2.7,7.3,2006,,54.0,296064.5,429.4,150.48,139.09,580.18,122.69,25.99,101.75,7.4,15518.0,108.11,2654853.0,124.6,166.64,28.7,35.2
1.6,0.5,91.8,5.3,16.8,2007,,54.0,365531.2,468.98,189.75,173.74,698.83,144.96,28.99,111.64,7.0,15110.0,105.79,2647195.0,121.7,187.64,20.9,35.2
1.8,0.6,90.4,5.4,13.6,2008,,54.0,453574.6,604.85,214.85,187.04,769.54,159.06,32.54,128.83,7.3,15306.0,111.46,2642727.0,116.1,216.1,17.704,34.727
1.7,0.6,78.8,5.2,11.2,2009,,54.0,425400.2,701.39,247.77,215.56,924.6,184.81,40.19,153.74,10.0,15310.0,114.91,2648923.0,106.4,230.13,16.069,32.176
1.8,0.7,70.9,5.4,10.7,2010,,54.0,484141.3,741.76,286.23,280.66,899.77,196.63,46.2,214.42,7.7,15549.0,106.04,2661594.0,104.4,236.83,17.6,27.6
1.76,0.69,84.83,4.9,10.37,2011,,54.0,598563.5,811.86,309.34,296.6,887.57,212.71,53.58,233.35,6.8,15705.0,105.69,2666465.0,103.5,280.62,12.3,27.5
1.9,0.8,89.7,5.4,9.7,2012,,54.0,728154.0,822.71,337.49,317.66,881.36,230.7,57.62,251.74,5.6,15141.0,105.67,2686863.0,97.7,345.66,14.3,27.8
1.8,0.7,74.9,5.3,7.9,2013,,54.0,817516.7,882.52,395.52,283.88,899.01,248.26,63.63,260.92,5.9,15160.0,104.05,2709461.0,104.5,429.81,17.5,26.0
1.9,0.6,67.5,6.0,6.5,2014,,54.0,895289.8,,450.38,293.04,1039.36,258.91,72.74,262.81,5.1,15335.0,104.77,2731176.0,,617.26,18.108,25.921
2.2,0.5,49.5,6.4,5.0,2015,,54.0,,,517.1,335.1,1189.62,297.2,83.24,287.52,6.9,,114.32,2746822.0,,622.34,,
0.5,0.3,97.3,3.9,14.6,2003,,55.0,115029.5,,108.38,103.22,440.67,108.75,21.02,104.34,9.7,11209.0,110.9,2075422.0,146.5,113.36,29.4,38.2
0.7,0.3,26.6,4.0,8.9,2004,,55.0,192877.3,188.03,113.52,102.21,458.44,112.66,22.23,97.78,9.0,11118.0,109.4,2052741.0,156.3,133.71,29.9,35.4
0.7,0.3,28.2,4.0,9.2,2005,,55.0,220686.1,224.61,120.47,106.7,507.13,116.79,24.89,99.96,8.7,11258.0,110.7,2034091.0,177.9,147.65,35.9,33.1
0.6,0.3,30.4,3.7,7.1,2006,,55.0,262506.7,241.11,132.53,115.45,565.81,124.81,25.82,112.88,9.1,11328.0,107.39,2016288.0,172.9,156.99,34.2,33.2
0.5,0.2,104.2,3.0,8.2,2007,,55.0,296004.7,242.46,147.48,135.77,615.72,142.03,27.67,118.81,8.0,11458.0,106.72,2003282.0,163.3,167.35,30.7,35.4
1.0,0.3,126.3,4.8,8.7,2008,,55.0,347760.3,264.1,148.72,146.16,628.88,146.05,31.51,130.38,7.8,11489.0,111.81,1993290.0,162.1,179.4,29.265,32.092
1.0,0.3,116.7,5.0,7.8,2009,,55.0,336259.6,285.36,167.25,160.48,679.93,159.98,35.07,137.32,8.5,11447.0,113.32,1987716.0,146.6,185.91,24.44,31.941
1.2,0.4,118.8,5.6,6.9,2010,,55.0,382620.4,287.98,179.7,176.76,712.77,168.43,38.83,143.11,8.1,10662.0,106.45,1983985.0,138.1,200.45,19.3,25.9
1.28,0.44,126.93,5.02,6.78,2011,,55.0,451418.8,312.9,199.21,185.37,729.58,175.92,44.91,143.28,7.9,11617.0,106.76,1976560.0,148.7,232.32,14.3,24.0
1.4,0.5,125.2,5.1,7.0,2012,,55.0,491507.6,336.99,204.66,198.57,783.12,184.23,49.11,150.86,6.9,10835.0,104.38,1974820.0,171.0,286.19,14.2,27.1
1.5,0.5,103.0,4.9,5.0,2013,,55.0,551734.0,442.96,230.26,222.88,816.67,196.05,55.12,161.64,6.8,10869.0,105.84,1973985.0,153.3,372.4,14.5,30.4
1.5,0.5,79.7,4.9,4.3,2014,,55.0,598911.6,,252.36,241.01,857.61,206.71,62.83,156.79,6.7,10792.0,105.03,1973876.0,,518.27,16.245,24.14
1.3,0.5,77.4,4.6,4.0,2015,,55.0,,,291.35,266.87,967.28,203.8,72.55,170.95,6.8,,112.98,1978183.0,,522.01,,
0.6,0.2,28.7,2.5,8.5,2003,,56.0,115824.6,,103.39,95.14,317.24,110.18,22.59,76.8,11.3,5468.0,110.1,2176000.0,127.6,102.84,36.0,51.2
0.6,0.2,35.6,3.0,8.6,2004,,56.0,169876.7,244.23,108.98,103.24,371.54,121.29,24.66,89.85,11.0,10675.0,110.2,2149942.0,134.1,125.24,33.8,50.5
0.7,0.3,39.0,3.2,9.2,2005,,56.0,213138.2,240.37,125.5,112.68,539.6,119.5,24.57,76.18,9.2,10503.0,110.5,2122459.0,148.8,135.35,40.5,45.9
0.8,0.3,46.4,3.3,10.3,2006,,56.0,302808.4,230.85,127.75,119.2,538.89,113.9,27.49,76.22,6.4,10438.0,107.7,2093495.0,172.4,154.8,31.3,42.3
0.8,0.4,52.0,3.7,9.2,2007,,56.0,370880.9,271.07,142.56,127.1,594.74,132.74,28.01,85.95,7.1,10433.0,106.86,2067890.0,174.5,163.14,23.0,41.9
0.9,0.4,70.1,4.5,9.3,2008,,56.0,430023.1,290.1,173.7,144.57,744.96,143.57,31.66,99.69,6.9,10460.0,111.73,2055701.0,163.2,175.9,19.383,42.17
0.9,0.2,75.6,4.2,7.5,2009,,56.0,413395.5,321.95,195.84,155.87,825.05,162.75,38.11,116.36,8.8,10340.0,112.22,2044256.0,152.2,188.88,11.694,40.384
0.9,0.3,68.6,4.3,6.8,2010,,56.0,458145.4,340.02,213.86,162.29,793.58,164.01,42.65,129.65,7.2,10607.0,106.5,2042043.0,142.4,205.02,8.1,34.0
1.1,0.3,66.58,4.5,6.38,2011,,56.0,553320.9,369.29,233.94,172.42,828.84,163.95,51.17,140.29,6.3,10571.0,107.67,2031497.0,132.0,220.25,7.7,31.3
1.2,0.4,65.2,4.5,6.5,2012,,56.0,628563.6,408.71,252.04,190.01,907.82,173.37,57.22,153.51,5.4,10428.0,105.04,2023665.0,121.2,272.57,5.1,32.8
1.1,0.3,63.0,4.0,5.7,2013,,56.0,717014.8,485.94,282.81,198.64,964.2,195.21,65.52,161.69,4.9,9759.0,104.95,2016086.0,135.9,359.92,4.9,32.9
1.2,0.3,60.5,4.0,3.7,2014,,56.0,731287.6,,292.78,226.07,954.42,204.56,73.82,183.91,4.4,9947.0,104.66,2008566.0,,510.47,4.539,31.324
1.2,0.3,53.0,3.9,3.3,2015,,56.0,,,334.99,238.63,1009.26,220.28,84.03,206.17,4.8,,112.7,2001110.0,,477.91,,
1.4,0.3,32.8,3.8,10.6,2003,,57.0,42073.3,,111.54,92.46,482.68,102.6,21.3,96.15,8.0,3197.0,112.2,858312.0,175.2,102.24,46.6,22.8
1.1,0.3,36.9,3.5,8.4,2004,,57.0,46042.3,134.5,122.71,98.6,520.79,100.17,24.16,117.38,6.2,3157.0,111.7,847051.0,184.5,119.67,47.7,24.2
1.3,0.3,39.7,4.1,8.0,2005,,57.0,53181.9,151.27,125.38,99.16,563.26,102.43,26.13,83.24,6.3,3095.0,109.5,835165.0,178.7,130.67,51.4,19.2
1.3,0.3,44.7,3.9,7.7,2006,,57.0,64801.6,204.87,133.2,121.94,591.02,133.73,32.48,110.1,5.9,3225.0,107.03,822096.0,183.0,144.22,39.6,19.3
1.4,0.3,45.9,4.6,7.8,2007,,57.0,77101.2,284.4,147.63,148.24,739.46,138.59,34.83,140.5,5.5,3239.0,106.73,811389.0,213.7,177.49,36.5,18.4
1.7,0.4,61.1,5.1,8.8,2008,,57.0,96669.9,329.96,184.53,149.13,742.75,136.23,37.56,145.13,6.0,3177.0,111.04,805207.0,200.9,211.8,32.462,14.645
1.7,0.5,58.8,5.7,9.1,2009,,57.0,90623.6,374.51,211.41,180.25,777.7,159.98,43.24,170.02,9.8,3192.0,114.66,798855.0,189.1,215.56,25.531,14.852
1.6,0.4,61.4,6.6,8.5,2010,,57.0,106196.7,375.66,251.75,221.67,818.95,182.06,49.23,206.35,8.9,3136.0,107.0,793144.0,176.6,220.62,26.6,15.5
1.66,0.47,62.18,6.8,8.11,2011,,57.0,131198.2,398.11,268.13,215.08,795.12,184.07,57.69,208.41,6.3,3157.0,108.38,785592.0,174.7,260.69,24.8,16.6
1.7,0.5,66.8,6.4,8.0,2012,,57.0,146103.2,447.47,281.62,235.34,847.07,201.23,63.62,164.51,5.3,3182.0,104.57,781281.0,173.4,316.58,23.2,13.5
1.7,0.5,73.2,5.9,6.7,2013,,57.0,164797.0,547.62,344.3,244.1,935.86,215.37,68.63,171.8,5.8,3212.0,106.17,775826.0,177.3,410.31,16.8,15.1
1.7,0.5,54.4,6.9,4.9,2014,,57.0,179740.4,,432.58,258.87,1037.44,237.39,80.01,169.76,5.1,3293.0,106.23,769980.0,,544.1,14.981,13.679
1.7,0.6,59.3,6.0,4.7,2015,,57.0,,,466.0,276.99,1137.24,246.23,89.66,200.61,6.2,,115.81,765231.0,,564.24,,
0.6,0.1,34.2,7.7,7.8,2003,,58.0,48111.5,,107.66,107.61,426.05,102.98,25.09,79.24,9.2,15115.0,109.9,1449233.0,108.6,120.82,55.6,38.5
0.6,0.2,38.2,9.1,6.9,2004,,58.0,59711.7,223.73,119.18,111.29,490.43,100.97,26.35,79.14,6.7,5470.0,114.8,1439986.0,113.9,132.61,58.7,38.5
1.0,0.2,54.3,10.2,7.7,2005,,58.0,74362.7,238.11,122.3,116.92,535.74,103.86,28.29,78.29,6.6,5257.0,111.3,1431060.0,115.0,158.22,56.8,36.0
0.8,0.1,56.3,8.7,6.7,2006,,58.0,88805.0,273.91,136.67,123.83,625.88,112.62,30.43,89.42,6.4,5404.0,109.32,1420065.0,122.6,163.61,37.6,34.2
0.9,0.2,55.2,10.0,7.6,2007,,58.0,119104.0,309.1,165.35,145.19,754.87,119.14,32.68,96.32,5.2,5407.0,108.96,1411733.0,122.2,171.05,28.0,32.7
1.0,0.3,61.7,8.3,7.5,2008,,58.0,147853.2,309.17,182.67,150.79,759.65,128.87,35.89,107.29,7.6,5335.0,112.59,1405351.0,122.4,181.5,31.143,27.314
1.1,0.3,58.6,8.8,7.4,2009,,58.0,147185.1,334.08,195.56,170.65,881.95,149.91,40.27,115.26,8.1,5340.0,116.51,1398160.0,119.3,184.02,27.17,29.64
1.2,0.3,62.6,7.8,7.6,2010,,58.0,172166.7,355.57,246.46,185.18,978.05,163.46,47.44,128.26,6.4,5432.0,107.0,1392414.0,118.6,200.78,26.3,24.9
1.22,0.39,87.37,7.37,7.89,2011,,58.0,213401.2,376.71,269.53,192.32,991.54,173.46,55.7,135.24,5.4,5566.0,108.67,1384006.0,132.4,221.1,24.9,24.9
1.0,0.4,97.9,6.0,7.3,2012,,58.0,239962.5,398.05,281.95,193.2,962.45,176.14,60.83,142.24,4.9,5379.0,104.88,1376538.0,164.0,277.11,22.9,22.5
1.0,0.4,128.5,6.3,6.0,2013,,58.0,270436.8,484.8,307.16,201.91,1046.3,197.09,67.38,169.03,4.8,5353.0,104.89,1368657.0,178.1,375.4,24.8,21.3
0.9,0.4,100.7,7.2,4.9,2014,,58.0,297671.4,,349.37,217.48,1034.54,204.18,75.75,179.84,4.6,5464.0,104.49,1360587.0,,476.39,25.182,21.722
0.8,0.4,81.4,7.9,5.6,2015,,58.0,,,362.62,232.1,1058.93,223.07,85.68,196.48,4.7,,115.09,1355618.0,,462.82,,
0.9,0.4,55.7,6.8,16.5,2003,,59.0,209275.7,,94.46,116.26,444.07,94.97,23.69,97.39,7.4,6764.0,114.6,2813770.0,144.0,112.97,65.1,56.5
1.5,0.7,68.1,8.3,16.0,2004,,59.0,266325.9,282.7,101.35,132.44,488.38,97.5,24.58,102.32,7.3,15003.0,112.6,2783049.0,146.1,134.51,54.6,55.2
0.9,0.4,70.1,8.2,12.1,2005,,59.0,327273.3,306.37,113.21,137.41,515.27,101.21,26.02,119.71,8.1,14982.0,110.4,2751562.0,151.1,142.2,54.2,52.1
1.1,0.5,89.2,8.1,12.1,2006,,59.0,383770.1,312.02,114.55,140.73,545.17,106.07,28.06,124.73,7.0,14669.0,109.49,2718765.0,152.7,149.96,41.4,46.9
1.2,0.6,91.4,8.8,13.3,2007,,59.0,477794.2,328.97,121.98,154.51,586.8,120.43,30.39,133.99,6.5,14767.0,109.1,2691600.0,155.1,160.34,32.4,48.7
1.3,0.7,98.3,7.6,11.7,2008,,59.0,607362.7,332.58,156.18,161.48,631.97,131.88,35.1,171.0,8.3,14430.0,115.62,2673957.0,152.5,173.1,29.263,45.111
1.2,0.6,84.6,7.2,10.9,2009,,59.0,539831.5,352.71,167.66,169.91,679.33,150.63,41.23,191.44,9.9,14720.0,116.39,2660359.0,146.9,189.29,26.102,45.475
1.2,0.6,78.1,6.6,10.7,2010,,59.0,623116.8,378.94,183.84,195.33,674.69,155.9,48.36,231.39,8.3,14285.0,108.05,2648654.0,146.8,206.01,27.1,43.2
1.24,0.64,79.01,6.07,10.1,2011,,59.0,840101.1,406.31,192.43,195.56,705.96,162.21,59.95,257.16,7.5,14357.0,108.6,2633550.0,144.7,238.17,22.8,35.6
1.4,0.8,82.7,5.6,9.7,2012,,59.0,860342.7,443.84,225.23,206.6,700.97,176.9,68.3,267.48,6.3,13164.0,106.64,2631073.0,148.1,295.06,21.0,37.2
1.3,0.8,74.2,5.2,8.7,2013,,59.0,880264.4,529.06,261.68,223.51,744.88,194.32,77.79,267.73,6.5,13159.0,106.42,2634461.0,198.7,376.34,21.0,35.9
1.3,0.9,52.9,6.5,8.5,2014,,59.0,967858.0,,294.24,240.01,790.58,210.95,84.73,248.04,5.8,13413.0,105.47,2636154.0,,479.12,25.071,34.705
1.2,1.0,52.1,5.6,7.9,2015,,59.0,,,329.5,273.86,912.15,232.84,94.07,275.17,6.3,,113.72,2637032.0,,464.02,,
0.6,0.1,52.9,13.5,10.9,2003,,60.0,29488.4,,118.77,119.75,586.11,113.12,24.51,44.8,8.2,2541.0,112.7,758119.0,179.0,119.82,44.2,47.0
0.7,0.2,67.9,17.5,10.2,2004,,60.0,35816.0,242.43,136.73,118.26,623.62,113.21,26.36,75.69,5.4,2527.0,111.6,746750.0,185.2,139.23,39.3,47.6
0.9,0.2,63.0,12.8,9.8,2005,,60.0,40582.9,284.93,125.38,125.04,661.14,110.61,29.63,102.13,6.3,2498.0,110.5,734520.0,197.3,163.13,39.4,40.0
0.9,0.2,71.6,11.8,10.0,2006,,60.0,51464.9,314.43,158.31,156.35,672.89,115.04,33.15,109.4,7.2,2456.0,107.78,720770.0,209.2,168.93,30.6,32.4
1.3,0.4,64.7,10.2,11.3,2007,,60.0,61561.9,316.72,141.08,147.4,751.6,119.2,34.28,115.43,4.8,2448.0,105.92,708234.0,235.0,173.2,19.5,30.3
1.8,0.7,68.8,9.5,13.1,2008,,60.0,73283.2,306.53,154.42,170.52,731.28,130.48,37.44,138.94,6.5,2273.0,112.46,699591.0,222.7,199.9,14.269,32.532
1.7,0.7,62.3,10.3,13.5,2009,,60.0,74647.8,314.93,169.41,192.49,812.55,147.77,42.93,155.89,11.0,2285.0,113.21,690335.0,205.5,207.78,11.842,29.026
2.0,0.9,58.1,13.6,15.1,2010,,60.0,87066.0,380.93,192.9,217.78,857.9,150.63,48.41,170.66,9.5,2323.0,107.27,681892.0,228.5,233.17,11.8,26.0
2.29,0.88,48.17,12.75,13.5,2011,,60.0,100498.5,461.56,212.25,235.88,863.91,163.8,54.84,152.37,9.3,2370.0,107.01,671272.0,258.6,253.33,9.3,23.3
1.8,0.9,43.1,9.5,12.1,2012,,60.0,107547.5,505.16,257.14,268.07,882.22,175.98,59.49,142.56,6.6,2354.0,105.87,666924.0,246.2,311.42,14.6,21.8
1.0,0.6,40.5,7.3,8.0,2013,,60.0,114676.2,684.65,289.21,286.47,947.89,189.77,66.88,155.68,7.0,2331.0,107.05,661507.0,222.9,408.95,14.9,25.2
1.9,0.7,47.5,12.1,8.4,2014,,60.0,121303.1,,345.6,319.6,1047.44,200.35,76.85,183.59,6.5,2185.0,105.73,656561.0,,505.21,15.294,20.342
1.9,0.7,40.0,12.4,7.5,2015,,60.0,,,424.02,369.01,1175.5,230.38,90.69,219.69,6.9,,116.64,651108.0,,515.07,,
1.5,0.3,51.1,4.4,6.9,2003,,61.0,171849.0,,85.17,86.21,343.9,89.82,24.09,90.88,12.6,16088.0,112.2,4396672.0,111.6,111.29,4.4,14.6
1.1,0.3,58.8,3.8,6.9,2004,,61.0,221167.4,173.52,94.96,96.73,447.95,100.28,26.29,101.53,8.7,16017.0,113.8,4375520.0,104.2,132.74,3.7,14.2
1.3,0.4,58.7,3.8,6.7,2005,,61.0,263051.5,260.74,110.65,103.86,513.48,107.28,28.88,106.7,8.5,16249.0,112.9,4352715.0,119.6,150.46,2.0,11.2
1.3,0.4,57.3,3.3,5.6,2006,,61.0,340012.5,312.38,142.66,116.39,587.18,118.15,31.55,132.78,8.1,16568.0,110.14,4332443.0,118.9,172.36,2.1,10.9
1.4,0.4,60.8,4.2,5.3,2007,,61.0,450434.7,353.93,153.76,128.79,703.13,134.13,33.66,149.53,6.7,16592.0,107.4,4314652.0,144.9,191.72,1.9,10.5
1.6,0.5,55.0,5.0,5.5,2008,,61.0,576125.7,378.76,138.23,133.92,740.39,152.78,37.18,157.12,6.4,16174.0,111.83,4297613.0,144.8,217.2,1.742,8.145
1.5,0.5,51.0,5.0,5.5,2009,,61.0,555917.1,410.51,172.21,146.96,797.84,178.07,42.46,165.21,8.4,16316.0,115.4,4292469.0,141.9,227.14,2.29,10.341
1.7,0.6,47.5,5.2,5.3,2010,,61.0,659667.4,408.99,193.15,157.88,846.36,201.99,48.28,198.22,7.7,16487.0,107.52,4284775.0,149.1,241.73,1.3,9.1
1.6,0.6,48.69,4.61,5.27,2011,,61.0,765967.2,443.03,204.88,159.73,901.44,213.7,56.07,208.08,7.3,16960.0,106.94,4275223.0,149.4,275.93,1.5,7.8
1.6,0.7,50.8,4.0,5.3,2012,,61.0,843560.3,487.11,233.57,186.53,907.46,239.6,62.66,217.83,6.0,17136.0,105.8,4260643.0,145.2,339.69,1.1,8.6
1.5,0.6,52.6,4.5,4.6,2013,,61.0,917689.1,614.57,274.19,202.02,982.78,274.41,69.2,235.02,6.0,16395.0,106.35,4254613.0,135.3,447.55,1.1,7.1
1.3,0.5,55.0,4.5,3.9,2014,,61.0,1000247.6,,312.72,215.16,1183.57,294.79,76.8,251.56,5.9,16278.0,105.32,4245532.0,,564.81,1.532,7.705
1.2,0.6,42.7,4.7,3.3,2015,,61.0,,,350.21,234.46,1355.23,334.69,90.22,264.25,6.1,,114.27,4242080.0,,595.5,,
1.2,0.2,46.5,2.9,12.5,2003,,62.0,59607.2,,103.95,89.43,411.99,116.09,24.91,81.31,8.4,6458.0,114.9,1223738.0,157.9,108.96,35.6,16.0
1.2,0.2,54.9,3.2,10.0,2004,,62.0,69996.0,263.22,110.25,101.46,515.29,119.33,25.8,87.73,5.8,6419.0,111.7,1210325.0,155.0,130.38,38.5,15.7
1.2,0.2,57.6,4.2,9.3,2005,,62.0,84382.7,306.45,120.57,103.94,553.15,131.03,27.48,91.57,5.2,6331.0,110.1,1199404.0,172.8,157.52,32.1,12.5
1.3,0.2,58.1,4.0,9.3,2006,,62.0,105491.9,321.99,140.5,120.74,590.36,141.13,29.24,116.82,4.9,6404.0,108.39,1188811.0,170.4,177.76,19.0,13.0
1.2,0.3,60.6,5.7,9.5,2007,,62.0,121305.2,313.5,159.8,146.0,662.95,146.59,31.23,131.39,3.7,6449.0,107.58,1181504.0,181.3,190.36,14.5,9.1
1.2,0.4,58.0,6.4,9.4,2008,,62.0,150151.2,328.04,179.39,159.62,680.12,153.12,34.34,143.26,5.4,6714.0,115.68,1174337.0,179.4,211.2,15.244,11.368
1.2,0.4,55.6,6.4,8.4,2009,,62.0,153634.1,358.42,228.32,176.78,734.06,168.15,41.04,188.07,9.0,6386.0,116.21,1167904.0,174.2,216.63,10.133,8.488
1.4,0.5,58.6,6.7,8.7,2010,,62.0,179127.9,303.73,226.49,185.78,746.34,167.92,43.97,200.24,8.4,6542.0,106.48,1161805.0,183.6,231.59,10.1,7.2
1.41,0.5,65.73,7.96,8.32,2011,,62.0,214142.6,323.85,224.53,180.21,764.32,169.34,51.9,220.77,7.2,6580.0,107.87,1151838.0,200.3,251.28,5.3,7.0
1.6,0.6,71.4,6.5,9.2,2012,,62.0,253881.6,366.61,237.45,181.73,833.01,186.72,56.58,222.88,4.6,5989.0,105.56,1148457.0,214.9,293.21,7.0,7.2
1.6,0.6,66.0,5.6,7.5,2013,,62.0,279286.5,535.75,270.22,184.21,890.95,199.05,60.89,241.55,4.7,5882.0,106.41,1144650.0,217.2,381.14,4.8,6.7
1.4,0.6,52.1,6.7,5.6,2014,,62.0,297333.9,,317.56,221.64,1047.5,221.91,65.74,256.88,4.4,5914.0,106.21,1140844.0,,526.0,6.238,6.941
1.3,0.6,51.6,6.5,5.5,2015,,62.0,,,367.35,253.07,1125.19,229.04,73.61,286.05,4.7,,117.17,1135438.0,,519.57,,
1.1,0.3,43.5,2.1,7.9,2003,,63.0,256554.6,,83.97,105.57,380.72,107.62,24.91,62.47,4.4,15405.0,112.7,3235699.0,112.9,123.68,26.4,28.0
1.1,0.2,50.1,2.0,8.4,2004,,63.0,327118.5,208.34,109.11,115.84,411.27,118.15,28.21,74.33,5.3,15678.0,112.7,3229151.0,112.9,139.66,17.4,25.5
0.9,0.3,51.1,3.5,10.2,2005,,63.0,401812.2,227.49,119.57,118.45,455.65,127.42,29.18,78.67,5.4,15555.0,111.4,3225275.0,139.4,152.34,19.4,23.2
1.3,0.3,60.8,3.8,9.3,2006,,63.0,487713.5,247.02,99.85,121.98,517.02,121.41,31.04,66.1,4.2,15856.0,108.41,3225643.0,162.5,171.58,11.4,20.6
1.4,0.5,63.4,5.8,9.5,2007,,63.0,584968.6,290.95,137.4,142.82,592.59,127.09,31.93,64.22,4.1,15749.0,106.97,3223938.0,161.0,189.94,12.1,18.6
1.7,0.6,63.9,6.4,10.7,2008,,63.0,699295.6,324.02,148.74,149.77,623.31,130.61,37.54,72.33,4.2,15379.0,110.65,3220938.0,145.3,209.3,19.451,19.325
1.5,0.5,58.0,7.0,10.2,2009,,63.0,583999.9,351.3,171.82,167.09,648.86,148.08,40.32,78.32,6.1,15592.0,113.75,3221513.0,136.1,208.08,15.895,13.845
1.9,0.6,61.4,6.2,9.4,2010,,63.0,695651.2,393.39,163.56,172.23,727.28,155.84,45.75,87.16,5.8,15342.0,106.17,3220910.0,132.6,206.73,8.5,9.8
2.38,0.7,61.93,5.97,9.5,2011,,63.0,834149.3,424.46,190.55,188.96,732.6,164.52,52.84,92.07,5.1,15877.0,106.09,3215311.0,131.0,229.64,1.3,9.5
1.9,0.7,56.0,6.4,8.2,2012,,63.0,937434.5,447.81,245.78,203.2,761.81,178.11,60.08,97.01,3.4,15211.0,106.0,3214065.0,143.1,276.45,1.4,8.7
1.9,0.7,55.4,5.7,6.9,2013,,63.0,1048545.8,553.59,335.9,235.66,867.18,190.51,66.57,134.45,3.2,15326.0,105.15,3213289.0,148.1,360.43,0.8,7.8
1.7,0.6,59.9,5.6,4.9,2014,,63.0,1151955.2,,377.52,274.6,994.62,214.13,74.21,145.85,3.0,14873.0,104.11,3211187.0,,517.75,2.179,5.324
1.6,0.6,63.1,5.4,4.4,2015,,63.0,,,429.04,310.71,1148.56,228.29,81.7,169.8,3.4,,114.3,3212676.0,,527.53,,
0.8,0.2,41.3,3.0,8.3,2003,,64.0,119909.0,,113.68,113.28,379.84,107.96,28.02,71.38,10.6,13246.0,110.2,2663481.0,95.7,98.24,14.8,34.5
0.9,0.1,50.3,3.2,8.8,2004,,64.0,151636.9,303.61,117.55,115.13,445.77,107.69,29.01,67.03,10.0,13266.0,110.7,2639528.0,90.3,117.13,21.0,32.8
0.9,0.2,44.1,3.7,9.6,2005,,64.0,170930.5,336.54,119.74,113.12,462.79,109.55,30.17,58.64,9.2,13668.0,108.4,2615575.0,91.3,123.79,18.8,26.7
0.8,0.2,57.8,4.0,8.8,2006,,64.0,204291.2,323.59,125.54,109.22,498.23,110.63,32.33,71.2,8.2,13507.0,105.82,2591231.0,101.2,139.32,21.5,32.6
0.9,0.3,53.2,4.5,9.0,2007,,64.0,252867.2,287.06,142.4,123.72,602.58,124.44,33.74,74.77,8.0,13367.0,106.94,2572396.0,106.4,144.46,15.1,31.1
1.5,0.6,32.7,6.1,8.6,2008,,64.0,321747.2,347.19,151.58,119.63,713.77,133.68,36.56,87.5,7.8,13342.0,110.77,2558322.0,101.4,151.4,20.013,27.188
1.4,0.7,42.7,5.8,8.5,2009,,64.0,326370.4,392.32,158.99,130.06,845.35,142.28,42.5,123.2,8.8,13121.0,113.09,2545296.0,99.7,149.11,20.632,28.807
1.6,0.6,47.6,5.7,8.6,2010,,64.0,376169.4,377.53,173.62,172.64,930.27,160.75,50.22,195.79,6.3,13106.0,106.62,2535434.0,99.4,187.51,18.6,25.5
1.69,0.58,50.3,5.46,8.75,2011,,64.0,431028.0,399.99,201.4,195.94,1119.71,173.04,61.75,207.71,6.0,13304.0,107.43,2519282.0,100.4,216.4,26.3,26.2
1.4,0.6,54.1,5.5,8.8,2012,,64.0,478275.8,469.53,258.77,200.16,1014.37,185.33,67.91,225.86,5.4,13205.0,105.9,2508754.0,103.9,270.32,23.3,25.7
1.2,0.6,40.3,4.8,5.2,2013,,64.0,526178.9,525.03,275.77,227.19,999.59,196.12,71.45,223.63,5.2,13356.0,105.83,2503305.0,113.8,355.06,18.4,22.3
1.5,0.5,37.8,5.1,3.4,2014,,64.0,562261.6,,269.0,245.71,1140.79,200.58,75.94,221.1,4.6,13266.0,105.01,2496552.0,,469.44,20.203,21.926
1.0,0.4,36.3,4.8,3.1,2015,,64.0,,,276.48,260.37,1254.43,212.45,85.96,260.81,4.7,,112.83,2493024.0,,485.37,,
1.4,0.7,38.0,5.2,23.2,2003,,65.0,63139.2,,139.88,143.02,344.01,165.13,39.75,116.09,9.4,2351.0,111.8,545008.0,202.6,137.84,66.5,23.5
1.5,0.8,36.3,5.1,20.3,2004,,65.0,91729.6,252.03,156.82,154.25,532.07,165.4,40.35,120.36,7.4,2393.0,111.5,536783.0,213.4,170.63,63.3,20.4
2.2,1.0,39.5,6.9,19.1,2005,,65.0,121014.1,278.85,173.54,162.87,613.51,166.5,42.42,126.61,7.7,2292.0,114.1,529813.0,260.3,207.37,70.3,24.4
1.9,1.1,54.5,6.2,17.1,2006,,65.0,166105.4,334.07,175.7,168.22,677.89,166.7,43.4,132.39,4.8,2388.0,112.96,521121.0,262.9,232.88,60.9,18.1
2.1,0.8,52.2,5.7,17.8,2007,,65.0,286273.0,373.9,194.17,195.38,766.03,189.21,45.27,135.87,4.6,2403.0,108.94,513452.0,266.1,238.25,33.5,17.9
3.0,1.5,64.0,8.1,19.2,2008,,65.0,333581.6,414.32,206.02,202.29,850.98,192.46,48.16,116.01,7.4,2457.0,112.66,509364.0,223.2,250.2,18.779,15.488
3.5,1.4,51.4,7.7,19.2,2009,,65.0,392380.1,553.38,218.21,203.31,876.75,202.25,56.4,121.42,9.8,2448.0,113.75,504896.0,187.6,274.47,13.849,12.093
3.8,1.5,59.5,8.8,18.8,2010,,65.0,487659.5,699.19,234.7,213.41,985.54,189.57,64.68,158.04,8.9,2440.0,111.27,501279.0,174.1,309.46,4.8,15.4
3.89,1.52,67.32,8.5,18.51,2011,,65.0,600247.9,744.2,255.88,240.62,985.54,195.34,75.38,173.79,7.9,2522.0,108.98,496739.0,158.6,328.95,4.2,8.7
3.8,1.4,67.2,8.1,17.1,2012,,65.0,641886.4,793.45,255.53,256.47,894.8,215.01,82.4,181.03,7.7,2526.0,105.72,495402.0,153.7,395.97,8.7,12.5
3.8,1.4,70.9,7.2,15.0,2013,,65.0,671743.6,892.71,272.0,267.78,1009.93,239.16,95.33,202.57,7.2,2569.0,105.47,493302.0,179.6,498.47,12.4,14.0
3.8,1.3,76.7,8.0,13.4,2014,,65.0,793481.6,,275.59,337.87,1128.15,247.81,107.54,216.03,6.5,2402.0,105.9,491027.0,,628.35,0.613,10.618
3.9,1.3,82.8,8.6,15.1,2015,,65.0,,,282.2,393.28,1343.12,273.6,121.48,257.7,6.3,,112.42,488391.0,,667.16,,
1.0,0.5,56.9,7.2,15.2,2003,,66.0,284576.3,,98.45,100.81,412.14,97.5,25.24,93.12,7.6,18848.0,111.2,4477552.0,188.7,117.13,51.6,45.5
1.0,0.6,75.9,7.7,15.9,2004,,66.0,364368.8,228.65,119.99,94.35,485.42,101.6,28.15,63.06,7.3,18395.0,110.8,4434165.0,213.0,137.98,41.9,40.4
1.0,0.6,80.5,8.5,17.3,2005,,66.0,475575.5,243.84,123.12,98.35,531.46,104.6,29.6,64.59,6.8,18451.0,111.9,4394041.0,214.3,149.7,36.1,40.3
0.9,0.6,96.1,8.8,19.7,2006,,66.0,653908.3,286.48,133.1,118.56,557.35,126.97,31.17,62.1,7.0,18716.0,109.52,4356425.0,207.3,171.54,29.1,36.7
1.3,0.6,96.7,10.3,17.2,2007,,66.0,820792.5,375.65,181.36,159.77,555.96,136.01,33.26,76.59,5.2,19255.0,108.19,4330579.0,196.7,197.93,18.6,33.4
1.5,0.9,97.7,10.1,16.0,2008,,66.0,923550.8,454.9,182.5,152.66,575.85,134.64,36.42,82.88,4.8,19249.0,112.14,4320114.0,171.0,222.8,18.065,29.851
1.4,0.8,95.8,8.9,14.9,2009,,66.0,825267.4,464.21,203.47,163.06,582.17,148.68,42.32,100.4,8.2,18655.0,115.33,4314337.0,147.5,238.21,16.294,30.79
1.7,0.9,91.4,10.7,14.1,2010,,66.0,1046600.1,483.15,199.19,162.99,536.35,156.61,48.17,110.18,8.4,19637.0,107.5,4308472.0,143.0,262.53,13.9,28.1
1.85,0.9,92.02,8.67,12.81,2011,,66.0,1291019.1,560.65,211.62,180.51,587.53,166.79,56.25,106.64,7.2,19552.0,107.91,4297227.0,127.8,290.22,15.7,26.1
1.9,0.9,90.8,7.6,11.6,2012,,66.0,1484879.0,536.76,243.17,204.05,634.91,182.16,62.56,114.75,5.8,18426.0,106.2,4307594.0,124.9,350.5,13.5,25.4
2.0,1.0,91.7,7.1,11.8,2013,,66.0,1568655.2,645.93,275.53,215.95,712.61,192.86,69.2,116.49,5.9,19209.0,106.11,4315830.0,110.4,446.12,14.0,24.1
1.8,0.9,73.7,7.3,8.4,2014,,66.0,1661431.0,,318.35,230.26,778.93,217.41,74.17,121.36,6.1,18957.0,106.16,4320677.0,,582.52,15.911,24.907
1.7,1.0,65.0,6.5,8.4,2015,,66.0,,,375.44,252.55,892.68,233.09,84.38,126.15,6.5,,115.4,4327472.0,,600.42,,
1.5,0.3,92.3,8.8,25.6,2003,,67.0,49085.7,,120.07,121.77,433.74,111.09,21.91,65.6,10.8,6474.0,112.9,1045878.0,134.9,91.91,47.2,41.2
1.5,0.3,84.5,7.9,24.5,2004,,67.0,56113.9,232.5,128.56,135.65,472.44,114.36,24.39,66.44,9.1,6412.0,113.4,1039132.0,137.1,102.03,51.0,40.1
1.6,0.3,78.9,7.4,17.7,2005,,67.0,65525.6,243.3,151.01,144.47,519.19,116.53,26.61,76.84,7.7,6122.0,111.9,1032297.0,150.7,119.08,52.8,38.1
1.8,0.3,66.2,7.4,17.8,2006,,67.0,79043.4,311.9,177.17,151.18,556.99,121.57,30.46,81.69,8.1,6041.0,108.51,1025442.0,148.7,147.75,39.8,35.8
1.8,0.4,62.8,8.4,13.4,2007,,67.0,95703.4,310.01,214.99,174.88,657.53,130.37,32.93,87.59,6.7,5966.0,109.1,1017901.0,159.5,167.99,39.7,27.5
2.0,0.6,60.7,9.3,14.1,2008,,67.0,121601.3,363.25,232.36,162.15,729.93,138.13,37.65,111.02,7.0,5735.0,113.57,1009016.0,141.9,190.5,41.893,25.851
1.7,0.6,57.4,10.2,13.5,2009,,67.0,125348.9,408.28,233.86,176.2,793.91,152.91,43.46,130.81,7.8,5814.0,117.81,1000711.0,137.5,201.97,29.689,28.864
2.3,0.7,54.2,10.7,13.4,2010,,67.0,154681.1,414.68,261.19,202.47,854.27,168.5,48.84,153.79,7.4,5863.0,107.94,993018.0,129.6,222.93,31.2,23.8
2.39,0.73,57.03,9.27,12.46,2011,,67.0,180811.5,413.09,270.15,212.38,802.42,172.32,56.77,206.59,7.6,5882.0,109.07,982887.0,134.5,255.85,15.5,23.4
2.2,1.0,58.3,8.0,13.0,2012,,67.0,201817.0,401.12,322.45,223.98,765.33,186.41,61.39,214.65,5.7,5351.0,105.98,980482.0,141.5,312.83,21.2,21.9
2.2,1.0,56.1,7.5,11.2,2013,,67.0,225887.1,538.71,353.32,246.82,889.26,203.18,70.88,157.66,5.2,5303.0,105.78,975188.0,150.5,383.8,23.6,19.0
2.1,0.9,55.5,8.7,8.8,2014,,67.0,234732.0,,466.61,316.24,972.28,218.69,81.63,158.43,5.1,5259.0,105.26,967896.0,,505.97,23.905,18.317
1.9,0.9,51.8,8.8,7.9,2015,,67.0,,,529.69,381.25,1127.24,239.64,89.01,173.46,6.2,,117.45,964791.0,,542.5,,
1.2,0.3,36.0,2.4,14.5,2003,,68.0,46877.7,,114.78,132.8,568.29,115.66,25.84,76.03,9.1,4001.0,110.5,1174233.0,131.9,110.13,44.9,30.5
1.2,0.3,49.4,1.9,15.4,2004,,68.0,56775.0,125.14,119.3,143.17,641.59,115.16,25.45,91.61,9.5,3939.0,114.4,1161854.0,143.3,123.88,35.6,21.3
1.5,0.2,56.5,1.7,9.8,2005,,68.0,63614.8,187.09,129.84,156.46,676.48,117.11,28.18,143.37,8.6,3842.0,109.8,1150828.0,165.4,132.31,31.2,17.8
1.3,0.2,57.9,2.0,9.7,2006,,68.0,79766.2,197.58,142.98,158.17,627.16,121.53,28.93,136.89,8.7,3907.0,108.62,1138550.0,169.1,154.13,23.9,16.9
1.0,0.3,56.7,4.1,10.4,2007,,68.0,106039.6,221.11,146.35,142.01,785.24,127.96,30.53,148.46,9.2,3832.0,108.12,1127014.0,177.5,158.1,18.4,18.6
1.0,0.3,59.9,4.8,9.7,2008,,68.0,120836.0,214.51,140.41,163.51,938.24,132.67,36.1,157.37,9.1,3808.0,112.2,1116438.0,168.5,194.2,17.068,14.163
1.2,0.3,64.1,5.4,10.0,2009,,68.0,136323.9,310.9,205.56,201.47,1023.49,140.23,40.65,183.12,9.1,3804.0,116.14,1107810.0,168.0,170.89,13.362,13.27
1.3,0.4,71.2,5.4,8.1,2010,,68.0,143902.4,324.35,247.97,196.59,827.43,140.9,43.27,202.72,7.8,3708.0,106.18,1099650.0,167.0,198.59,12.8,14.4
1.31,0.45,69.91,5.77,8.18,2011,,68.0,173283.1,320.03,250.66,210.42,875.28,161.22,52.68,278.81,6.6,3672.0,106.96,1089700.0,165.2,224.39,6.9,14.2
1.2,0.5,78.8,6.6,8.5,2012,,68.0,203331.5,372.61,273.05,225.19,847.06,177.49,56.94,294.92,4.9,3679.0,104.83,1082545.0,190.6,295.29,4.9,14.1
1.1,0.5,82.4,5.2,6.6,2013,,68.0,236335.9,493.02,314.36,253.69,994.16,193.86,64.31,298.37,4.6,3689.0,106.56,1075748.0,192.9,388.35,8.9,12.8
0.8,0.4,61.7,5.2,3.9,2014,,68.0,275820.7,,380.13,279.83,1055.67,209.11,72.76,298.42,4.3,3675.0,105.48,1068934.0,,544.69,11.26,14.357
0.8,0.3,60.9,4.9,3.7,2015,,68.0,,,459.62,318.06,1214.62,228.25,79.26,296.83,4.6,,116.33,1062421.0,,563.27,,
1.7,0.2,41.8,6.8,19.3,2003,,69.0,68805.3,,100.61,92.57,272.93,97.36,25.24,,6.6,7494.0,112.8,1465568.0,160.0,114.07,68.4,47.6
2.0,0.3,51.7,8.4,20.4,2004,,69.0,88081.5,153.51,112.47,99.18,385.6,102.46,28.74,,5.4,7364.0,111.8,1447825.0,153.7,137.97,65.1,45.5
2.2,0.3,52.5,7.4,19.8,2005,,69.0,96897.4,170.52,119.76,105.06,443.03,113.63,31.81,,5.8,7307.0,110.9,1432612.0,189.1,165.69,67.7,36.9
2.4,0.4,64.6,6.4,18.1,2006,,69.0,127363.8,195.5,135.31,121.06,478.26,117.87,34.46,,4.5,7367.0,107.77,1415272.0,220.2,174.18,58.9,37.5
2.4,0.4,71.5,6.5,16.5,2007,,69.0,156034.6,235.34,155.12,134.58,564.97,128.92,35.65,131.12,4.1,7243.0,107.02,1398847.0,244.7,188.54,41.0,30.8
2.5,1.0,72.2,10.6,15.7,2008,,69.0,192283.0,250.64,192.03,142.64,640.82,136.17,40.98,139.75,5.1,6926.0,113.63,1386952.0,217.5,203.5,37.978,30.339
2.0,0.9,67.0,8.9,15.3,2009,,69.0,197687.0,277.59,227.35,174.36,684.19,144.31,46.97,149.05,7.7,7025.0,114.14,1375415.0,186.7,217.7,34.876,32.971
2.0,0.8,65.5,9.4,14.8,2010,,69.0,219004.9,293.89,251.46,197.07,632.56,150.92,53.72,151.67,6.6,7169.0,107.0,1365329.0,167.2,220.3,26.2,28.8
1.85,0.81,66.51,8.69,13.86,2011,,69.0,255073.0,310.83,252.32,185.01,792.78,160.78,61.46,151.97,6.0,7331.0,107.72,1350086.0,143.3,246.36,20.7,25.3
1.7,1.0,64.6,9.8,13.8,2012,,69.0,268063.9,340.33,251.43,210.67,892.07,179.32,65.99,164.17,5.0,7168.0,105.69,1342200.0,155.2,308.91,18.0,27.3
1.4,1.0,64.5,7.1,12.5,2013,,69.0,298669.2,440.66,308.06,225.93,922.32,188.96,69.65,170.49,5.3,6296.0,105.49,1334061.0,146.4,377.88,16.8,23.9
1.7,0.8,64.2,8.1,9.4,2014,,69.0,307376.7,,399.43,249.09,1040.28,206.89,77.99,161.18,5.3,6272.0,105.59,1325249.0,,500.23,19.392,24.391
1.8,0.8,68.6,8.3,9.2,2015,,69.0,,,554.99,296.95,1107.7,239.07,89.06,162.21,5.6,,116.82,1315071.0,,530.72,,
1.5,0.4,43.3,7.8,17.4,2003,,70.0,97084.3,,105.14,94.53,394.83,127.07,26.58,83.75,13.7,7125.0,114.4,1045539.0,68.4,113.96,31.8,42.0
0.7,0.1,47.9,7.2,13.4,2004,,70.0,132439.3,316.6,110.72,99.98,457.79,125.44,29.04,97.42,10.1,6789.0,111.8,1037952.0,68.0,135.26,35.7,38.7
0.7,0.1,51.4,8.0,13.7,2005,,70.0,159578.5,326.98,120.41,106.31,483.7,122.58,31.3,103.67,10.5,6891.0,111.1,1029944.0,66.6,148.99,45.4,36.2
0.6,0.1,61.2,6.3,13.4,2006,,70.0,188800.7,338.87,138.52,115.95,524.73,127.21,33.95,120.99,8.9,6985.0,109.26,1024294.0,88.7,158.67,25.9,35.3
1.4,0.6,59.1,8.2,13.9,2007,,70.0,214487.0,364.85,152.26,130.25,618.1,136.1,35.64,143.32,6.8,6942.0,106.21,1023063.0,91.2,170.21,27.2,28.1
1.4,0.7,67.8,8.6,13.6,2008,,70.0,248906.2,434.99,187.38,141.13,641.63,148.18,40.05,171.38,8.1,6895.0,111.44,1026307.0,82.3,182.6,24.114,26.236
1.1,0.7,58.6,6.8,12.7,2009,,70.0,245808.3,478.58,202.38,149.54,769.47,171.6,45.24,199.33,8.7,7092.0,114.04,1031522.0,78.3,194.37,5.763,20.651
1.5,0.7,51.1,7.6,12.4,2010,,70.0,284676.7,548.66,231.14,167.23,833.53,181.48,50.79,236.19,7.7,7250.0,106.87,1040245.0,84.9,212.64,4.6,18.6
1.63,0.75,46.4,7.41,12.54,2011,,70.0,333885.7,579.94,246.42,169.31,728.95,201.3,61.06,254.39,9.1,7411.0,108.04,1048538.0,88.9,242.81,3.6,16.7
1.5,0.8,42.4,7.9,12.0,2012,,70.0,371472.9,630.18,257.27,183.04,798.54,209.86,65.33,268.36,8.4,6583.0,105.69,1057748.0,89.7,301.94,4.5,17.5
1.5,0.8,44.6,7.6,11.2,2013,,70.0,402562.1,715.0,293.47,193.24,869.79,228.41,71.15,270.07,7.6,6540.0,106.16,1064245.0,86.4,392.48,7.7,23.7
1.5,0.7,45.1,5.5,6.8,2014,,70.0,428066.7,,346.11,219.14,889.46,247.47,80.05,244.58,7.6,6577.0,106.06,1070128.0,,535.0,9.233,20.517
1.5,0.7,46.2,5.5,6.7,2015,,70.0,,,366.21,230.33,991.16,250.2,93.67,249.61,7.7,,114.77,1074453.0,,554.09,,
0.6,0.2,41.1,3.5,12.6,2003,,71.0,72258.0,,107.57,93.57,377.92,102.37,25.69,72.19,5.3,5553.0,116.7,1669792.0,117.4,112.97,37.1,30.9
0.6,0.2,40.6,4.6,12.1,2004,,71.0,88119.6,196.21,114.74,100.31,451.56,104.96,27.02,80.35,4.7,5505.0,114.1,1649221.0,168.4,129.04,37.0,28.0
0.7,0.2,41.8,4.6,11.0,2005,,71.0,116221.2,244.81,126.24,104.43,469.29,110.06,27.83,,5.0,5474.0,110.8,1631778.0,176.0,148.58,33.6,29.6
1.2,0.3,43.7,5.0,8.6,2006,,71.0,142240.1,260.8,136.86,113.89,530.38,113.63,28.86,,2.8,5526.0,107.4,1615194.0,182.8,173.2,32.6,26.9
1.6,0.4,43.6,5.4,8.6,2007,,71.0,174110.9,239.67,161.72,132.62,689.53,126.05,30.56,88.69,2.6,5463.0,107.19,1600138.0,193.4,180.12,29.9,24.9
1.9,0.5,46.3,5.7,8.5,2008,,71.0,231730.8,253.51,186.5,138.91,736.63,144.47,33.6,85.83,3.4,5376.0,116.25,1587959.0,191.4,205.0,31.352,20.709
1.9,0.5,47.1,6.5,8.8,2009,,71.0,214925.4,285.27,230.05,154.61,756.73,162.89,38.03,92.22,6.0,5304.0,115.92,1576346.0,184.0,205.93,21.787,20.494
2.3,0.6,47.6,6.2,9.2,2010,,71.0,237629.2,294.47,251.41,195.94,755.22,176.87,42.26,78.43,5.8,5137.0,108.78,1564654.0,183.6,225.94,14.8,18.6
2.46,0.5,51.53,6.34,9.55,2011,,71.0,279879.3,323.06,261.78,207.28,795.53,189.94,52.63,82.94,5.3,5223.0,107.55,1550330.0,189.5,242.07,15.4,17.2
2.3,0.6,45.6,6.4,9.2,2012,,71.0,311240.3,355.44,279.87,227.21,820.39,184.02,56.29,85.89,4.6,5165.0,106.25,1544545.0,170.4,305.06,24.6,15.6
1.5,0.6,46.6,4.8,7.0,2013,,71.0,348034.8,469.89,336.44,258.67,955.39,207.74,63.98,92.75,4.2,5110.0,107.05,1532436.0,172.1,406.58,24.9,15.7
1.3,0.6,47.8,5.3,5.6,2014,,71.0,408485.0,,429.03,278.89,1097.13,216.25,72.25,98.54,4.1,5244.0,105.41,1521497.0,,522.51,24.975,16.606
1.2,0.5,47.9,5.0,5.4,2015,,71.0,,,518.71,343.34,1187.84,229.82,82.26,117.83,4.1,,116.51,1513570.0,,540.63,,
1.2,0.5,93.3,5.0,18.6,2003,,72.0,1117514.4,,155.68,126.82,501.37,127.01,33.99,80.39,8.3,15513.0,110.7,3269862.0,230.3,140.43,13.3,34.9
1.0,0.5,94.5,4.9,18.6,2004,,72.0,1536733.8,432.4,164.99,127.86,542.17,132.42,35.22,80.07,8.6,15697.0,109.8,3281655.0,217.2,154.71,16.7,32.1
0.7,0.5,101.1,4.2,18.9,2005,,72.0,2215584.5,437.32,164.53,131.08,582.75,140.4,38.28,86.28,6.7,16124.0,111.8,3288337.0,225.2,176.41,16.3,34.3
0.6,0.4,106.6,3.0,19.8,2006,,72.0,2551355.5,445.41,186.82,140.71,615.8,149.98,40.56,95.21,6.9,16618.0,111.89,3293830.0,225.8,198.44,13.8,28.4
1.8,1.1,95.4,6.6,15.2,2007,,72.0,2758813.0,472.93,216.22,170.33,722.61,157.62,44.4,102.14,5.9,17054.0,109.76,3306698.0,222.5,219.61,8.9,27.6
1.8,1.1,93.4,7.2,15.0,2008,,72.0,3121401.2,495.41,221.32,180.6,746.98,163.69,47.78,109.83,6.7,17074.0,109.12,3330607.0,198.0,229.7,8.21,25.279
1.8,1.3,86.6,7.1,13.2,2009,,72.0,2870284.0,546.22,249.2,200.62,783.23,180.74,53.42,139.37,6.8,17612.0,110.74,3351694.0,181.3,247.76,7.38,25.596
2.0,1.3,87.4,7.7,12.8,2010,,72.0,3301573.2,582.2,276.4,226.6,807.05,200.54,60.27,160.13,6.9,18369.0,109.75,3378795.0,175.7,262.49,6.6,24.3
2.1,1.29,86.65,7.3,12.09,2011,,72.0,4112596.0,614.33,298.09,245.75,867.61,210.56,68.27,173.66,5.8,18599.0,105.9,3405265.0,180.0,281.16,5.3,22.2
2.0,1.3,85.5,7.4,12.0,2012,,72.0,4625467.5,627.53,313.01,249.64,910.97,220.41,74.45,183.06,5.2,17895.0,104.73,3459438.0,190.4,325.5,5.1,20.4
2.1,1.3,83.5,6.7,11.5,2013,,72.0,4950207.5,686.03,342.88,267.89,964.77,243.84,82.87,192.85,4.7,18348.0,105.72,3510683.0,177.5,389.71,5.1,20.0
2.0,1.2,77.9,5.2,9.9,2014,,72.0,5178490.0,,382.03,293.43,1027.21,258.91,90.53,196.52,4.7,18377.0,105.25,3546345.0,,508.47,4.518,17.228
2.0,1.2,75.7,5.1,9.7,2015,,72.0,,,439.55,321.83,1155.48,285.32,105.76,242.52,4.9,,111.11,3581293.0,,563.65,,
0.7,0.3,42.5,4.1,10.5,2003,,73.0,55184.3,,130.62,119.75,369.61,95.64,19.92,67.3,7.3,4908.0,114.6,1378931.0,106.0,96.71,41.9,18.8
0.8,0.3,45.3,5.5,10.4,2004,,73.0,67501.0,196.6,132.02,123.56,389.38,94.78,22.04,87.85,9.5,4836.0,114.9,1366879.0,102.2,120.82,42.6,22.4
0.8,0.3,32.6,5.2,11.2,2005,,73.0,80584.4,212.4,136.84,121.57,426.06,101.05,23.12,80.01,7.7,4762.0,110.8,1354580.0,105.6,130.82,42.3,18.8
0.9,0.4,49.5,4.5,7.9,2006,,73.0,101950.3,218.51,151.36,123.05,464.38,111.82,24.99,89.71,6.8,4807.0,110.5,1340335.0,104.8,156.07,35.9,18.7
1.1,0.4,52.8,5.3,8.1,2007,,73.0,124676.2,249.51,164.15,138.12,538.79,125.33,27.23,108.61,4.6,4786.0,106.81,1325914.0,105.2,175.25,22.2,17.8
1.3,0.4,41.1,6.8,8.0,2008,,73.0,150680.3,265.65,183.05,153.49,610.71,133.63,30.04,121.46,7.0,4744.0,113.71,1316217.0,98.2,183.8,25.141,13.984
1.2,0.4,39.9,6.4,8.3,2009,,73.0,154247.4,310.77,214.34,159.31,702.4,160.55,38.87,140.25,8.9,4724.0,114.72,1308692.0,89.9,164.75,22.047,16.823
1.6,0.5,40.0,7.0,8.8,2010,,73.0,178235.4,330.4,228.36,189.95,779.06,161.23,43.83,170.71,8.8,4666.0,106.95,1301689.0,101.8,192.29,22.1,15.1
1.54,0.53,54.9,7.41,8.49,2011,,73.0,223672.7,314.58,233.31,193.24,813.55,163.55,55.84,180.42,6.8,4715.0,108.61,1290478.0,124.6,225.93,21.9,10.3
1.6,0.5,54.6,6.6,8.2,2012,,73.0,240556.1,367.42,235.68,202.47,826.35,172.12,59.16,195.48,5.6,4762.0,105.76,1282094.0,172.0,300.14,13.8,10.8
1.7,0.5,55.2,5.3,7.4,2013,,73.0,265288.7,475.05,327.94,216.31,836.36,186.67,63.73,218.74,5.5,4924.0,105.86,1274487.0,159.5,392.37,13.2,10.9
1.2,0.5,47.6,6.4,4.9,2014,,73.0,279040.4,,440.52,239.54,1007.32,208.07,70.5,222.68,4.8,5056.0,105.35,1267561.0,,492.41,14.94,9.486
1.3,0.5,52.3,5.5,4.6,2015,,73.0,,,466.06,252.17,1102.45,238.43,81.28,251.49,4.9,,115.21,1262549.0,,508.3,,
1.2,0.7,65.1,4.7,16.4,2003,,74.0,220185.2,,91.02,88.49,454.84,82.84,28.41,62.14,5.9,14290.0,110.6,3597659.0,153.1,103.35,31.2,50.3
1.3,0.8,81.0,6.1,17.5,2004,,74.0,291179.9,195.55,87.69,87.83,500.44,88.12,28.19,59.5,5.1,14321.0,111.8,3569284.0,151.0,120.08,30.7,47.7
1.5,0.8,90.9,8.0,19.5,2005,,74.0,349957.2,196.95,92.06,100.43,537.01,107.69,30.12,54.63,5.3,14260.0,111.7,3541787.0,151.6,146.53,30.8,45.0
1.5,0.9,103.9,8.2,16.0,2006,,74.0,446918.0,243.82,118.25,120.7,575.71,122.62,32.48,56.66,5.1,14448.0,110.07,3516661.0,151.6,171.08,26.6,39.6
1.7,0.9,118.3,12.0,14.9,2007,,74.0,575643.7,263.95,137.73,135.03,558.22,146.96,34.17,60.54,2.5,14433.0,108.04,3496983.0,151.4,185.65,17.3,39.4
1.7,0.6,129.4,12.4,15.3,2008,,74.0,664492.7,268.01,178.2,167.24,729.18,161.0,39.71,64.23,4.3,14238.0,110.88,3489092.0,148.8,219.8,14.474,36.554
1.8,0.6,120.8,12.7,15.2,2009,,74.0,556985.3,330.63,190.19,176.81,717.75,186.63,45.4,76.99,8.0,14321.0,112.4,3484809.0,144.6,215.66,13.709,36.596
1.7,0.6,108.9,9.8,11.9,2010,,74.0,652865.5,332.66,203.21,184.09,763.99,179.65,46.99,82.35,7.5,14932.0,107.84,3481818.0,144.3,229.09,15.4,34.9
1.54,0.55,85.8,8.34,11.53,2011,,74.0,774401.0,349.15,195.23,169.88,726.12,174.39,53.68,90.03,6.6,15282.0,109.09,3475634.0,143.8,236.11,10.4,30.9
2.1,0.6,77.2,7.0,11.8,2012,,74.0,841972.3,377.3,224.57,178.36,732.48,187.43,60.27,106.11,6.4,14555.0,107.55,3480142.0,141.4,310.02,7.8,30.1
1.9,0.7,79.8,4.7,6.8,2013,,74.0,882339.6,502.27,280.0,214.76,796.93,196.77,69.48,113.73,6.0,14578.0,104.92,3485272.0,138.2,393.75,7.8,32.8
1.7,0.6,53.9,5.9,5.8,2014,,74.0,992866.4,,353.77,231.37,877.16,212.61,77.59,133.03,6.2,14866.0,104.89,3490053.0,,530.74,12.194,25.618
1.9,0.8,49.6,5.7,6.3,2015,,74.0,,,393.88,283.87,1046.39,231.91,88.95,147.38,7.0,,113.35,3497274.0,,557.68,,
0.6,0.1,38.1,5.9,12.4,2003,,75.0,53145.5,,114.09,100.23,303.73,120.16,29.49,119.6,14.2,5742.0,113.3,1152596.0,118.8,128.01,68.8,77.2
3.0,1.8,190.4,15.7,40.6,2004,,75.0,61261.8,245.37,121.92,95.48,366.27,119.64,30.63,118.83,12.6,5835.0,110.4,1142687.0,129.4,143.47,60.2,77.0
3.0,1.2,202.1,16.3,31.0,2005,,75.0,69647.1,262.31,135.82,107.68,431.17,130.84,34.5,126.11,8.6,5898.0,110.9,1132780.0,131.6,163.87,65.7,72.2
3.1,1.3,207.3,13.7,31.7,2006,,75.0,90732.1,285.51,144.92,112.82,450.44,136.78,35.36,143.17,6.2,6162.0,111.33,1123327.0,140.0,193.25,50.4,70.6
0.8,0.2,61.9,6.7,13.5,2007,,75.0,110822.4,284.33,136.76,122.51,485.72,147.74,37.02,167.69,8.7,6210.0,109.72,1115143.0,146.3,211.82,35.3,80.0
0.9,0.3,64.1,6.9,13.7,2008,,75.0,140302.0,304.19,140.3,131.61,610.08,160.3,39.29,183.58,14.9,6333.0,107.67,1111439.0,132.5,227.3,25.582,70.037
1.0,0.4,66.8,6.5,13.8,2009,,75.0,148587.9,392.67,161.42,149.7,644.29,162.05,46.13,188.49,12.0,6331.0,113.23,1109196.0,123.4,237.59,28.021,71.799
1.0,0.4,65.3,6.4,13.4,2010,,75.0,166742.5,403.79,203.28,179.13,597.98,193.32,50.44,158.88,11.1,6206.0,107.56,1108973.0,129.0,245.93,29.4,65.3
1.07,0.45,66.83,6.52,13.81,2011,,75.0,203869.0,438.47,266.9,207.44,732.49,210.43,57.82,185.97,10.6,6294.0,105.56,1106155.0,125.8,270.77,26.8,65.8
1.1,0.4,68.0,6.6,13.6,2012,,75.0,223968.8,456.86,268.13,208.72,735.46,212.28,59.51,155.16,10.6,6386.0,106.08,1099396.0,117.3,319.02,26.4,58.2
1.1,0.4,64.5,6.4,12.7,2013,,75.0,229239.4,599.58,295.31,220.75,853.22,232.77,70.6,173.62,10.5,5762.0,104.82,1095169.0,141.8,469.48,22.8,54.1
1.1,0.3,38.8,6.6,9.2,2014,,75.0,227582.4,,327.24,241.9,959.56,246.47,82.48,199.39,10.0,5677.0,104.76,1090344.0,,583.9,24.979,47.662
1.0,0.3,36.2,6.3,8.6,2015,,75.0,,,347.99,283.46,1105.4,287.61,99.64,288.89,10.4,,110.62,1087452.0,,584.97,,
0.5,0.1,62.3,3.8,18.6,2003,,76.0,92073.4,,112.21,100.05,429.89,97.64,21.63,,5.7,7671.0,111.9,1364374.0,162.9,115.19,90.2,36.3
0.4,0.1,63.6,3.9,18.9,2004,,76.0,112438.7,132.07,116.99,102.24,475.6,102.36,23.65,,4.6,7585.0,111.7,1347055.0,176.6,138.64,79.1,32.0
0.5,0.2,62.7,5.5,14.5,2005,,76.0,131252.1,151.79,146.53,107.7,508.82,112.19,27.37,,3.9,7630.0,112.3,1329799.0,186.0,148.97,66.9,31.0
0.6,0.3,66.8,5.7,14.7,2006,,76.0,153251.5,173.25,157.92,120.28,583.49,118.52,30.98,,2.9,7761.0,109.19,1312813.0,193.8,176.49,57.6,27.1
1.4,0.6,70.8,9.7,15.1,2007,,76.0,186577.5,203.9,176.88,146.27,672.35,127.46,33.72,,3.4,7763.0,108.58,1299965.0,211.5,198.07,42.0,26.2
1.3,0.7,71.1,10.4,13.9,2008,,76.0,214946.3,223.77,178.49,164.47,734.18,142.82,35.33,,5.8,7725.0,113.66,1292536.0,186.8,213.0,39.079,23.462
1.6,0.7,71.5,10.0,13.6,2009,,76.0,212684.4,250.39,185.22,185.49,816.68,155.18,41.04,,7.9,7881.0,115.33,1286122.0,173.3,225.32,33.323,22.47
2.1,0.8,76.3,11.3,12.2,2010,,76.0,239644.0,268.69,206.82,219.65,857.69,162.37,47.51,,7.5,7996.0,108.33,1280088.0,168.3,249.35,31.7,20.0
1.68,0.85,77.3,10.27,11.84,2011,,76.0,286967.5,331.62,262.22,254.27,920.09,189.94,58.46,133.92,5.1,8367.0,109.0,1271006.0,164.0,244.56,25.0,16.2
1.9,1.1,73.4,9.7,12.7,2012,,76.0,327279.6,338.56,261.61,254.85,949.69,181.84,59.19,136.67,3.4,7409.0,106.74,1271030.0,163.4,325.27,17.1,12.2
1.7,1.0,79.3,7.6,11.1,2013,,76.0,362861.8,528.03,291.57,281.47,1183.34,204.9,70.62,168.56,4.5,7372.0,106.96,1271672.0,156.2,411.58,23.6,13.3
1.5,1.0,60.9,9.9,9.8,2014,,76.0,388135.5,,382.33,325.72,1254.42,225.09,77.02,197.97,3.8,7341.0,105.58,1271766.0,,559.24,24.141,14.39
1.7,1.0,60.9,9.2,9.6,2015,,76.0,,,577.85,396.32,1370.75,239.87,85.88,230.02,5.3,,116.63,1271629.0,,596.39,,
4.1,0.9,89.1,6.2,23.0,2003,,77.0,2188231.5,,206.58,205.96,625.55,128.79,32.6,83.12,1.3,76924.0,110.4,10386903.0,91.0,153.65,4.8,11.0
3.8,1.0,99.1,6.1,24.0,2004,,77.0,2853272.5,357.17,217.03,215.86,681.05,133.74,35.55,89.93,1.6,78523.0,111.5,10535681.0,86.3,172.86,4.2,10.0
3.7,1.0,108.5,6.4,24.2,2005,,77.0,4135154.5,376.13,228.84,227.63,712.78,140.04,37.72,93.33,0.8,79372.0,110.4,10726429.0,129.5,180.21,3.6,9.3
4.2,1.2,111.0,5.9,23.8,2006,,77.0,5260233.0,401.53,248.0,239.42,753.99,148.02,39.94,98.13,1.6,82044.0,107.68,10923762.0,134.9,192.36,2.8,8.8
4.8,1.5,101.4,7.3,22.9,2007,,77.0,6696259.0,433.18,275.07,262.14,835.9,154.96,41.8,107.45,0.8,83329.0,107.89,11091428.0,134.1,204.44,2.6,8.1
5.0,1.6,95.8,8.4,20.2,2008,,77.0,8248652.0,478.12,299.26,272.66,929.57,165.72,44.24,113.95,0.9,84858.0,111.69,11186851.0,118.4,226.4,2.545,7.998
4.8,1.8,79.7,9.4,19.3,2009,,77.0,7126972.5,523.11,326.4,292.57,939.16,188.26,48.85,139.96,2.8,86444.0,112.57,11281631.0,109.8,235.97,1.974,7.166
4.9,1.8,87.8,10.1,16.6,2010,,77.0,8375864.0,560.26,356.4,310.3,955.83,201.96,52.21,157.78,1.8,89700.0,108.76,11382161.0,102.6,249.32,1.4,5.5
5.14,1.8,91.28,9.85,16.92,2011,,77.0,9948773.0,599.84,388.46,332.21,990.96,218.5,62.53,172.22,1.4,90439.0,107.35,11541101.0,102.2,279.12,1.4,5.3
5.0,1.7,89.9,9.7,16.5,2012,,77.0,10666870.0,694.78,401.39,344.88,1012.09,244.87,68.79,185.5,0.8,82595.0,106.78,11856578.0,100.8,355.82,1.4,4.9
5.1,1.7,92.5,8.8,16.0,2013,,77.0,11814897.0,801.7,441.15,378.47,1072.91,269.81,77.91,197.83,1.7,83116.0,106.42,11979529.0,94.0,454.46,0.4,4.7
5.1,1.7,82.9,8.5,15.7,2014,,77.0,12808573.0,,481.48,413.39,1186.32,295.88,85.84,212.81,1.5,80605.0,105.68,12108257.0,,622.22,0.42,4.147
4.5,1.5,79.5,7.5,13.3,2015,,77.0,,,570.76,489.7,1334.32,334.18,93.77,240.37,1.8,,114.66,12197596.0,,670.27,,
2.8,1.0,105.6,6.6,14.3,2003,,78.0,409638.5,,77.59,83.13,308.76,103.78,24.04,87.56,4.2,36025.0,112.2,4656474.0,163.7,124.12,17.7,17.8
2.5,0.8,103.9,4.7,13.9,2004,,78.0,542359.2,234.6,76.1,85.18,330.91,110.44,26.53,88.25,2.7,36926.0,112.7,4662038.0,179.6,139.24,16.8,16.2
2.4,1.1,104.8,10.3,16.2,2005,,78.0,666392.8,241.2,84.47,86.32,346.22,114.8,28.33,92.48,2.2,37720.0,112.0,4686491.0,179.8,149.27,11.7,15.2
2.4,1.4,125.3,7.6,16.4,2006,,78.0,825102.3,255.11,102.12,92.18,357.5,120.61,30.27,94.07,2.4,38158.0,108.67,4712854.0,187.4,170.61,7.8,13.0
2.7,1.4,106.4,9.1,14.0,2007,,78.0,1119660.2,266.9,122.17,124.71,403.5,122.92,31.72,97.92,2.1,37706.0,108.44,4747550.0,194.3,185.55,8.2,13.2
3.6,2.1,125.9,10.4,12.5,2008,,78.0,1431839.6,522.45,182.69,153.78,491.82,129.92,36.48,97.76,2.0,38814.0,113.13,4764864.0,184.3,224.5,6.077,11.956
2.4,1.3,143.0,7.7,9.4,2009,,78.0,1475805.2,644.12,214.08,177.33,573.86,145.53,40.91,114.01,4.1,40226.0,115.83,4798713.0,164.7,243.38,6.338,12.089
3.0,1.2,113.2,8.4,9.5,2010,,78.0,1699486.4,701.89,252.46,207.32,583.74,152.42,48.39,129.72,2.6,41529.0,106.44,4832759.0,154.8,260.63,6.6,10.8
2.71,1.13,82.93,6.9,9.01,2011,,78.0,2091914.2,723.12,279.77,221.58,617.12,164.27,56.99,141.66,2.0,43196.0,106.86,4899344.0,153.3,296.4,5.9,9.8
2.8,1.3,77.2,8.0,8.6,2012,,78.0,2280426.0,747.38,303.92,231.39,673.86,173.82,63.49,150.93,1.1,40507.0,106.01,4953219.0,166.1,369.35,4.5,9.8
2.6,1.0,44.2,6.8,7.2,2013,,78.0,2491423.2,812.79,346.11,252.88,796.78,199.37,68.65,158.3,1.5,41690.0,105.04,5028000.0,164.2,477.91,5.8,9.2
2.9,1.3,41.8,8.2,7.7,2014,,78.0,2652050.2,,404.3,268.81,869.34,211.16,76.79,173.37,1.4,42297.0,105.46,5131942.0,,667.42,5.444,8.543
2.1,1.2,34.3,6.9,6.7,2015,,78.0,,,451.38,311.18,982.29,242.57,89.19,190.29,2.1,,118.02,5191690.0,,694.15,,
0.5,0.2,39.0,5.1,6.4,2003,,79.0,8564.6,,88.95,121.84,358.93,148.51,27.82,,6.9,659.0,114.5,190585.0,137.2,127.9,2.6,65.7
0.3,0.2,51.1,4.4,7.4,2004,,79.0,11230.9,497.05,102.8,130.75,451.11,143.89,29.07,,8.0,664.0,112.1,188412.0,153.9,141.38,7.4,67.6
0.4,0.1,59.1,3.7,7.1,2005,,79.0,14204.2,589.63,106.14,139.55,667.88,178.25,31.48,69.35,7.9,673.0,114.5,185763.0,162.8,154.3,5.3,63.4
0.4,0.1,56.3,3.7,7.5,2006,,79.0,17976.8,622.85,107.25,167.84,892.68,147.46,33.42,69.35,9.8,676.0,109.74,181653.0,207.2,163.65,4.8,58.6
0.9,0.4,52.3,4.4,9.1,2007,,79.0,23726.1,672.83,135.2,177.84,747.67,154.91,27.61,89.89,9.3,676.0,105.13,179405.0,239.6,183.33,8.6,63.0
1.0,0.4,53.2,5.2,10.0,2008,,79.0,23977.0,653.76,195.42,194.4,920.03,157.61,26.91,102.1,9.6,653.0,112.13,178711.0,232.6,196.8,9.705,56.612
1.1,0.4,58.4,5.5,10.7,2009,,79.0,25320.0,636.84,189.84,162.29,983.39,154.17,29.41,118.83,8.5,641.0,115.87,178148.0,167.0,203.96,14.577,61.547
1.2,0.4,59.1,5.5,12.1,2010,,79.0,31555.9,714.42,211.14,196.69,1006.34,159.72,34.92,122.24,9.3,624.0,111.11,177500.0,167.3,233.07,19.8,66.7
1.31,0.5,59.83,5.06,12.17,2011,,79.0,39467.0,851.25,249.83,212.3,1048.61,172.71,44.02,133.62,8.5,638.0,108.69,176304.0,242.4,267.94,38.8,53.0
1.5,0.5,61.7,4.7,12.7,2012,,79.0,42743.6,875.72,252.43,214.15,1063.55,172.71,44.32,134.35,8.5,627.0,107.55,174412.0,232.2,313.75,24.2,65.1
1.7,0.5,65.1,4.5,10.1,2013,,79.0,38428.7,932.48,265.57,239.36,1069.11,207.2,51.14,136.87,8.3,642.0,105.83,172671.0,217.5,433.6,21.0,44.9
1.5,0.4,56.1,5.3,8.8,2014,,79.0,41741.8,,282.38,250.43,1174.71,213.17,58.74,151.03,8.7,651.0,107.6,170377.0,,512.81,17.713,35.425
1.5,0.4,57.3,5.4,9.2,2015,,79.0,,,300.62,318.67,1369.99,235.16,68.63,174.02,7.9,,113.85,168368.0,,529.5,,
0.4,0.1,32.8,4.2,13.9,2003,,80.0,,,86.0,76.0,200.0,115.0,31.0,,12.8,,108.8,,129.7,,,
0.4,0.1,35.7,6.3,12.2,2004,,80.0,,161.12,98.09,83.81,230.0,115.0,31.0,,12.6,,112.4,,124.5,,,
0.4,0.1,31.4,5.2,13.5,2005,,80.0,,199.23,109.4,92.67,250.0,193.1,36.0,,4.4,,111.7,,158.5,,,
0.5,0.1,45.2,5.1,13.0,2006,,80.0,,242.46,126.58,108.0,340.0,180.0,36.0,,0.9,,111.06,,157.1,,,
0.5,0.1,39.4,6.2,14.2,2007,,80.0,,267.18,128.65,110.0,380.0,180.0,45.0,,5.8,,107.25,,225.8,,,
0.7,0.1,42.9,6.6,13.6,2008,,80.0,,272.18,128.65,110.0,380.0,180.0,45.0,,,,113.62,,,,,
0.7,0.2,47.7,7.3,14.3,2009,,80.0,,,,,,,,,,,,,,,32.128,62.971
0.8,0.3,43.5,7.8,14.4,2010,,80.0,,,,,,,,,,,,,,,29.883,74.058
0.77,0.24,39.05,7.31,13.58,2011,,80.0,,,,,,,,,,,,,,,,
0.6,0.3,38.5,7.6,13.1,2012,,80.0,,,,,,,,,,,,,,,,
0.7,0.3,40.0,4.3,10.5,2013,,80.0,,,,,,,,,,,,,,,,
0.8,0.3,39.3,4.9,9.0,2014,,80.0,,,,,,,,,,,,,,,,
0.9,0.3,35.5,5.0,7.6,2015,,80.0,,,,,,,,,,,,,,,,
,,,,,2003,,81.0,,,,,,,,,10.8,,,,135.6,,,
,,,,,2004,,81.0,,,,,,,,,9.6,,,,,,,
,,,,,2005,,81.0,,,,,,,,,15.6,,,,,,,
,,,,,2006,,81.0,,,,,,,,,,,,,,,,
,,,,,2007,,81.0,,,,,,,,,,,,,,,,
,,,,,2008,,81.0,,,,,,,,,,,,,,,,
,,,,,2009,,81.0,,,,,,,,,,,,,,,46.292,91.015
,,,,,2010,,81.0,,,,,,,,,,,,,,,64.49,108.343
,,,,,2011,,81.0,,,,,,,,,,,,,,,,
,,,,,2012,,81.0,,,,,,,,,,,,,,,,
,,,,,2013,,81.0,,,,,,,,,,,,,,,,
,,,,,2014,,81.0,,,,,,,,,,,,,,,,
,,,,,2015,,81.0,,,,,,,,,,,,,,,,
,,,,,2003,,82.0,,,245.93,227.23,627.35,208.66,96.1,,13.1,,,,,199.58,,
,,,,,2004,,82.0,,304.3,239.31,235.53,751.0,214.42,86.22,,11.1,,,,29.1,234.6,,
,,,,,2005,,82.0,,348.64,255.59,251.16,929.52,228.32,80.24,,7.8,,,,17.0,264.77,,
,,,,,2006,,82.0,,377.72,276.47,257.16,1129.96,241.76,87.07,,6.4,,,,34.6,294.74,,
,,,,,2007,,82.0,,429.83,296.35,286.33,1200.0,259.66,94.73,,,,,,,,,
,,,,,2008,,82.0,,,,,,,,,,,,,,,,
,,,,,2009,,82.0,,,,,,,,,,,,,,,19.294,101.293
,,,,,2010,,82.0,,,,,,,,,,,,,,,21.108,58.047
,,,,,2011,,82.0,,,,,,,,,,,,,,,,
,,,,,2012,,82.0,,,,,,,,,,,,,,,,
,,,,,2013,,82.0,,,,,,,,,,,,,,,,
,,,,,2014,,82.0,,,,,,,,,,,,,,,,
,,,,,2015,,82.0,,,,,,,,,,,,,,,,
,,,,,2003,,83.0,,,222.12,238.84,651.14,212.16,54.11,91.69,8.7,148.0,,41699.0,131.6,193.92,0.0,95.8
,,,,,2004,,83.0,,576.4,239.15,272.97,756.62,250.67,57.97,112.59,7.3,152.0,,41881.0,140.8,218.78,11.9,71.6
,,,,,2005,,83.0,,594.24,336.51,344.41,854.06,306.46,72.64,144.83,10.6,164.0,,41906.0,131.2,254.07,21.4,61.9
,,,,,2006,,83.0,,629.27,383.47,393.07,973.56,356.7,76.31,146.95,5.5,165.0,,41914.0,145.6,320.64,23.8,100.1
,,,,,2007,,83.0,,788.79,401.53,323.38,1038.09,352.64,82.12,169.22,6.5,163.0,,41854.0,126.6,326.22,16.7,119.1
,,,,,2008,,83.0,,801.6,401.39,324.15,1093.84,364.94,85.51,167.95,7.9,157.0,,41900.0,124.2,318.5,30.937,102.33
,,,,,2009,,83.0,,798.24,402.68,308.68,1092.57,363.44,84.04,160.21,9.5,163.0,,41857.0,95.3,323.74,37.952,33.208
,,,,,2010,,83.0,,814.85,410.72,353.96,1161.38,367.88,87.06,158.96,6.5,187.0,,42115.0,90.2,338.8,33.2,76.0
,,,,,2011,,83.0,,846.83,456.02,385.35,1194.3,388.87,99.58,176.84,8.7,199.0,,42104.0,106.5,347.69,14.2,71.0
,,,,,2012,,83.0,,846.83,464.41,385.35,1201.61,394.91,101.84,179.0,6.9,212.0,,42437.0,100.9,363.64,18.8,56.3
,,,,,2013,,83.0,,883.0,484.89,398.94,1226.22,402.94,106.6,184.53,7.1,210.0,,42789.0,121.2,429.27,21.0,51.3
,,,,,2014,,83.0,,,497.26,434.02,1308.21,430.84,120.69,202.29,5.3,214.0,,43025.0,,669.7,11.574,41.666
,,,,,2015,,83.0,,,555.99,490.64,1475.28,464.54,140.36,207.27,7.9,,,43373.0,,702.53,,
,,,,,2003,,84.0,,,184.39,132.14,520.78,175.5,45.14,,6.9,,109.0,,70.9,177.28,,
,,,,,2004,,84.0,,1017.48,206.56,132.14,667.09,173.02,47.62,78.36,9.1,,124.0,,76.1,195.66,,
,,,,,2005,,84.0,,730.29,287.21,209.57,636.08,176.59,54.26,78.37,14.0,,103.2,,76.5,202.15,,
,,,,,2006,,84.0,,354.95,196.37,167.53,565.98,179.69,51.55,77.31,10.0,,103.54,,74.2,226.38,,
,,,,,2007,,84.0,,,,,,,,,,,,,,,,
,,,,,2008,,84.0,,,,,,,,,,,,,,,,
,,,,,2009,,84.0,,,,,,,,,,,,,,,21.715,62.43
,,,,,2010,,84.0,,,,,,,,,,,,,,,17.382,37.662
,,,,,2011,,84.0,,,,,,,,,,,,,,,,
,,,,,2012,,84.0,,,,,,,,,,,,,,,,
,,,,,2013,,84.0,,,,,,,,,,,,,,,,
,,,,,2014,,84.0,,,,,,,,,,,,,,,,
,,,,,2015,,84.0,,,,,,,,,,,,,,,,
,,,,,2003,,85.0,,,176.93,107.56,270.43,126.85,30.8,108.0,10.7,,112.2,,136.5,123.73,,
,,,,,2004,,85.0,,245.53,189.88,118.55,330.45,126.85,31.15,112.74,9.8,,109.1,,178.7,155.56,,
,,,,,2005,,85.0,,243.12,199.93,120.78,341.94,131.07,32.63,117.42,12.8,,106.9,,220.1,169.84,,
,,,,,2006,,85.0,,239.52,163.41,124.05,583.64,127.9,35.19,95.51,12.6,,106.42,,182.1,186.28,,
,,,,,2007,,85.0,,260.21,226.65,117.87,699.26,149.52,36.54,99.37,7.7,,106.81,,213.3,188.43,,
,,,,,2008,,85.0,,,,,,,,,,,,,,,,
,,,,,2009,,85.0,,,,,,,,,,,,,,,2.964,61.501
,,,,,2010,,85.0,,,,,,,,,,,,,,,7.191,86.29
,,,,,2011,,85.0,,,,,,,,,,,,,,,,
,,,,,2012,,85.0,,,,,,,,,,,,,,,,
,,,,,2013,,85.0,,,,,,,,,,,,,,,,
,,,,,2014,,85.0,,,,,,,,,,,,,,,,
,,,,,2015,,85.0,,,,,,,,,,,,,,,,
,,,,,2003,,86.0,,,143.37,123.24,461.33,125.14,34.6,80.28,9.3,6813.0,114.2,1437729.0,223.2,141.81,10.1,29.5
,,,,,2004,,86.0,,487.86,145.94,123.44,489.59,124.81,34.48,81.39,9.6,6992.0,109.7,1453541.0,208.1,163.39,10.2,23.7
,,,,,2005,,86.0,,507.25,153.03,130.32,506.86,127.48,38.23,82.81,7.9,7220.0,109.8,1462194.0,206.1,175.49,11.1,26.6
,,,,,2006,,86.0,,457.57,161.82,137.2,550.56,138.24,39.34,87.16,6.3,7545.0,109.87,1467792.0,205.2,201.79,9.8,22.5
,,,,,2007,,86.0,,466.47,190.09,169.82,585.41,148.29,46.23,93.95,7.6,7851.0,110.73,1475188.0,198.8,227.97,5.8,20.4
,,,,,2008,,86.0,,467.33,196.59,178.94,611.65,164.87,49.84,100.71,7.8,8098.0,108.28,1491240.0,180.5,248.9,5.024,16.396
,,,,,2009,,86.0,,488.68,213.85,189.37,722.51,171.43,55.54,108.52,6.9,8361.0,109.97,1504319.0,165.5,260.32,5.231,17.067
,,,,,2010,,86.0,,523.73,241.18,215.24,770.77,183.9,60.84,118.25,7.5,8490.0,113.14,1521222.0,161.9,277.0,4.4,16.3
,,,,,2011,,86.0,,585.8,272.08,242.74,853.5,189.05,66.08,129.32,6.3,8531.0,104.52,1537134.0,163.1,300.58,3.1,13.9
,,,,,2012,,86.0,,586.16,283.52,245.86,853.56,192.06,73.1,137.25,5.5,8559.0,105.13,1561238.0,156.6,355.95,1.9,12.5
,,,,,2013,,86.0,,603.76,313.29,257.63,893.56,213.75,81.01,145.23,4.9,8458.0,105.73,1584063.0,149.9,414.86,1.5,11.1
,,,,,2014,,86.0,,,335.85,265.41,939.1,219.26,84.79,151.08,4.6,8585.0,105.48,1597248.0,,520.15,2.306,12.34
,,,,,2015,,86.0,,,379.6,300.89,1054.79,246.84,108.48,191.2,4.4,,109.78,1612076.0,,635.85,,
1.6,0.9,12.3,3.8,12.3,2003,,87.0,13501.1,,240.0,424.06,998.4,255.67,68.59,129.89,4.9,380.0,117.0,53137.0,57.1,289.9,51.7,76.5
1.9,1.1,10.8,3.4,12.4,2004,,87.0,12357.8,489.85,247.86,471.62,1136.36,269.87,85.42,147.95,3.5,403.0,111.1,51933.0,50.1,336.46,60.7,96.0
1.6,0.7,9.1,4.0,11.1,2005,,87.0,12355.4,626.71,287.93,471.62,1136.36,316.96,82.87,187.59,4.2,413.0,115.3,51815.0,51.8,402.0,47.4,86.9
2.1,0.7,11.0,5.5,17.0,2006,,87.0,15538.0,724.9,287.93,471.62,1177.0,316.96,95.43,187.59,3.7,412.0,109.79,52391.0,49.4,432.63,35.6,71.3
2.4,0.8,12.7,6.3,17.4,2007,,87.0,20984.1,733.54,303.24,491.91,1231.74,381.55,98.99,189.51,3.5,395.0,111.18,52913.0,60.5,493.79,55.6,89.3
3.2,1.3,16.7,8.4,23.1,2008,,87.0,30558.7,844.47,352.67,502.04,1293.07,412.92,98.99,189.51,5.2,400.0,105.96,52825.0,49.5,479.9,44.095,82.178
1.9,1.5,9.8,4.9,15.5,2009,,87.0,45067.6,1127.04,420.17,392.24,1316.51,404.9,99.57,196.76,4.6,379.0,105.83,52138.0,48.4,491.54,16.308,91.732
2.8,1.4,17.7,5.5,15.9,2010,,87.0,38978.1,1399.47,445.45,415.04,1349.25,418.12,118.43,194.02,4.5,386.0,108.77,51179.0,39.4,486.48,13.8,88.6
2.9,1.58,16.91,5.23,14.74,2011,,87.0,44757.6,1483.41,456.14,379.55,1375.82,332.4,134.04,196.85,5.6,390.0,103.3,50346.0,59.2,515.76,0.0,75.0
3.0,1.6,24.0,5.1,13.7,2012,,87.0,45633.9,1421.45,458.29,383.85,1360.44,333.18,134.48,196.85,4.3,371.0,105.27,50988.0,47.2,525.35,0.0,64.9
2.3,1.5,27.0,4.0,13.4,2013,,87.0,44466.9,1493.18,481.15,403.85,1351.46,344.12,139.72,198.47,3.3,373.0,104.67,50780.0,61.2,557.63,9.9,53.3
2.6,1.5,32.7,9.6,11.3,2014,,87.0,56556.2,,487.44,406.74,1373.34,349.92,144.1,197.0,3.2,331.0,102.88,50555.0,,762.39,13.849,41.546
1.5,0.8,31.7,2.8,8.4,2015,,87.0,,,521.95,413.54,1485.34,353.13,144.53,211.36,4.0,,104.88,50540.0,,819.17,,
,,,,,2003,,88.0,,,183.27,185.35,440.0,234.96,70.0,70.5,4.9,,112.0,,,243.29,,
,,,,,2004,,88.0,,233.14,130.91,176.06,440.0,234.96,64.54,83.2,3.2,,111.4,,5.7,272.7,,
,,,,,2005,,88.0,,300.0,130.91,166.53,520.0,227.08,60.0,86.53,4.4,,138.9,,115.6,266.45,,
,,,,,2006,,88.0,,343.58,130.91,171.43,685.4,229.96,66.67,98.9,3.9,,108.11,,150.3,320.0,,
,,,,,2007,,88.0,,,,,,,,,,,,,,,,
,,,,,2008,,88.0,,,,,,,,,,,,,,,,
,,,,,2009,,88.0,,,,,,,,,,,,,,,54.985,103.861
,,,,,2010,,88.0,,,,,,,,,,,,,,,86.138,86.138
,,,,,2011,,88.0,,,,,,,,,,,,,,,,
,,,,,2012,,88.0,,,,,,,,,,,,,,,,
,,,,,2013,,88.0,,,,,,,,,,,,,,,,
,,,,,2014,,88.0,,,,,,,,,,,,,,,,
,,,,,2015,,88.0,,,,,,,,,,,,,,,,
,,,,,2003,,89.0,,,170.35,152.12,759.98,149.53,43.5,82.27,5.6,2471.0,109.3,508600.0,126.7,145.89,7.0,28.5
,,,,,2004,,89.0,,385.92,176.49,158.83,804.91,151.15,44.49,86.23,6.3,2552.0,112.2,510846.0,124.2,155.33,13.7,23.1
,,,,,2005,,89.0,,385.92,176.51,158.83,804.92,151.15,44.49,86.23,7.2,2741.0,117.9,514581.0,155.0,198.44,11.4,30.2
,,,,,2006,,89.0,,474.63,201.58,171.6,819.79,162.55,48.96,101.55,5.5,2637.0,117.02,517385.0,142.4,220.15,8.6,21.9
,,,,,2007,,89.0,,575.24,229.67,172.18,866.71,177.55,50.53,112.33,2.8,2638.0,107.93,521621.0,142.3,233.62,4.3,16.5
,,,,,2008,,89.0,,645.74,236.85,192.09,926.22,181.29,48.93,125.74,5.9,2604.0,109.14,524012.0,128.9,243.5,2.946,14.544
,,,,,2009,,89.0,,677.69,250.47,204.69,978.99,193.68,52.14,138.27,4.5,2709.0,109.38,522966.0,121.5,265.6,3.119,17.612
,,,,,2010,,89.0,,721.47,281.72,243.59,992.14,205.49,62.88,143.84,4.3,2688.0,107.8,524141.0,117.1,292.92,1.5,17.7
,,,,,2011,,89.0,,704.76,324.79,261.51,1032.32,233.23,77.2,136.89,3.5,2614.0,107.5,524925.0,129.1,297.73,1.7,20.7
,,,,,2012,,89.0,,751.29,343.43,266.41,1087.68,249.37,82.69,137.74,3.4,2604.0,103.28,536558.0,137.8,314.9,1.9,15.2
,,,,,2013,,89.0,,834.54,374.13,309.51,1155.26,274.67,97.05,143.3,3.2,2648.0,104.14,541612.0,123.6,364.29,0.9,15.5
,,,,,2014,,89.0,,,458.71,378.36,1293.67,297.76,114.62,157.98,3.1,2551.0,106.88,539671.0,,525.14,1.297,18.895
,,,,,2015,,89.0,,,512.13,426.41,1407.55,326.38,124.98,184.66,3.6,,110.32,539985.0,,573.07,,
,,,,,2003,,,,,,,,,,,,,,,,,,
,,,,,2003,,,,,,,,,,,,,,,,,,
,,,,,2003,,,,,,,,,,,,,,,,,,
,,,,,2003,,,,,,,,,,,,,,,,,,
,,,,,2003,,,,,,,,,,,,,,,,,,
,,,,,2003,,,,,,,,,,,,,,,,,,
,,,,,2003,,,,,,,,,,,,,,,,,,
,,,,,2003,,,,,,,,,,,,,,,,,,
,,,,,2003,,,,,,,,,,,,,,,,,,
,,,,,2003,,,,,,,,,,,,,,,,,,
,,,,,2003,,,,,,,,,,,,,,,,,,
,,,,,2003,,,,,,,,,,,,,,,,,,
,,,,,2004,,,,,,,,,,,,,,,,,,
,,,,,2004,,,,,,,,,,,,,,,,,,
,,,,,2004,,,,,,,,,,,,,,,,,,
,,,,,2004,,,,,,,,,,,,,,,,,,
,,,,,2004,,,,,,,,,,,,,,,,,,
,,,,,2004,,,,,,,,,,,,,,,,,,
,,,,,2004,,,,,,,,,,,,,,,,,,
,,,,,2004,,,,,,,,,,,,,,,,,,
,,,,,2004,,,,,,,,,,,,,,,,,,
,,,,,2004,,,,,,,,,,,,,,,,,,
,,,,,2004,,,,,,,,,,,,,,,,,,
,,,,,2004,,,,,,,,,,,,,,,,,,
,,,,,2005,,,,,,,,,,,,,,,,,,
,,,,,2005,,,,,,,,,,,,,,,,,,
,,,,,2005,,,,,,,,,,,,,,,,,,
,,,,,2005,,,,,,,,,,,,,,,,,,
,,,,,2005,,,,,,,,,,,,,,,,,,
,,,,,2005,,,,,,,,,,,,,,,,,,
,,,,,2005,,,,,,,,,,,,,,,,,,
,,,,,2005,,,,,,,,,,,,,,,,,,
,,,,,2005,,,,,,,,,,,,,,,,,,
,,,,,2005,,,,,,,,,,,,,,,,,,
,,,,,2005,,,,,,,,,,,,,,,,,,
,,,,,2005,,,,,,,,,,,,,,,,,,
,,,,,2006,,,,,,,,,,,,,,,,,,
,,,,,2006,,,,,,,,,,,,,,,,,,
,,,,,2006,,,,,,,,,,,,,,,,,,
,,,,,2006,,,,,,,,,,,,,,,,,,
,,,,,2006,,,,,,,,,,,,,,,,,,
,,,,,2006,,,,,,,,,,,,,,,,,,
,,,,,2006,,,,,,,,,,,,,,,,,,
,,,,,2006,,,,,,,,,,,,,,,,,,
,,,,,2006,,,,,,,,,,,,,,,,,,
,,,,,2006,,,,,,,,,,,,,,,,,,
,,,,,2006,,,,,,,,,,,,,,,,,,
,,,,,2006,,,,,,,,,,,,,,,,,,
,,,,,2007,,,,,,,,,,,,,,,,,,
,,,,,2007,,,,,,,,,,,,,,,,,,
,,,,,2007,,,,,,,,,,,,,,,,,,
,,,,,2007,,,,,,,,,,,,,,,,,,
,,,,,2007,,,,,,,,,,,,,,,,,,
,,,,,2007,,,,,,,,,,,,,,,,,,
,,,,,2007,,,,,,,,,,,,,,,,,,
,,,,,2007,,,,,,,,,,,,,,,,,,
,,,,,2007,,,,,,,,,,,,,,,,,,
,,,,,2007,,,,,,,,,,,,,,,,,,
,,,,,2007,,,,,,,,,,,,,,,,,,
,,,,,2007,,,,,,,,,,,,,,,,,,
,,,,,2008,,,,,,,,,,,,,,,,,,
,,,,,2008,,,,,,,,,,,,,,,,,,
,,,,,2008,,,,,,,,,,,,,,,,,,
,,,,,2008,,,,,,,,,,,,,,,,,,
,,,,,2008,,,,,,,,,,,,,,,,,,
,,,,,2008,,,,,,,,,,,,,,,,,,
,,,,,2008,,,,,,,,,,,,,,,,,,
,,,,,2008,,,,,,,,,,,,,,,,,,
,,,,,2008,,,,,,,,,,,,,,,,,,
,,,,,2008,,,,,,,,,,,,,,,,,,
,,,,,2008,,,,,,,,,,,,,,,,,,
,,,,,2008,,,,,,,,,,,,,,,,,,
,,,,,2009,,,,,,,,,,,,,,,,,,
,,,,,2009,,,,,,,,,,,,,,,,,,
,,,,,2009,,,,,,,,,,,,,,,,,,
,,,,,2009,,,,,,,,,,,,,,,,,,
,,,,,2009,,,,,,,,,,,,,,,,,,
,,,,,2009,,,,,,,,,,,,,,,,,,
,,,,,2009,,,,,,,,,,,,,,,,,,
,,,,,2009,,,,,,,,,,,,,,,,,,
,,,,,2009,,,,,,,,,,,,,,,,,,
,,,,,2009,,,,,,,,,,,,,,,,,,
,,,,,2009,,,,,,,,,,,,,,,,,,
,,,,,2009,,,,,,,,,,,,,,,,,,
,,,,,2010,,,,,,,,,,,,,,,,,,
,,,,,2010,,,,,,,,,,,,,,,,,,
,,,,,2010,,,,,,,,,,,,,,,,,,
,,,,,2010,,,,,,,,,,,,,,,,,,
,,,,,2010,,,,,,,,,,,,,,,,,,
,,,,,2010,,,,,,,,,,,,,,,,,,
,,,,,2010,,,,,,,,,,,,,,,,,,
,,,,,2010,,,,,,,,,,,,,,,,,,
,,,,,2010,,,,,,,,,,,,,,,,,,
,,,,,2010,,,,,,,,,,,,,,,,,,
,,,,,2010,,,,,,,,,,,,,,,,,,
,,,,,2010,,,,,,,,,,,,,,,,,,
,,,,,2011,,,,,,,,,,,,,,,,,,
,,,,,2011,,,,,,,,,,,,,,,,,,
,,,,,2011,,,,,,,,,,,,,,,,,,
,,,,,2011,,,,,,,,,,,,,,,,,,
,,,,,2011,,,,,,,,,,,,,,,,,,
,,,,,2011,,,,,,,,,,,,,,,,,,
,,,,,2011,,,,,,,,,,,,,,,,,,
,,,,,2011,,,,,,,,,,,,,,,,,,
,,,,,2011,,,,,,,,,,,,,,,,,,
,,,,,2011,,,,,,,,,,,,,,,,,,
,,,,,2011,,,,,,,,,,,,,,,,,,
,,,,,2011,,,,,,,,,,,,,,,,,,
,,,,,2012,,,,,,,,,,,,,,,,,,
,,,,,2012,,,,,,,,,,,,,,,,,,
,,,,,2012,,,,,,,,,,,,,,,,,,
,,,,,2012,,,,,,,,,,,,,,,,,,
,,,,,2012,,,,,,,,,,,,,,,,,,
,,,,,2012,,,,,,,,,,,,,,,,,,
,,,,,2012,,,,,,,,,,,,,,,,,,
,,,,,2012,,,,,,,,,,,,,,,,,,
,,,,,2012,,,,,,,,,,,,,,,,,,
,,,,,2012,,,,,,,,,,,,,,,,,,
,,,,,2012,,,,,,,,,,,,,,,,,,
,,,,,2012,,,,,,,,,,,,,,,,,,
,,,,,2013,,,,,,,,,,,,,,,,,,
,,,,,2013,,,,,,,,,,,,,,,,,,
,,,,,2013,,,,,,,,,,,,,,,,,,
,,,,,2013,,,,,,,,,,,,,,,,,,
,,,,,2013,,,,,,,,,,,,,,,,,,
,,,,,2013,,,,,,,,,,,,,,,,,,
,,,,,2013,,,,,,,,,,,,,,,,,,
,,,,,2013,,,,,,,,,,,,,,,,,,
,,,,,2013,,,,,,,,,,,,,,,,,,
,,,,,2013,,,,,,,,,,,,,,,,,,
,,,,,2013,,,,,,,,,,,,,,,,,,
,,,,,2013,,,,,,,,,,,,,,,,,,
,,,,,2014,,,,,,,,,,,,,,,,,,
,,,,,2014,,,,,,,,,,,,,,,,,,
,,,,,2014,,,,,,,,,,,,,,,,,,
,,,,,2014,,,,,,,,,,,,,,,,,,
,,,,,2014,,,,,,,,,,,,,,,,,,
,,,,,2014,,,,,,,,,,,,,,,,,,
,,,,,2014,,,,,,,,,,,,,,,,,,
,,,,,2014,,,,,,,,,,,,,,,,,,
,,,,,2014,,,,,,,,,,,,,,,,,,
,,,,,2014,,,,,,,,,,,,,,,,,,
,,,,,2014,,,,,,,,,,,,,,,,,,
,,,,,2014,,,,,,,,,,,,,,,,,,
,,,,,2015,,,,,,,,,,,,,,,,,,
,,,,,2015,,,,,,,,,,,,,,,,,,
,,,,,2015,,,,,,,,,,,,,,,,,,
,,,,,2015,,,,,,,,,,,,,,,,,,
,,,,,2015,,,,,,,,,,,,,,,,,,
,,,,,2015,,,,,,,,,,,,,,,,,,
,,,,,2015,,,,,,,,,,,,,,,,,,
,,,,,2015,,,,,,,,,,,,,,,,,,
,,,,,2015,,,,,,,,,,,,,,,,,,
,,,,,2015,,,,,,,,,,,,,,,,,,
,,,,,2015,,,,,,,,,,,,,,,,,,
,,,,,2015,,,,,,,,,,,,,,,,,,
