region_name,fedokrug_name,sellVodka,sellChampagne,sellConjac,sellBeer,sellVina,beer_share,vodka_share,year
Republic of Adygea,Southern Federal Okrug,3.4,0.3,0.1,8.8,1.9,20.91,64.64,1998
Republic of Adygea,Southern Federal Okrug,4.3,0.3,0.1,11.2,2.3,21.28,65.35,1999
Republic of Adygea,Southern Federal Okrug,5.4,0.6,0.1,27.4,3.1,34.13,53.81,2000
Republic of Adygea,Southern Federal Okrug,7.8,0.5,0.1,22.0,3.8,23.03,65.33,2001
Republic of Adygea,Southern Federal Okrug,7.9,0.7,0.3,30.4,4.4,28.09,58.39,2002
Republic of Adygea,Southern Federal Okrug,8.0,1.0,0.5,36.2,4.3,30.96,54.74,2003
Republic of Adygea,Southern Federal Okrug,8.6,1.0,0.3,27.5,4.1,24.79,62.02,2004
Republic of Adygea,Southern Federal Okrug,10.4,1.1,0.4,29.7,4.4,22.97,64.35,2005
Republic of Adygea,Southern Federal Okrug,8.1,0.7,0.3,32.4,3.8,29.35,58.7,2006
Republic of Adygea,Southern Federal Okrug,6.8,0.7,0.5,31.6,4.1,31.13,53.59,2007
Republic of Adygea,Southern Federal Okrug,6.4,1.8,0.9,30.9,5.6,28.86,47.82,2008
Republic of Adygea,Southern Federal Okrug,7.4,1.6,1.2,31.5,6.8,26.15,49.14,2009
Republic of Adygea,Southern Federal Okrug,6.6,1.6,1.0,31.5,6.2,28.37,47.56,2010
Republic of Adygea,Southern Federal Okrug,6.9,1.24,0.75,35.82,3.29,33.2,51.16,2011
Republic of Adygea,Southern Federal Okrug,5.6,1.3,0.7,34.5,3.1,36.14,46.93,2012
Republic of Adygea,Southern Federal Okrug,4.7,1.2,0.7,37.0,2.9,41.09,41.76,2013
Republic of Adygea,Southern Federal Okrug,4.1,1.5,0.7,28.7,3.7,36.06,41.22,2014
Republic of Adygea,Southern Federal Okrug,3.8,1.3,0.6,27.2,3.5,36.8,41.13,2015
Republic of Bashkortostan,Volga Federal Okrug,10.7,0.9,0.2,17.5,1.8,15.74,76.99,1998
Republic of Bashkortostan,Volga Federal Okrug,12.0,0.8,0.1,22.3,1.5,17.89,77.03,1999
Republic of Bashkortostan,Volga Federal Okrug,12.2,0.2,0.2,33.1,1.4,24.31,71.69,2000
Republic of Bashkortostan,Volga Federal Okrug,10.9,0.3,0.1,34.9,1.2,27.59,68.93,2001
Republic of Bashkortostan,Volga Federal Okrug,10.4,0.2,0.1,38.1,1.7,30.08,65.69,2002
Republic of Bashkortostan,Volga Federal Okrug,8.3,0.3,0.2,25.0,1.5,25.69,68.23,2003
Republic of Bashkortostan,Volga Federal Okrug,9.2,0.3,0.2,35.4,1.2,31.0,64.45,2004
Republic of Bashkortostan,Volga Federal Okrug,10.0,0.6,0.2,43.1,2.2,32.8,60.87,2005
Republic of Bashkortostan,Volga Federal Okrug,10.6,0.7,0.2,68.4,2.6,42.04,52.11,2006
Republic of Bashkortostan,Volga Federal Okrug,11.1,0.9,0.2,68.7,3.0,40.78,52.71,2007
Republic of Bashkortostan,Volga Federal Okrug,9.6,0.7,0.2,86.1,2.6,49.94,44.54,2008
Republic of Bashkortostan,Volga Federal Okrug,9.1,1.5,0.2,80.8,2.4,49.1,44.24,2009
Republic of Bashkortostan,Volga Federal Okrug,8.7,0.5,0.2,79.6,2.2,50.61,44.25,2010
Republic of Bashkortostan,Volga Federal Okrug,10.97,0.85,0.28,63.87,3.04,39.13,53.77,2011
Republic of Bashkortostan,Volga Federal Okrug,11.7,0.8,0.4,78.3,4.0,41.96,50.16,2012
Republic of Bashkortostan,Volga Federal Okrug,10.8,0.8,0.6,90.3,4.0,46.78,44.76,2013
Republic of Bashkortostan,Volga Federal Okrug,9.5,0.9,0.4,75.1,3.2,45.75,46.3,2014
Republic of Bashkortostan,Volga Federal Okrug,6.2,0.8,0.4,75.7,2.5,55.49,36.36,2015
Altai Republic,Siberia Federal Okrug,9.0,0.5,0.1,7.6,3.4,8.47,80.21,1998
Altai Republic,Siberia Federal Okrug,7.9,0.6,0.1,5.1,4.8,6.21,77.02,1999
Altai Republic,Siberia Federal Okrug,9.8,0.7,0.1,12.1,5.4,11.42,74.0,2000
Altai Republic,Siberia Federal Okrug,10.6,0.9,0.1,18.7,5.7,15.57,70.58,2001
Altai Republic,Siberia Federal Okrug,10.1,1.0,0.1,30.9,5.7,24.03,62.84,2002
Altai Republic,Siberia Federal Okrug,10.6,1.0,0.1,25.9,6.4,20.04,65.6,2003
Altai Republic,Siberia Federal Okrug,11.2,1.1,0.1,25.4,6.7,18.88,66.61,2004
Altai Republic,Siberia Federal Okrug,11.7,1.2,0.1,27.1,6.0,19.53,67.44,2005
Altai Republic,Siberia Federal Okrug,9.5,0.8,0.1,32.4,4.0,26.84,62.96,2006
Altai Republic,Siberia Federal Okrug,10.5,0.7,0.3,39.4,4.8,28.35,60.43,2007
Altai Republic,Siberia Federal Okrug,10.5,0.8,0.4,46.7,6.0,31.09,55.92,2008
Altai Republic,Siberia Federal Okrug,10.4,0.8,0.4,60.7,5.5,37.42,51.29,2009
Altai Republic,Siberia Federal Okrug,9.9,1.1,0.4,59.9,6.1,37.54,49.63,2010
Altai Republic,Siberia Federal Okrug,10.19,1.16,0.52,61.96,5.71,37.75,49.67,2011
Altai Republic,Siberia Federal Okrug,9.9,1.0,0.5,62.9,5.2,39.07,49.2,2012
Altai Republic,Siberia Federal Okrug,9.1,1.0,0.4,59.5,4.2,40.21,49.2,2013
Altai Republic,Siberia Federal Okrug,8.8,1.4,0.4,39.0,4.2,30.94,55.86,2014
Altai Republic,Siberia Federal Okrug,8.4,1.5,0.4,35.2,4.1,29.57,56.45,2015
Republic of Dagestan,Southern Federal Okrug,2.0,0.5,0.3,3.8,4.8,10.88,45.82,1998
Republic of Dagestan,Southern Federal Okrug,1.0,0.2,0.1,1.6,3.8,8.0,40.0,1999
Republic of Dagestan,Southern Federal Okrug,1.0,0.2,0.1,1.8,3.8,8.91,39.6,2000
Republic of Dagestan,Southern Federal Okrug,1.8,0.4,0.1,3.3,4.6,10.82,47.21,2001
Republic of Dagestan,Southern Federal Okrug,4.9,0.6,0.2,9.6,2.7,16.46,67.22,2002
Republic of Dagestan,Southern Federal Okrug,8.7,1.2,0.2,9.7,2.9,10.69,76.7,2003
Republic of Dagestan,Southern Federal Okrug,9.5,1.5,0.3,6.6,2.8,6.92,79.73,2004
Republic of Dagestan,Southern Federal Okrug,10.8,1.5,0.3,10.4,2.4,9.58,79.59,2005
Republic of Dagestan,Southern Federal Okrug,11.7,1.3,0.4,6.9,2.9,6.06,82.26,2006
Republic of Dagestan,Southern Federal Okrug,12.2,1.2,0.3,5.9,2.4,5.15,85.21,2007
Republic of Dagestan,Southern Federal Okrug,12.9,0.7,0.3,6.6,3.1,5.44,85.06,2008
Republic of Dagestan,Southern Federal Okrug,13.2,0.7,0.3,6.3,3.8,5.04,84.41,2009
Republic of Dagestan,Southern Federal Okrug,10.2,0.4,0.3,3.1,3.3,3.23,85.02,2010
Republic of Dagestan,Southern Federal Okrug,7.88,0.38,0.37,2.74,3.27,3.54,81.34,2011
Republic of Dagestan,Southern Federal Okrug,8.0,0.4,0.4,2.5,1.6,3.36,85.91,2012
Republic of Dagestan,Southern Federal Okrug,4.8,0.3,0.3,2.1,1.0,4.56,83.44,2013
Republic of Dagestan,Southern Federal Okrug,2.9,0.2,0.3,2.2,0.4,7.52,79.34,2014
Republic of Dagestan,Southern Federal Okrug,1.9,0.3,0.3,0.9,0.4,4.46,75.32,2015
Kabardino-Balkar Republic,Southern Federal Okrug,6.5,0.3,0.3,9.9,1.6,14.38,75.52,1998
Kabardino-Balkar Republic,Southern Federal Okrug,8.2,0.4,0.3,12.6,1.8,14.67,76.39,1999
Kabardino-Balkar Republic,Southern Federal Okrug,10.5,0.6,0.4,17.3,2.5,15.45,75.04,2000
Kabardino-Balkar Republic,Southern Federal Okrug,12.4,0.4,0.6,26.5,2.7,19.21,71.92,2001
Kabardino-Balkar Republic,Southern Federal Okrug,13.9,0.7,0.7,31.5,3.7,19.83,70.0,2002
Kabardino-Balkar Republic,Southern Federal Okrug,12.8,0.8,0.7,39.4,4.4,24.64,64.05,2003
Kabardino-Balkar Republic,Southern Federal Okrug,12.3,0.8,0.7,43.7,4.0,27.45,61.8,2004
Kabardino-Balkar Republic,Southern Federal Okrug,10.4,1.1,0.6,31.7,3.3,24.34,63.87,2005
Kabardino-Balkar Republic,Southern Federal Okrug,6.6,1.2,0.5,38.1,2.5,36.71,50.88,2006
Kabardino-Balkar Republic,Southern Federal Okrug,5.1,1.0,0.4,24.3,2.9,31.29,52.54,2007
Kabardino-Balkar Republic,Southern Federal Okrug,5.2,0.6,0.4,25.8,3.4,32.17,51.87,2008
Kabardino-Balkar Republic,Southern Federal Okrug,3.7,0.4,0.4,30.2,3.2,42.16,41.32,2009
Kabardino-Balkar Republic,Southern Federal Okrug,3.5,0.4,0.4,26.1,3.2,39.58,42.46,2010
Kabardino-Balkar Republic,Southern Federal Okrug,3.08,0.55,0.39,23.28,2.66,39.63,41.94,2011
Kabardino-Balkar Republic,Southern Federal Okrug,2.3,0.5,0.3,20.4,1.7,43.89,39.59,2012
Kabardino-Balkar Republic,Southern Federal Okrug,1.6,0.3,0.2,17.8,0.8,51.09,36.74,2013
Kabardino-Balkar Republic,Southern Federal Okrug,0.6,0.3,0.1,17.1,0.5,69.46,19.5,2014
Kabardino-Balkar Republic,Southern Federal Okrug,0.6,0.3,0.1,16.4,0.5,68.56,20.07,2015
Republic of Kalmykia,Southern Federal Okrug,11.1,0.3,0.1,4.1,2.3,4.1,88.85,1998
Republic of Kalmykia,Southern Federal Okrug,14.1,0.6,0.1,5.2,2.7,4.1,89.02,1999
Republic of Kalmykia,Southern Federal Okrug,14.2,0.9,0.1,9.1,3.2,6.82,85.2,2000
Republic of Kalmykia,Southern Federal Okrug,15.4,1.3,0.1,13.9,3.4,9.32,82.58,2001
Republic of Kalmykia,Southern Federal Okrug,15.0,1.5,0.1,20.9,4.1,13.47,77.35,2002
Republic of Kalmykia,Southern Federal Okrug,15.4,1.4,0.1,24.4,4.3,15.05,76.01,2003
Republic of Kalmykia,Southern Federal Okrug,15.3,1.4,0.2,24.4,4.3,15.05,75.52,2004
Republic of Kalmykia,Southern Federal Okrug,7.8,1.6,0.2,25.1,4.9,23.97,59.6,2005
Republic of Kalmykia,Southern Federal Okrug,7.8,1.6,0.2,34.0,4.9,29.93,54.93,2006
Republic of Kalmykia,Southern Federal Okrug,8.1,0.6,0.3,29.3,4.8,26.77,59.2,2007
Republic of Kalmykia,Southern Federal Okrug,7.5,0.4,0.4,24.9,4.5,24.93,60.08,2008
Republic of Kalmykia,Southern Federal Okrug,6.9,0.3,0.4,26.8,4.0,28.06,57.79,2009
Republic of Kalmykia,Southern Federal Okrug,5.5,0.3,0.4,24.3,2.8,30.78,55.74,2010
Republic of Kalmykia,Southern Federal Okrug,4.87,0.33,0.42,17.9,2.47,26.74,58.2,2011
Republic of Kalmykia,Southern Federal Okrug,4.9,0.4,0.5,15.9,2.7,23.9,58.91,2012
Republic of Kalmykia,Southern Federal Okrug,4.3,0.3,0.4,13.6,2.2,23.78,60.14,2013
Republic of Kalmykia,Southern Federal Okrug,3.6,0.3,0.5,17.4,3.1,29.81,49.35,2014
Republic of Kalmykia,Southern Federal Okrug,3.6,0.3,0.5,17.8,3.0,30.42,49.21,2015
Karachay-Cherkess Republic,Southern Federal Okrug,8.6,0.1,0.04,5.4,1.7,6.85,87.27,1998
Karachay-Cherkess Republic,Southern Federal Okrug,10.9,0.1,0.04,6.9,2.1,6.92,87.46,1999
Karachay-Cherkess Republic,Southern Federal Okrug,12.9,0.2,0.1,7.4,2.2,6.32,88.08,2000
Karachay-Cherkess Republic,Southern Federal Okrug,13.4,0.2,0.1,9.4,2.3,7.62,86.87,2001
Karachay-Cherkess Republic,Southern Federal Okrug,14.3,0.2,0.1,13.2,2.7,9.75,84.52,2002
Karachay-Cherkess Republic,Southern Federal Okrug,14.9,0.2,0.2,14.9,3.7,10.27,82.17,2003
Karachay-Cherkess Republic,Southern Federal Okrug,14.9,0.3,0.3,19.6,4.2,12.89,78.42,2004
Karachay-Cherkess Republic,Southern Federal Okrug,5.3,0.4,0.4,20.9,4.6,26.62,54.01,2005
Karachay-Cherkess Republic,Southern Federal Okrug,5.6,0.4,0.4,22.1,3.0,28.24,57.25,2006
Karachay-Cherkess Republic,Southern Federal Okrug,5.1,0.4,0.4,23.0,2.0,31.61,56.07,2007
Karachay-Cherkess Republic,Southern Federal Okrug,3.7,0.4,0.5,27.8,1.9,41.54,44.23,2008
Karachay-Cherkess Republic,Southern Federal Okrug,2.8,0.4,0.5,29.1,1.5,48.45,37.3,2009
Karachay-Cherkess Republic,Southern Federal Okrug,2.3,0.5,0.5,28.4,1.4,51.3,33.24,2010
Karachay-Cherkess Republic,Southern Federal Okrug,2.17,0.47,0.46,29.53,1.36,53.73,31.59,2011
Karachay-Cherkess Republic,Southern Federal Okrug,1.8,0.5,0.4,28.7,1.3,56.7,28.45,2012
Karachay-Cherkess Republic,Southern Federal Okrug,1.2,0.4,0.3,28.1,1.1,64.3,21.97,2013
Karachay-Cherkess Republic,Southern Federal Okrug,0.9,0.4,0.2,28.1,1.2,68.97,17.67,2014
Karachay-Cherkess Republic,Southern Federal Okrug,0.7,0.3,0.2,28.9,1.1,73.24,14.19,2015
Republic of Karelia,North-Western Federal Okrug,15.4,0.5,0.2,16.2,3.2,10.81,82.2,1998
Republic of Karelia,North-Western Federal Okrug,15.0,0.3,0.1,21.0,2.4,14.16,80.93,1999
Republic of Karelia,North-Western Federal Okrug,17.2,0.4,0.2,24.9,2.8,14.5,80.1,2000
Republic of Karelia,North-Western Federal Okrug,15.9,0.4,0.2,28.0,5.1,16.47,74.82,2001
Republic of Karelia,North-Western Federal Okrug,12.4,0.4,0.2,33.6,9.3,21.31,62.91,2002
Republic of Karelia,North-Western Federal Okrug,14.2,0.6,0.2,31.1,13.5,17.26,63.06,2003
Republic of Karelia,North-Western Federal Okrug,14.0,0.7,0.5,33.2,16.9,17.34,58.5,2004
Republic of Karelia,North-Western Federal Okrug,14.9,0.7,0.5,36.2,15.0,18.37,60.48,2005
Republic of Karelia,North-Western Federal Okrug,15.0,0.8,0.5,40.9,14.7,20.24,59.38,2006
Republic of Karelia,North-Western Federal Okrug,15.9,1.2,0.6,45.7,11.9,21.85,60.82,2007
Republic of Karelia,North-Western Federal Okrug,17.4,1.4,0.8,50.0,14.3,21.43,59.67,2008
Republic of Karelia,North-Western Federal Okrug,16.4,1.4,1.0,52.4,13.6,23.02,57.64,2009
Republic of Karelia,North-Western Federal Okrug,17.6,1.6,1.2,55.1,12.9,22.93,58.59,2010
Republic of Karelia,North-Western Federal Okrug,19.33,1.87,1.6,56.94,11.98,22.1,60.03,2011
Republic of Karelia,North-Western Federal Okrug,18.0,1.7,1.4,58.2,10.6,23.96,59.28,2012
Republic of Karelia,North-Western Federal Okrug,15.4,1.7,1.3,58.3,10.8,26.27,55.52,2013
Republic of Karelia,North-Western Federal Okrug,13.5,1.6,1.2,57.5,12.3,27.58,51.81,2014
Republic of Karelia,North-Western Federal Okrug,13.6,1.8,1.3,60.6,12.8,28.21,50.64,2015
Komi Republic,North-Western Federal Okrug,21.1,1.9,0.6,30.3,5.7,13.64,75.99,1998
Komi Republic,North-Western Federal Okrug,25.9,2.5,0.6,35.7,5.9,13.33,77.35,1999
Komi Republic,North-Western Federal Okrug,27.4,1.9,0.4,35.1,4.6,12.85,80.26,2000
Komi Republic,North-Western Federal Okrug,28.5,0.8,0.5,37.6,5.6,13.19,80.01,2001
Komi Republic,North-Western Federal Okrug,28.4,0.9,0.5,33.9,7.6,11.87,79.58,2002
Komi Republic,North-Western Federal Okrug,29.7,0.8,0.5,44.4,8.3,14.42,77.18,2003
Komi Republic,North-Western Federal Okrug,28.1,1.1,0.5,76.2,10.3,22.93,67.64,2004
Komi Republic,North-Western Federal Okrug,26.7,1.2,0.6,70.7,9.6,22.44,67.81,2005
Komi Republic,North-Western Federal Okrug,18.6,1.3,0.6,67.2,9.3,27.29,60.43,2006
Komi Republic,North-Western Federal Okrug,15.6,1.8,0.7,88.3,11.2,35.33,49.94,2007
Komi Republic,North-Western Federal Okrug,15.8,1.8,0.8,89.5,12.4,34.91,49.3,2008
Komi Republic,North-Western Federal Okrug,16.7,1.9,0.8,90.8,13.1,34.03,50.07,2009
Komi Republic,North-Western Federal Okrug,17.1,2.2,1.0,90.4,12.8,33.33,50.44,2010
Komi Republic,North-Western Federal Okrug,17.83,2.25,1.09,94.74,10.75,34.17,51.44,2011
Komi Republic,North-Western Federal Okrug,18.9,2.2,1.3,90.0,9.6,32.15,54.02,2012
Komi Republic,North-Western Federal Okrug,16.3,2.4,1.3,81.2,9.0,32.56,52.29,2013
Komi Republic,North-Western Federal Okrug,14.3,2.0,1.3,65.0,10.4,29.6,52.1,2014
Komi Republic,North-Western Federal Okrug,14.6,2.1,1.2,90.9,9.4,37.12,47.69,2015
Mari El Republic,Volga Federal Okrug,13.5,0.7,0.2,28.4,3.6,19.15,72.82,1998
Mari El Republic,Volga Federal Okrug,10.8,0.3,0.04,20.8,1.8,18.48,76.76,1999
Mari El Republic,Volga Federal Okrug,8.3,0.3,0.1,21.0,1.8,22.52,71.21,2000
Mari El Republic,Volga Federal Okrug,10.4,0.3,0.1,22.6,1.6,20.33,74.85,2001
Mari El Republic,Volga Federal Okrug,11.7,0.4,0.1,23.8,2.9,18.87,74.22,2002
Mari El Republic,Volga Federal Okrug,12.3,0.4,0.2,27.1,4.4,19.55,70.99,2003
Mari El Republic,Volga Federal Okrug,12.0,0.5,0.1,27.6,5.7,19.82,68.93,2004
Mari El Republic,Volga Federal Okrug,12.1,0.5,0.1,28.2,5.4,20.15,69.16,2005
Mari El Republic,Volga Federal Okrug,12.9,0.7,0.2,28.5,6.3,18.99,68.75,2006
Mari El Republic,Volga Federal Okrug,12.7,1.0,0.2,28.8,7.9,18.78,66.25,2007
Mari El Republic,Volga Federal Okrug,13.2,1.0,0.3,29.2,9.9,17.87,64.64,2008
Mari El Republic,Volga Federal Okrug,12.2,1.0,0.3,29.3,11.7,18.34,61.08,2009
Mari El Republic,Volga Federal Okrug,12.3,1.0,0.4,30.6,10.6,19.12,61.48,2010
Mari El Republic,Volga Federal Okrug,12.48,1.05,0.42,32.79,8.57,20.61,62.76,2011
Mari El Republic,Volga Federal Okrug,12.4,1.2,0.6,31.2,8.8,19.6,62.31,2012
Mari El Republic,Volga Federal Okrug,10.6,1.1,0.6,28.6,8.0,20.42,60.55,2013
Mari El Republic,Volga Federal Okrug,9.3,1.1,0.6,34.6,8.6,25.24,54.27,2014
Mari El Republic,Volga Federal Okrug,9.7,0.9,0.7,34.0,8.6,24.29,55.43,2015
Republic of Mordovia,Volga Federal Okrug,10.8,0.9,0.1,20.5,1.2,18.18,76.64,1998
Republic of Mordovia,Volga Federal Okrug,11.2,0.2,0.1,15.2,1.4,13.89,81.87,1999
Republic of Mordovia,Volga Federal Okrug,10.9,0.3,0.1,15.9,1.4,14.72,80.76,2000
Republic of Mordovia,Volga Federal Okrug,11.8,0.3,0.1,23.5,1.4,19.14,76.89,2001
Republic of Mordovia,Volga Federal Okrug,10.0,0.3,0.1,22.0,2.5,20.09,73.05,2002
Republic of Mordovia,Volga Federal Okrug,9.4,0.3,0.1,25.9,3.5,23.33,67.74,2003
Republic of Mordovia,Volga Federal Okrug,9.8,0.4,0.1,32.6,3.6,26.85,64.58,2004
Republic of Mordovia,Volga Federal Okrug,9.9,0.4,0.1,37.0,5.2,28.37,60.72,2005
Republic of Mordovia,Volga Federal Okrug,10.3,0.4,0.1,46.1,5.5,32.13,57.44,2006
Republic of Mordovia,Volga Federal Okrug,8.9,0.7,0.2,47.4,5.6,35.03,52.62,2007
Republic of Mordovia,Volga Federal Okrug,9.7,0.8,0.2,50.4,5.7,34.71,53.44,2008
Republic of Mordovia,Volga Federal Okrug,9.9,0.9,0.2,51.2,6.0,34.46,53.31,2009
Republic of Mordovia,Volga Federal Okrug,10.5,1.0,0.3,55.0,6.3,34.61,52.86,2010
Republic of Mordovia,Volga Federal Okrug,10.79,1.01,0.35,56.93,6.15,34.88,52.88,2011
Republic of Mordovia,Volga Federal Okrug,10.8,1.0,0.4,58.7,6.1,35.5,52.26,2012
Republic of Mordovia,Volga Federal Okrug,9.6,1.3,0.5,61.1,6.3,38.15,47.96,2013
Republic of Mordovia,Volga Federal Okrug,7.4,0.7,0.4,55.9,8.2,40.03,42.39,2014
Republic of Mordovia,Volga Federal Okrug,7.1,0.8,0.3,61.0,7.2,43.76,40.75,2015
Sakha (Yakutia) Republic,Far East Federal Okrug,18.9,1.4,0.2,16.7,1.7,9.44,85.45,1998
Sakha (Yakutia) Republic,Far East Federal Okrug,17.5,0.5,0.2,16.3,1.8,9.97,85.67,1999
Sakha (Yakutia) Republic,Far East Federal Okrug,15.2,0.6,0.2,15.4,2.6,10.53,83.13,2000
Sakha (Yakutia) Republic,Far East Federal Okrug,14.6,0.8,0.2,15.5,2.8,10.87,81.94,2001
Sakha (Yakutia) Republic,Far East Federal Okrug,16.1,1.1,0.3,16.3,3.6,10.27,81.12,2002
Sakha (Yakutia) Republic,Far East Federal Okrug,16.0,1.2,0.3,25.0,4.7,14.74,75.49,2003
Sakha (Yakutia) Republic,Far East Federal Okrug,15.0,1.2,0.3,30.9,5.2,18.32,71.15,2004
Sakha (Yakutia) Republic,Far East Federal Okrug,14.0,1.3,0.4,34.4,5.8,20.64,67.21,2005
Sakha (Yakutia) Republic,Far East Federal Okrug,12.9,1.1,0.4,39.4,6.3,24.09,63.1,2006
Sakha (Yakutia) Republic,Far East Federal Okrug,13.1,1.6,0.5,43.4,6.9,25.14,60.72,2007
Sakha (Yakutia) Republic,Far East Federal Okrug,13.5,2.0,0.6,44.5,7.6,24.68,59.89,2008
Sakha (Yakutia) Republic,Far East Federal Okrug,13.5,2.0,0.7,46.6,4.8,26.4,61.18,2009
Sakha (Yakutia) Republic,Far East Federal Okrug,12.8,2.0,0.7,50.1,5.2,28.57,58.39,2010
Sakha (Yakutia) Republic,Far East Federal Okrug,11.97,2.07,0.65,55.04,5.87,31.44,54.7,2011
Sakha (Yakutia) Republic,Far East Federal Okrug,11.7,2.4,0.7,56.0,5.8,32.02,53.52,2012
Sakha (Yakutia) Republic,Far East Federal Okrug,10.7,2.0,0.7,55.5,4.7,34.1,52.59,2013
Sakha (Yakutia) Republic,Far East Federal Okrug,9.8,1.9,0.6,56.1,5.4,35.77,49.99,2014
Sakha (Yakutia) Republic,Far East Federal Okrug,9.3,1.6,0.6,56.0,5.4,36.84,48.95,2015
Republic of North Ossetia-Alania,Southern Federal Okrug,10.6,1.4,0.1,23.3,1.4,20.15,73.34,1998
Republic of North Ossetia-Alania,Southern Federal Okrug,11.0,1.5,0.1,24.1,1.7,19.99,72.98,1999
Republic of North Ossetia-Alania,Southern Federal Okrug,9.8,1.3,0.1,19.9,2.6,18.35,72.28,2000
Republic of North Ossetia-Alania,Southern Federal Okrug,8.9,1.2,0.1,15.7,5.6,15.09,68.45,2001
Republic of North Ossetia-Alania,Southern Federal Okrug,8.5,1.2,0.1,14.9,1.0,16.75,76.42,2002
Republic of North Ossetia-Alania,Southern Federal Okrug,7.6,1.1,0.1,14.5,0.2,18.3,76.75,2003
Republic of North Ossetia-Alania,Southern Federal Okrug,5.3,0.7,0.1,15.8,2.3,23.87,64.05,2004
Republic of North Ossetia-Alania,Southern Federal Okrug,3.4,0.5,0.1,16.0,2.2,31.7,53.88,2005
Republic of North Ossetia-Alania,Southern Federal Okrug,3.8,0.7,0.1,17.5,2.5,31.04,53.92,2006
Republic of North Ossetia-Alania,Southern Federal Okrug,3.9,0.6,0.1,15.7,2.5,28.47,56.58,2007
Republic of North Ossetia-Alania,Southern Federal Okrug,3.4,0.4,0.1,12.3,1.9,26.84,59.36,2008
Republic of North Ossetia-Alania,Southern Federal Okrug,3.0,0.4,0.2,11.7,1.5,27.95,57.33,2009
Republic of North Ossetia-Alania,Southern Federal Okrug,3.2,0.4,0.3,14.3,1.7,30.21,54.08,2010
Republic of North Ossetia-Alania,Southern Federal Okrug,3.35,0.58,0.26,17.65,1.72,33.91,51.49,2011
Republic of North Ossetia-Alania,Southern Federal Okrug,2.8,0.6,0.3,21.0,1.4,41.5,44.27,2012
Republic of North Ossetia-Alania,Southern Federal Okrug,2.2,0.5,0.2,20.7,1.3,46.81,39.8,2013
Republic of North Ossetia-Alania,Southern Federal Okrug,1.3,0.6,0.1,19.8,0.6,58.44,30.7,2014
Republic of North Ossetia-Alania,Southern Federal Okrug,1.1,0.7,0.1,19.2,0.6,60.15,27.57,2015
Republic of Tatarstan,Volga Federal Okrug,18.0,0.4,0.1,28.2,1.4,15.9,81.21,1998
Republic of Tatarstan,Volga Federal Okrug,16.6,0.5,0.1,29.6,1.3,17.67,79.27,1999
Republic of Tatarstan,Volga Federal Okrug,14.8,0.4,0.1,33.4,1.3,21.32,75.57,2000
Republic of Tatarstan,Volga Federal Okrug,14.6,0.5,0.1,41.9,1.8,25.39,70.78,2001
Republic of Tatarstan,Volga Federal Okrug,15.4,0.6,0.1,29.1,2.2,18.21,77.09,2002
Republic of Tatarstan,Volga Federal Okrug,14.9,0.7,0.2,42.3,2.7,24.7,69.6,2003
Republic of Tatarstan,Volga Federal Okrug,13.7,0.7,0.2,42.9,3.4,26.17,66.85,2004
Republic of Tatarstan,Volga Federal Okrug,13.2,0.9,0.2,46.2,3.7,28.1,64.22,2005
Republic of Tatarstan,Volga Federal Okrug,13.6,0.8,0.2,68.3,3.1,36.32,57.85,2006
Republic of Tatarstan,Volga Federal Okrug,14.5,1.2,0.3,72.6,3.4,35.93,57.41,2007
Republic of Tatarstan,Volga Federal Okrug,14.6,1.2,0.4,76.7,3.3,36.96,56.29,2008
Republic of Tatarstan,Volga Federal Okrug,13.3,1.2,0.4,78.8,3.0,39.7,53.61,2009
Republic of Tatarstan,Volga Federal Okrug,13.5,1.4,0.5,78.5,3.5,38.81,53.4,2010
Republic of Tatarstan,Volga Federal Okrug,13.19,1.36,0.49,83.81,3.71,40.8,51.37,2011
Republic of Tatarstan,Volga Federal Okrug,13.1,1.2,0.6,87.1,3.7,41.78,50.27,2012
Republic of Tatarstan,Volga Federal Okrug,10.7,1.0,0.6,79.9,3.8,43.94,47.08,2013
Republic of Tatarstan,Volga Federal Okrug,9.3,0.8,0.6,70.9,4.2,43.74,45.9,2014
Republic of Tatarstan,Volga Federal Okrug,9.1,0.7,0.5,64.0,4.2,41.95,47.72,2015
Tuva Republic,Siberia Federal Okrug,11.1,0.3,0.1,7.4,1.9,7.24,86.82,1998
Tuva Republic,Siberia Federal Okrug,10.9,0.3,0.4,11.8,1.8,11.0,81.31,1999
Tuva Republic,Siberia Federal Okrug,11.3,0.1,0.4,24.4,1.6,19.99,74.05,2000
Tuva Republic,Siberia Federal Okrug,9.8,0.1,0.1,25.7,1.6,23.58,71.94,2001
Tuva Republic,Siberia Federal Okrug,13.5,0.2,0.1,23.3,2.0,16.96,78.61,2002
Tuva Republic,Siberia Federal Okrug,14.7,0.2,0.1,25.0,2.1,16.79,78.97,2003
Tuva Republic,Siberia Federal Okrug,15.2,0.2,0.0,25.8,2.1,16.87,79.52,2004
Tuva Republic,Siberia Federal Okrug,16.2,0.5,0.1,29.0,2.7,17.36,77.57,2005
Tuva Republic,Siberia Federal Okrug,11.6,0.3,0.1,49.2,1.8,33.28,62.77,2006
Tuva Republic,Siberia Federal Okrug,13.9,0.5,0.2,52.1,1.9,30.53,65.16,2007
Tuva Republic,Siberia Federal Okrug,15.3,0.6,0.3,58.8,2.0,30.97,64.48,2008
Tuva Republic,Siberia Federal Okrug,15.2,0.6,0.3,64.3,2.9,32.69,61.82,2009
Tuva Republic,Siberia Federal Okrug,15.2,0.6,0.4,77.7,5.1,35.94,56.25,2010
Tuva Republic,Siberia Federal Okrug,15.33,0.77,0.37,81.21,4.26,37.1,56.03,2011
Tuva Republic,Siberia Federal Okrug,12.1,0.8,0.4,95.8,3.8,46.32,46.8,2012
Tuva Republic,Siberia Federal Okrug,10.3,0.7,0.4,90.0,2.7,48.98,44.84,2013
Tuva Republic,Siberia Federal Okrug,4.0,0.7,0.3,84.6,2.1,67.29,25.45,2014
Tuva Republic,Siberia Federal Okrug,3.0,0.5,0.2,67.0,1.8,68.28,24.46,2015
Udmurt Republic,Volga Federal Okrug,11.4,0.9,0.2,15.8,3.6,13.23,76.38,1998
Udmurt Republic,Volga Federal Okrug,13.9,0.6,0.2,16.7,2.3,12.24,81.49,1999
Udmurt Republic,Volga Federal Okrug,13.4,0.3,0.1,20.1,1.5,15.18,80.95,2000
Udmurt Republic,Volga Federal Okrug,14.1,0.3,0.1,27.0,2.1,18.45,77.07,2001
Udmurt Republic,Volga Federal Okrug,13.7,0.4,0.1,29.4,2.7,19.97,74.44,2002
Udmurt Republic,Volga Federal Okrug,12.9,0.3,0.1,34.2,3.8,23.1,69.71,2003
Udmurt Republic,Volga Federal Okrug,12.4,0.4,0.2,36.4,5.4,24.09,65.64,2004
Udmurt Republic,Volga Federal Okrug,12.2,0.5,0.2,41.9,5.9,26.78,62.38,2005
Udmurt Republic,Volga Federal Okrug,13.4,0.6,0.2,51.3,6.8,28.84,60.27,2006
Udmurt Republic,Volga Federal Okrug,14.6,0.8,0.3,70.4,8.0,33.41,55.43,2007
Udmurt Republic,Volga Federal Okrug,14.6,1.0,0.4,77.2,9.1,34.86,52.75,2008
Udmurt Republic,Volga Federal Okrug,13.0,1.0,0.4,78.6,10.9,36.67,48.52,2009
Udmurt Republic,Volga Federal Okrug,12.1,0.9,0.5,80.4,10.9,38.37,46.2,2010
Udmurt Republic,Volga Federal Okrug,13.38,0.99,0.72,87.28,7.95,39.4,48.32,2011
Udmurt Republic,Volga Federal Okrug,13.1,1.0,0.6,96.1,8.0,42.28,46.11,2012
Udmurt Republic,Volga Federal Okrug,10.9,1.0,0.7,82.8,5.7,43.2,45.49,2013
Udmurt Republic,Volga Federal Okrug,9.3,1.0,0.6,68.8,5.9,41.81,45.21,2014
Udmurt Republic,Volga Federal Okrug,8.2,1.0,0.6,60.3,5.8,41.01,44.62,2015
Republic of Khakassia,Siberia Federal Okrug,6.8,0.9,0.1,38.3,1.6,38.49,54.67,1998
Republic of Khakassia,Siberia Federal Okrug,15.1,1.1,0.6,48.7,2.9,26.48,65.69,1999
Republic of Khakassia,Siberia Federal Okrug,17.0,1.4,0.6,47.9,3.0,24.04,68.25,2000
Republic of Khakassia,Siberia Federal Okrug,15.6,1.4,0.6,53.6,3.3,27.56,64.17,2001
Republic of Khakassia,Siberia Federal Okrug,15.8,1.5,0.6,56.3,4.4,27.92,62.68,2002
Republic of Khakassia,Siberia Federal Okrug,14.8,1.6,0.5,61.2,6.4,30.18,58.38,2003
Republic of Khakassia,Siberia Federal Okrug,13.8,1.9,0.8,74.5,8.5,34.45,51.05,2004
Republic of Khakassia,Siberia Federal Okrug,16.5,2.3,0.8,73.6,12.2,29.82,53.48,2005
Republic of Khakassia,Siberia Federal Okrug,16.7,2.1,0.7,90.1,12.4,34.12,50.59,2006
Republic of Khakassia,Siberia Federal Okrug,15.3,1.2,1.0,73.1,10.7,31.5,52.74,2007
Republic of Khakassia,Siberia Federal Okrug,16.2,1.5,0.7,54.6,9.4,25.28,60.01,2008
Republic of Khakassia,Siberia Federal Okrug,11.1,0.7,0.4,58.5,6.1,35.07,53.23,2009
Republic of Khakassia,Siberia Federal Okrug,11.5,1.2,0.6,57.7,7.4,32.95,52.53,2010
Republic of Khakassia,Siberia Federal Okrug,12.16,1.17,0.76,68.0,6.11,36.01,51.52,2011
Republic of Khakassia,Siberia Federal Okrug,11.2,1.0,0.6,70.3,4.7,39.41,50.23,2012
Republic of Khakassia,Siberia Federal Okrug,7.1,0.9,0.5,68.6,3.3,49.18,40.72,2013
Republic of Khakassia,Siberia Federal Okrug,4.6,1.2,0.6,82.2,4.1,60.21,26.96,2014
Republic of Khakassia,Siberia Federal Okrug,4.8,1.0,0.4,84.3,3.7,61.45,27.99,2015
Chuvash Republic,Volga Federal Okrug,8.8,0.8,0.02,20.9,1.6,21.5,72.41,1998
Chuvash Republic,Volga Federal Okrug,10.8,0.4,0.02,25.5,2.8,21.3,72.16,1999
Chuvash Republic,Volga Federal Okrug,9.6,0.5,0.1,29.8,2.9,25.79,66.46,2000
Chuvash Republic,Volga Federal Okrug,10.6,0.5,0.1,32.2,3.0,25.52,67.19,2001
Chuvash Republic,Volga Federal Okrug,11.1,0.5,0.2,31.7,3.0,24.29,68.05,2002
Chuvash Republic,Volga Federal Okrug,12.5,0.5,0.2,33.8,3.6,23.27,68.85,2003
Chuvash Republic,Volga Federal Okrug,10.9,0.5,0.2,39.7,4.4,28.3,62.17,2004
Chuvash Republic,Volga Federal Okrug,11.3,0.5,0.2,37.6,4.8,26.42,63.52,2005
Chuvash Republic,Volga Federal Okrug,14.0,0.9,0.2,46.0,4.6,26.62,64.81,2006
Chuvash Republic,Volga Federal Okrug,13.8,1.1,0.4,40.1,4.9,23.85,65.68,2007
Chuvash Republic,Volga Federal Okrug,15.3,1.2,0.5,39.0,5.6,21.46,67.36,2008
Chuvash Republic,Volga Federal Okrug,14.4,1.2,0.5,38.7,4.9,22.43,66.77,2009
Chuvash Republic,Volga Federal Okrug,14.8,1.2,0.5,39.0,5.7,21.92,66.53,2010
Chuvash Republic,Volga Federal Okrug,14.03,1.29,0.62,39.06,5.24,22.72,65.28,2011
Chuvash Republic,Volga Federal Okrug,13.9,1.2,0.6,41.6,5.2,24.05,64.29,2012
Chuvash Republic,Volga Federal Okrug,11.3,1.2,0.5,43.8,5.2,28.52,58.87,2013
Chuvash Republic,Volga Federal Okrug,9.4,0.7,0.5,40.2,6.5,29.41,55.02,2014
Chuvash Republic,Volga Federal Okrug,9.2,1.0,0.5,41.4,5.4,30.81,54.78,2015
Altai Krai,Siberia Federal Okrug,11.3,1.1,0.1,19.2,3.3,15.87,74.74,1998
Altai Krai,Siberia Federal Okrug,11.5,1.1,0.1,24.7,2.2,19.69,73.35,1999
Altai Krai,Siberia Federal Okrug,9.9,1.3,0.1,33.2,2.1,27.36,65.26,2000
Altai Krai,Siberia Federal Okrug,12.0,1.4,0.1,39.5,2.3,27.21,66.12,2001
Altai Krai,Siberia Federal Okrug,11.4,1.1,0.1,42.8,1.6,30.29,64.55,2002
Altai Krai,Siberia Federal Okrug,11.5,1.1,0.1,47.7,1.7,32.4,62.49,2003
Altai Krai,Siberia Federal Okrug,14.2,1.3,0.2,52.4,2.0,29.85,64.72,2004
Altai Krai,Siberia Federal Okrug,10.0,1.1,0.2,58.6,2.0,39.69,54.19,2005
Altai Krai,Siberia Federal Okrug,9.7,1.0,0.2,50.2,2.2,36.62,56.61,2006
Altai Krai,Siberia Federal Okrug,6.9,1.2,0.2,52.8,2.5,44.56,46.59,2007
Altai Krai,Siberia Federal Okrug,8.2,1.3,0.3,53.4,3.5,40.17,49.35,2008
Altai Krai,Siberia Federal Okrug,8.5,1.4,0.3,51.6,3.8,38.37,50.57,2009
Altai Krai,Siberia Federal Okrug,9.8,1.5,0.4,59.0,4.1,38.3,50.9,2010
Altai Krai,Siberia Federal Okrug,10.75,1.54,0.4,63.39,4.51,37.93,51.46,2011
Altai Krai,Siberia Federal Okrug,11.0,1.5,0.4,70.4,4.8,39.84,49.8,2012
Altai Krai,Siberia Federal Okrug,8.7,1.4,0.4,64.6,4.4,42.69,46.0,2013
Altai Krai,Siberia Federal Okrug,5.5,1.0,0.3,52.5,4.1,47.24,39.59,2014
Altai Krai,Siberia Federal Okrug,5.5,1.2,0.3,54.3,4.3,47.67,38.63,2015
Krasnodar Krai,Southern Federal Okrug,8.7,1.0,0.3,18.3,8.5,16.18,61.54,1998
Krasnodar Krai,Southern Federal Okrug,8.2,1.0,0.3,39.6,6.8,31.35,51.93,1999
Krasnodar Krai,Southern Federal Okrug,8.7,1.4,0.3,42.6,7.0,31.61,51.65,2000
Krasnodar Krai,Southern Federal Okrug,8.9,1.4,0.3,48.0,6.6,34.09,50.57,2001
Krasnodar Krai,Southern Federal Okrug,7.9,1.3,0.5,50.1,7.9,35.94,45.34,2002
Krasnodar Krai,Southern Federal Okrug,7.9,1.4,0.4,53.3,8.7,37.03,43.91,2003
Krasnodar Krai,Southern Federal Okrug,8.0,1.1,0.3,58.3,8.8,39.27,43.11,2004
Krasnodar Krai,Southern Federal Okrug,8.1,1.1,0.3,60.4,8.9,39.84,42.74,2005
Krasnodar Krai,Southern Federal Okrug,7.2,1.1,0.5,59.3,8.3,41.34,40.15,2006
Krasnodar Krai,Southern Federal Okrug,7.2,1.1,0.5,65.5,8.2,43.84,38.55,2007
Krasnodar Krai,Southern Federal Okrug,7.4,1.3,0.6,67.4,8.7,43.37,38.1,2008
Krasnodar Krai,Southern Federal Okrug,6.4,1.4,0.6,58.2,7.8,42.71,37.57,2009
Krasnodar Krai,Southern Federal Okrug,6.2,1.5,0.6,55.2,6.7,42.7,38.37,2010
Krasnodar Krai,Southern Federal Okrug,6.47,1.79,0.92,59.93,6.47,43.15,37.27,2011
Krasnodar Krai,Southern Federal Okrug,5.8,1.7,0.9,63.1,5.7,46.93,34.51,2012
Krasnodar Krai,Southern Federal Okrug,5.0,1.8,0.8,64.1,5.1,50.45,31.48,2013
Krasnodar Krai,Southern Federal Okrug,4.2,1.7,0.7,66.8,5.6,54.08,27.2,2014
Krasnodar Krai,Southern Federal Okrug,4.0,1.7,0.7,63.2,5.4,53.63,27.16,2015
Krasnoyarsk Krai,Siberia Federal Okrug,14.1,0.9,0.3,25.0,3.7,16.53,74.58,1998
Krasnoyarsk Krai,Siberia Federal Okrug,15.3,1.1,0.3,32.2,4.0,19.03,72.32,1999
Krasnoyarsk Krai,Siberia Federal Okrug,14.9,1.6,0.3,40.5,4.7,22.85,67.26,2000
Krasnoyarsk Krai,Siberia Federal Okrug,15.4,1.5,0.6,59.6,4.9,29.37,60.7,2001
Krasnoyarsk Krai,Siberia Federal Okrug,15.3,1.4,0.6,67.4,5.2,32.03,58.16,2002
Krasnoyarsk Krai,Siberia Federal Okrug,15.5,1.3,0.6,72.3,5.6,33.22,56.97,2003
Krasnoyarsk Krai,Siberia Federal Okrug,9.2,0.9,0.3,47.7,5.3,34.42,53.11,2004
Krasnoyarsk Krai,Siberia Federal Okrug,9.8,1.0,0.3,59.6,4.8,38.62,50.8,2005
Krasnoyarsk Krai,Siberia Federal Okrug,9.6,1.0,0.3,65.9,4.4,41.69,48.59,2006
Krasnoyarsk Krai,Siberia Federal Okrug,12.5,1.6,0.5,84.3,5.9,40.86,48.47,2007
Krasnoyarsk Krai,Siberia Federal Okrug,12.2,1.7,0.6,89.2,6.4,42.27,46.25,2008
Krasnoyarsk Krai,Siberia Federal Okrug,11.6,1.6,0.6,90.0,6.4,43.52,44.87,2009
Krasnoyarsk Krai,Siberia Federal Okrug,11.3,1.8,0.7,85.9,6.5,42.56,44.79,2010
Krasnoyarsk Krai,Siberia Federal Okrug,10.98,1.73,0.75,79.04,6.22,41.18,45.76,2011
Krasnoyarsk Krai,Siberia Federal Okrug,10.8,1.7,0.8,77.5,6.1,41.0,45.71,2012
Krasnoyarsk Krai,Siberia Federal Okrug,9.4,1.7,0.8,73.9,5.4,42.83,43.58,2013
Krasnoyarsk Krai,Siberia Federal Okrug,6.7,1.6,0.8,61.3,4.8,44.86,39.22,2014
Krasnoyarsk Krai,Siberia Federal Okrug,6.7,1.8,0.8,60.0,4.7,44.25,39.53,2015
Primorsky Krai,Far East Federal Okrug,6.3,0.8,0.1,14.9,0.6,21.45,72.56,1998
Primorsky Krai,Far East Federal Okrug,10.3,0.7,0.1,19.1,1.2,17.87,77.11,1999
Primorsky Krai,Far East Federal Okrug,15.0,0.6,0.2,25.1,1.8,16.46,78.71,2000
Primorsky Krai,Far East Federal Okrug,15.2,0.6,0.1,26.5,1.5,17.21,78.99,2001
Primorsky Krai,Far East Federal Okrug,16.0,0.6,0.1,28.3,1.6,17.43,78.83,2002
Primorsky Krai,Far East Federal Okrug,16.2,0.7,0.2,28.5,1.7,17.22,78.33,2003
Primorsky Krai,Far East Federal Okrug,13.8,1.2,0.3,45.4,2.8,27.06,65.79,2004
Primorsky Krai,Far East Federal Okrug,15.9,1.6,0.6,53.7,5.2,26.58,62.96,2005
Primorsky Krai,Far East Federal Okrug,14.8,1.7,0.6,59.6,4.6,30.11,59.82,2006
Primorsky Krai,Far East Federal Okrug,13.5,1.9,0.7,66.8,4.9,33.96,54.9,2007
Primorsky Krai,Far East Federal Okrug,12.6,2.1,0.7,78.4,5.3,38.7,49.76,2008
Primorsky Krai,Far East Federal Okrug,11.7,2.3,0.8,69.8,5.6,36.98,49.59,2009
Primorsky Krai,Far East Federal Okrug,11.1,2.7,0.8,70.8,5.5,38.13,47.82,2010
Primorsky Krai,Far East Federal Okrug,10.91,2.72,0.82,72.22,6.03,38.61,46.66,2011
Primorsky Krai,Far East Federal Okrug,11.2,2.3,0.8,67.3,6.7,36.4,48.46,2012
Primorsky Krai,Far East Federal Okrug,11.4,2.3,0.9,67.5,5.9,36.37,49.14,2013
Primorsky Krai,Far East Federal Okrug,11.4,2.4,1.1,66.1,6.7,35.17,48.53,2014
Primorsky Krai,Far East Federal Okrug,11.8,2.6,1.1,66.4,6.2,34.82,49.5,2015
Stavropol Krai,Southern Federal Okrug,11.8,1.6,0.4,17.2,8.8,12.31,67.54,1998
Stavropol Krai,Southern Federal Okrug,13.3,1.7,0.4,25.9,5.9,16.85,69.21,1999
Stavropol Krai,Southern Federal Okrug,13.7,1.1,0.3,25.9,6.4,16.61,70.3,2000
Stavropol Krai,Southern Federal Okrug,12.8,1.2,0.3,30.5,5.9,20.02,67.22,2001
Stavropol Krai,Southern Federal Okrug,11.7,1.2,0.4,32.7,6.0,22.28,63.77,2002
Stavropol Krai,Southern Federal Okrug,10.0,1.2,0.5,41.1,6.1,28.82,56.09,2003
Stavropol Krai,Southern Federal Okrug,7.8,1.3,0.5,46.8,6.2,35.67,47.56,2004
Stavropol Krai,Southern Federal Okrug,8.0,1.5,0.5,60.6,6.8,40.8,43.09,2005
Stavropol Krai,Southern Federal Okrug,6.3,1.4,0.6,72.0,7.3,48.62,34.04,2006
Stavropol Krai,Southern Federal Okrug,6.6,1.4,0.6,66.1,6.8,46.1,36.83,2007
Stavropol Krai,Southern Federal Okrug,6.0,1.5,0.7,65.5,6.8,47.12,34.53,2008
Stavropol Krai,Southern Federal Okrug,5.0,1.6,0.8,63.6,6.4,49.23,30.96,2009
Stavropol Krai,Southern Federal Okrug,4.4,1.5,0.8,66.5,5.4,53.35,28.24,2010
Stavropol Krai,Southern Federal Okrug,5.14,2.01,0.94,65.12,5.97,48.99,30.94,2011
Stavropol Krai,Southern Federal Okrug,5.3,2.1,1.0,63.1,5.5,47.9,32.18,2012
Stavropol Krai,Southern Federal Okrug,4.5,1.9,0.9,60.0,4.5,50.61,30.36,2013
Stavropol Krai,Southern Federal Okrug,3.0,1.4,0.6,59.3,4.8,57.58,23.31,2014
Stavropol Krai,Southern Federal Okrug,3.0,1.4,0.6,57.5,4.6,57.1,23.83,2015
Khabarovsk Krai,Far East Federal Okrug,15.6,1.4,0.6,24.8,3.7,14.88,74.89,1998
Khabarovsk Krai,Far East Federal Okrug,16.4,1.1,0.4,30.0,4.6,16.85,73.67,1999
Khabarovsk Krai,Far East Federal Okrug,15.3,0.7,0.4,31.9,4.2,18.85,72.31,2000
Khabarovsk Krai,Far East Federal Okrug,21.2,0.5,0.3,38.4,4.3,17.3,76.42,2001
Khabarovsk Krai,Far East Federal Okrug,17.1,0.7,0.3,31.8,4.5,17.33,74.56,2002
Khabarovsk Krai,Far East Federal Okrug,15.2,0.7,0.4,47.4,3.8,25.9,66.45,2003
Khabarovsk Krai,Far East Federal Okrug,14.6,0.9,0.4,53.4,4.3,28.73,62.84,2004
Khabarovsk Krai,Far East Federal Okrug,15.6,1.0,0.5,70.5,4.9,33.03,58.47,2005
Khabarovsk Krai,Far East Federal Okrug,14.4,1.4,0.6,85.7,4.3,39.06,52.51,2006
Khabarovsk Krai,Far East Federal Okrug,14.9,2.1,0.7,93.7,5.0,39.78,50.61,2007
Khabarovsk Krai,Far East Federal Okrug,16.8,2.9,1.1,99.6,6.5,37.53,50.65,2008
Khabarovsk Krai,Far East Federal Okrug,15.5,2.9,0.9,94.7,6.2,38.23,50.05,2009
Khabarovsk Krai,Far East Federal Okrug,16.5,3.1,1.1,101.4,6.5,38.23,49.77,2010
Khabarovsk Krai,Far East Federal Okrug,16.87,3.08,1.09,104.94,5.79,38.88,50.0,2011
Khabarovsk Krai,Far East Federal Okrug,17.8,3.6,1.0,98.2,6.2,36.09,52.33,2012
Khabarovsk Krai,Far East Federal Okrug,14.1,3.1,1.0,94.3,5.7,39.92,47.75,2013
Khabarovsk Krai,Far East Federal Okrug,12.0,3.0,0.9,90.9,5.7,42.28,44.66,2014
Khabarovsk Krai,Far East Federal Okrug,9.0,2.0,0.7,72.0,5.0,43.27,43.27,2015
Amur Oblast,Far East Federal Okrug,17.3,0.7,0.4,21.2,2.1,12.51,81.64,1998
Amur Oblast,Far East Federal Okrug,16.2,0.7,0.2,26.7,2.9,16.03,77.82,1999
Amur Oblast,Far East Federal Okrug,15.8,0.7,0.2,28.5,2.4,17.38,77.1,2000
Amur Oblast,Far East Federal Okrug,17.6,0.6,0.2,31.2,2.6,17.21,77.67,2001
Amur Oblast,Far East Federal Okrug,17.9,0.5,0.2,35.4,2.3,18.94,76.61,2002
Amur Oblast,Far East Federal Okrug,17.4,0.6,0.2,40.4,5.3,20.68,71.25,2003
Amur Oblast,Far East Federal Okrug,18.1,0.6,0.2,44.8,5.2,21.84,70.59,2004
Amur Oblast,Far East Federal Okrug,20.8,0.7,0.2,48.6,5.8,20.93,71.66,2005
Amur Oblast,Far East Federal Okrug,19.3,0.8,0.3,54.8,5.9,24.07,67.81,2006
Amur Oblast,Far East Federal Okrug,17.3,1.0,0.3,64.6,5.7,29.17,62.49,2007
Amur Oblast,Far East Federal Okrug,13.8,1.2,0.5,71.1,6.5,34.86,54.12,2008
Amur Oblast,Far East Federal Okrug,10.5,1.2,0.5,75.3,6.9,41.21,45.97,2009
Amur Oblast,Far East Federal Okrug,11.6,1.6,0.6,75.8,7.6,38.78,47.47,2010
Amur Oblast,Far East Federal Okrug,12.02,1.9,0.64,83.27,7.21,40.34,46.59,2011
Amur Oblast,Far East Federal Okrug,13.3,1.9,0.6,75.8,5.8,36.89,51.78,2012
Amur Oblast,Far East Federal Okrug,10.2,1.9,0.7,75.1,6.7,41.05,44.6,2013
Amur Oblast,Far East Federal Okrug,8.3,1.8,0.6,64.0,6.1,41.52,43.07,2014
Amur Oblast,Far East Federal Okrug,8.0,1.7,0.5,62.2,5.2,42.38,43.61,2015
Arkhangelsk Oblast,North-Western Federal Okrug,11.7,0.4,0.3,10.6,4.3,8.99,79.4,1998
Arkhangelsk Oblast,North-Western Federal Okrug,14.9,0.6,0.3,17.4,4.6,11.49,78.69,1999
Arkhangelsk Oblast,North-Western Federal Okrug,19.2,0.9,0.5,29.3,5.5,14.49,75.94,2000
Arkhangelsk Oblast,North-Western Federal Okrug,23.5,1.2,0.9,47.6,7.0,18.13,71.62,2001
Arkhangelsk Oblast,North-Western Federal Okrug,29.5,1.5,1.2,76.1,8.1,22.07,68.46,2002
Arkhangelsk Oblast,North-Western Federal Okrug,31.9,1.7,1.3,109.0,9.2,27.2,63.68,2003
Arkhangelsk Oblast,North-Western Federal Okrug,18.5,1.3,0.5,51.8,7.0,23.15,66.15,2004
Arkhangelsk Oblast,North-Western Federal Okrug,17.6,1.3,0.6,45.6,7.6,21.45,66.24,2005
Arkhangelsk Oblast,North-Western Federal Okrug,16.9,1.4,0.7,43.1,8.6,20.73,65.03,2006
Arkhangelsk Oblast,North-Western Federal Okrug,15.6,1.6,0.8,40.3,10.1,20.19,62.53,2007
Arkhangelsk Oblast,North-Western Federal Okrug,16.6,1.6,0.9,38.9,10.7,18.66,63.72,2008
Arkhangelsk Oblast,North-Western Federal Okrug,15.9,2.1,1.1,38.7,11.3,18.71,61.49,2009
Arkhangelsk Oblast,North-Western Federal Okrug,16.2,2.6,1.2,40.2,12.0,18.75,60.44,2010
Arkhangelsk Oblast,North-Western Federal Okrug,16.64,2.59,1.24,41.6,12.23,18.89,60.45,2011
Arkhangelsk Oblast,North-Western Federal Okrug,16.1,2.4,1.2,46.1,10.4,21.42,59.85,2012
Arkhangelsk Oblast,North-Western Federal Okrug,14.4,2.3,1.1,49.5,9.2,24.61,57.28,2013
Arkhangelsk Oblast,North-Western Federal Okrug,12.8,2.0,1.0,63.9,10.8,31.17,49.95,2014
Arkhangelsk Oblast,North-Western Federal Okrug,12.3,1.9,1.0,55.8,10.1,29.21,51.52,2015
Astrakhan Oblast,Southern Federal Okrug,9.5,0.8,0.2,18.0,2.9,17.23,72.74,1998
Astrakhan Oblast,Southern Federal Okrug,10.2,0.5,0.1,18.6,3.8,16.71,73.3,1999
Astrakhan Oblast,Southern Federal Okrug,10.0,0.6,0.1,31.0,3.7,25.38,65.51,2000
Astrakhan Oblast,Southern Federal Okrug,11.9,0.8,0.1,42.6,3.8,28.47,63.62,2001
Astrakhan Oblast,Southern Federal Okrug,12.0,0.8,0.2,44.0,4.1,28.69,62.6,2002
Astrakhan Oblast,Southern Federal Okrug,12.4,0.9,0.2,48.3,4.5,29.8,61.21,2003
Astrakhan Oblast,Southern Federal Okrug,12.9,0.9,0.2,58.0,4.8,32.86,58.48,2004
Astrakhan Oblast,Southern Federal Okrug,11.0,0.8,0.2,61.9,4.2,37.86,53.82,2005
Astrakhan Oblast,Southern Federal Okrug,9.6,0.7,0.2,59.8,3.9,40.07,51.46,2006
Astrakhan Oblast,Southern Federal Okrug,9.6,0.9,0.3,64.0,4.1,41.24,49.48,2007
Astrakhan Oblast,Southern Federal Okrug,9.1,0.9,0.4,67.5,5.0,42.81,46.18,2008
Astrakhan Oblast,Southern Federal Okrug,8.7,0.9,0.4,74.0,5.9,45.37,42.67,2009
Astrakhan Oblast,Southern Federal Okrug,9.2,1.0,0.5,77.1,6.1,44.89,42.86,2010
Astrakhan Oblast,Southern Federal Okrug,8.74,0.97,0.56,77.01,4.92,46.52,42.24,2011
Astrakhan Oblast,Southern Federal Okrug,9.5,1.1,0.7,79.7,4.7,45.49,43.37,2012
Astrakhan Oblast,Southern Federal Okrug,7.3,1.0,0.6,79.1,4.2,51.1,37.73,2013
Astrakhan Oblast,Southern Federal Okrug,5.8,1.0,0.7,62.9,5.1,48.56,35.82,2014
Astrakhan Oblast,Southern Federal Okrug,5.2,0.9,0.7,58.0,4.9,48.69,34.92,2015
Belgorod Oblast,Central Federal Okrug,10.8,0.9,0.1,23.0,3.4,19.08,71.69,1998
Belgorod Oblast,Central Federal Okrug,10.3,0.7,0.1,22.3,2.7,19.62,72.5,1999
Belgorod Oblast,Central Federal Okrug,10.1,0.9,0.1,20.7,3.6,18.3,71.44,2000
Belgorod Oblast,Central Federal Okrug,9.5,0.8,0.1,23.2,3.4,21.08,69.04,2001
Belgorod Oblast,Central Federal Okrug,9.4,0.9,0.1,23.2,3.3,21.23,68.81,2002
Belgorod Oblast,Central Federal Okrug,9.7,0.9,0.1,25.8,2.7,22.86,68.77,2003
Belgorod Oblast,Central Federal Okrug,10.0,1.1,0.1,35.1,3.1,27.86,63.5,2004
Belgorod Oblast,Central Federal Okrug,11.1,1.2,0.1,43.6,2.9,30.48,62.08,2005
Belgorod Oblast,Central Federal Okrug,12.4,1.4,0.1,46.5,2.7,29.74,63.45,2006
Belgorod Oblast,Central Federal Okrug,11.0,1.6,0.2,55.6,4.5,34.78,55.06,2007
Belgorod Oblast,Central Federal Okrug,10.1,1.2,0.3,57.9,5.6,36.78,51.33,2008
Belgorod Oblast,Central Federal Okrug,9.3,0.9,0.3,44.9,4.2,33.52,55.55,2009
Belgorod Oblast,Central Federal Okrug,6.5,0.9,0.4,35.6,3.0,35.54,51.92,2010
Belgorod Oblast,Central Federal Okrug,7.25,1.18,0.56,35.87,3.6,32.66,52.81,2011
Belgorod Oblast,Central Federal Okrug,7.0,1.3,0.7,39.5,3.3,35.22,49.94,2012
Belgorod Oblast,Central Federal Okrug,6.6,1.3,0.6,45.7,3.1,40.14,46.37,2013
Belgorod Oblast,Central Federal Okrug,5.2,1.2,0.3,55.5,3.0,50.65,37.96,2014
Belgorod Oblast,Central Federal Okrug,4.9,1.2,0.4,58.1,3.1,52.43,35.37,2015
Bryansk Oblast,Central Federal Okrug,9.7,0.5,0.1,32.4,3.4,26.96,64.58,1998
Bryansk Oblast,Central Federal Okrug,10.6,0.5,0.1,34.8,3.1,26.97,65.72,1999
Bryansk Oblast,Central Federal Okrug,7.6,0.4,0.1,36.4,3.0,34.29,57.27,2000
Bryansk Oblast,Central Federal Okrug,8.0,0.4,0.1,41.6,2.7,36.54,56.22,2001
Bryansk Oblast,Central Federal Okrug,8.5,0.4,0.1,38.9,3.3,33.37,58.33,2002
Bryansk Oblast,Central Federal Okrug,8.7,0.5,0.1,33.9,4.0,29.45,60.47,2003
Bryansk Oblast,Central Federal Okrug,8.6,0.5,0.1,32.5,5.7,27.78,58.81,2004
Bryansk Oblast,Central Federal Okrug,8.6,0.6,0.2,33.6,6.1,27.98,57.3,2005
Bryansk Oblast,Central Federal Okrug,10.9,0.9,0.2,46.3,7.5,29.82,56.16,2006
Bryansk Oblast,Central Federal Okrug,9.6,1.1,0.2,60.4,7.5,37.88,48.17,2007
Bryansk Oblast,Central Federal Okrug,10.2,1.2,0.3,56.7,9.1,34.28,49.33,2008
Bryansk Oblast,Central Federal Okrug,10.5,1.4,0.3,55.0,10.5,32.36,49.42,2009
Bryansk Oblast,Central Federal Okrug,10.8,1.6,0.4,53.2,9.7,31.31,50.85,2010
Bryansk Oblast,Central Federal Okrug,10.56,1.69,0.43,49.13,9.96,29.77,51.2,2011
Bryansk Oblast,Central Federal Okrug,10.0,1.6,0.5,50.9,8.4,32.03,50.35,2012
Bryansk Oblast,Central Federal Okrug,7.8,1.6,0.5,42.4,7.5,32.46,47.76,2013
Bryansk Oblast,Central Federal Okrug,6.4,1.4,0.5,46.9,8.5,37.26,40.68,2014
Bryansk Oblast,Central Federal Okrug,6.9,1.3,0.5,55.0,8.6,39.87,40.01,2015
Vladimir Oblast,Central Federal Okrug,16.8,0.5,0.1,16.6,1.5,10.6,85.82,1998
Vladimir Oblast,Central Federal Okrug,16.1,0.5,0.1,21.4,1.8,13.67,82.29,1999
Vladimir Oblast,Central Federal Okrug,14.5,0.5,0.1,22.1,2.3,15.18,79.66,2000
Vladimir Oblast,Central Federal Okrug,15.3,0.6,0.1,28.5,2.4,17.94,77.03,2001
Vladimir Oblast,Central Federal Okrug,15.6,0.8,0.2,41.5,2.8,23.51,70.69,2002
Vladimir Oblast,Central Federal Okrug,15.4,0.9,0.2,43.7,3.2,24.5,69.08,2003
Vladimir Oblast,Central Federal Okrug,17.3,1.0,0.2,54.0,3.7,26.31,67.42,2004
Vladimir Oblast,Central Federal Okrug,16.9,1.3,0.3,50.6,3.4,25.37,67.78,2005
Vladimir Oblast,Central Federal Okrug,15.3,1.3,0.3,51.4,4.4,27.07,64.46,2006
Vladimir Oblast,Central Federal Okrug,12.6,1.4,0.4,51.7,6.9,29.44,57.4,2007
Vladimir Oblast,Central Federal Okrug,11.7,1.3,0.6,52.6,8.6,30.1,53.56,2008
Vladimir Oblast,Central Federal Okrug,11.7,1.3,0.6,51.4,8.5,29.66,54.0,2009
Vladimir Oblast,Central Federal Okrug,12.0,1.4,0.6,49.0,9.0,28.04,54.93,2010
Vladimir Oblast,Central Federal Okrug,12.26,1.48,0.64,46.74,8.43,26.9,56.46,2011
Vladimir Oblast,Central Federal Okrug,11.9,1.5,0.7,46.6,8.0,27.38,55.93,2012
Vladimir Oblast,Central Federal Okrug,10.9,1.6,0.8,45.8,7.2,28.53,54.32,2013
Vladimir Oblast,Central Federal Okrug,7.9,1.0,0.7,51.4,9.6,35.29,43.39,2014
Vladimir Oblast,Central Federal Okrug,8.1,1.0,0.8,52.4,9.2,35.39,43.76,2015
Volgograd Oblast,Southern Federal Okrug,12.9,1.5,0.3,27.9,2.9,19.37,71.64,1998
Volgograd Oblast,Southern Federal Okrug,9.2,2.1,0.2,36.5,3.5,29.17,58.81,1999
Volgograd Oblast,Southern Federal Okrug,9.0,1.9,0.3,40.9,1.8,32.94,57.98,2000
Volgograd Oblast,Southern Federal Okrug,11.9,1.8,0.3,42.5,2.1,28.44,63.7,2001
Volgograd Oblast,Southern Federal Okrug,13.2,1.6,0.4,43.9,2.4,27.05,65.06,2002
Volgograd Oblast,Southern Federal Okrug,13.2,1.8,0.5,46.7,2.7,27.95,63.2,2003
Volgograd Oblast,Southern Federal Okrug,12.5,1.9,0.5,55.3,3.3,32.19,58.21,2004
Volgograd Oblast,Southern Federal Okrug,11.5,2.0,0.4,53.4,3.5,33.0,56.86,2005
Volgograd Oblast,Southern Federal Okrug,9.5,1.9,0.4,60.3,3.3,39.68,50.01,2006
Volgograd Oblast,Southern Federal Okrug,8.6,1.9,0.4,74.6,4.9,45.79,42.23,2007
Volgograd Oblast,Southern Federal Okrug,7.3,1.5,0.5,91.8,5.9,53.38,33.96,2008
Volgograd Oblast,Southern Federal Okrug,7.6,1.7,0.5,76.7,5.1,48.6,38.52,2009
Volgograd Oblast,Southern Federal Okrug,6.9,1.6,0.5,66.1,5.0,46.83,39.11,2010
Volgograd Oblast,Southern Federal Okrug,6.59,1.66,0.6,67.13,4.82,47.88,37.6,2011
Volgograd Oblast,Southern Federal Okrug,5.9,1.7,0.5,71.6,4.5,52.0,34.28,2012
Volgograd Oblast,Southern Federal Okrug,4.7,1.7,0.5,78.4,4.6,58.02,27.83,2013
Volgograd Oblast,Southern Federal Okrug,3.6,1.6,0.5,72.7,5.5,59.33,23.5,2014
Volgograd Oblast,Southern Federal Okrug,3.6,1.5,0.5,69.5,4.8,59.19,24.53,2015
Vologda Oblast,North-Western Federal Okrug,19.3,0.6,0.3,23.7,3.9,12.39,80.71,1998
Vologda Oblast,North-Western Federal Okrug,17.4,0.4,0.1,24.8,2.5,14.44,81.04,1999
Vologda Oblast,North-Western Federal Okrug,19.2,0.5,0.2,33.2,3.7,16.73,77.39,2000
Vologda Oblast,North-Western Federal Okrug,23.0,0.5,0.3,50.5,7.8,19.66,71.65,2001
Vologda Oblast,North-Western Federal Okrug,22.2,0.4,0.5,51.9,11.7,19.77,67.65,2002
Vologda Oblast,North-Western Federal Okrug,24.6,0.4,0.6,61.7,18.1,20.05,63.96,2003
Vologda Oblast,North-Western Federal Okrug,26.7,0.6,0.7,85.1,14.2,25.04,62.86,2004
Vologda Oblast,North-Western Federal Okrug,21.9,0.6,0.7,89.2,10.6,30.05,59.01,2005
Vologda Oblast,North-Western Federal Okrug,17.5,0.8,0.6,85.2,7.7,34.03,55.91,2006
Vologda Oblast,North-Western Federal Okrug,16.2,0.8,0.4,86.3,9.4,35.43,53.21,2007
Vologda Oblast,North-Western Federal Okrug,17.5,1.1,0.6,89.5,10.1,34.27,53.6,2008
Vologda Oblast,North-Western Federal Okrug,15.2,1.3,0.5,84.8,12.9,34.69,49.74,2009
Vologda Oblast,North-Western Federal Okrug,12.9,0.9,0.4,85.9,9.2,39.67,47.66,2010
Vologda Oblast,North-Western Federal Okrug,15.44,1.29,0.64,88.83,10.34,36.2,50.34,2011
Vologda Oblast,North-Western Federal Okrug,14.9,1.3,0.8,108.6,9.8,41.63,45.7,2012
Vologda Oblast,North-Western Federal Okrug,12.9,1.3,0.7,92.0,8.2,41.14,46.15,2013
Vologda Oblast,North-Western Federal Okrug,11.1,1.2,0.6,63.7,10.0,34.59,48.21,2014
Vologda Oblast,North-Western Federal Okrug,11.3,1.1,0.7,53.6,10.3,30.29,51.08,2015
Voronezh Oblast,Central Federal Okrug,14.2,1.2,0.1,19.0,1.3,13.63,81.49,1998
Voronezh Oblast,Central Federal Okrug,11.7,1.0,0.1,24.4,2.1,19.33,74.14,1999
Voronezh Oblast,Central Federal Okrug,9.1,1.2,0.2,24.8,3.4,22.5,66.04,2000
Voronezh Oblast,Central Federal Okrug,9.2,1.5,0.2,37.7,3.6,30.13,58.81,2001
Voronezh Oblast,Central Federal Okrug,10.5,1.3,0.2,41.9,2.8,30.51,61.16,2002
Voronezh Oblast,Central Federal Okrug,10.8,1.1,0.3,38.2,3.1,27.87,63.03,2003
Voronezh Oblast,Central Federal Okrug,12.6,1.3,0.4,41.2,3.4,26.33,64.42,2004
Voronezh Oblast,Central Federal Okrug,13.8,1.4,0.3,48.0,3.5,27.82,63.98,2005
Voronezh Oblast,Central Federal Okrug,11.1,1.4,0.4,62.3,3.7,37.41,53.32,2006
Voronezh Oblast,Central Federal Okrug,11.9,1.5,0.5,74.3,4.7,39.44,50.54,2007
Voronezh Oblast,Central Federal Okrug,12.9,1.4,0.6,78.3,5.5,38.6,50.87,2008
Voronezh Oblast,Central Federal Okrug,13.0,1.8,0.6,73.9,7.1,36.21,50.97,2009
Voronezh Oblast,Central Federal Okrug,9.4,1.9,0.5,71.4,6.6,41.75,43.98,2010
Voronezh Oblast,Central Federal Okrug,8.41,1.9,0.44,81.01,6.02,47.42,39.39,2011
Voronezh Oblast,Central Federal Okrug,8.5,2.0,0.6,83.3,7.5,46.56,38.01,2012
Voronezh Oblast,Central Federal Okrug,8.0,2.3,0.5,85.2,7.0,48.54,36.46,2013
Voronezh Oblast,Central Federal Okrug,4.9,1.6,0.6,63.9,5.8,50.85,31.2,2014
Voronezh Oblast,Central Federal Okrug,5.4,1.7,0.6,65.0,5.7,49.71,33.04,2015
Ivanovo Oblast,Central Federal Okrug,16.1,0.1,0.04,20.7,1.4,13.49,83.95,1998
Ivanovo Oblast,Central Federal Okrug,15.1,0.1,0.04,28.4,1.6,18.49,78.65,1999
Ivanovo Oblast,Central Federal Okrug,14.2,0.2,0.1,47.5,2.5,28.21,67.47,2000
Ivanovo Oblast,Central Federal Okrug,16.5,0.3,0.1,60.7,3.3,30.03,65.3,2001
Ivanovo Oblast,Central Federal Okrug,16.7,0.6,0.2,61.2,3.7,29.61,64.63,2002
Ivanovo Oblast,Central Federal Okrug,15.4,0.6,0.2,61.6,5.2,30.75,61.5,2003
Ivanovo Oblast,Central Federal Okrug,17.3,0.7,0.4,68.1,8.0,29.53,60.02,2004
Ivanovo Oblast,Central Federal Okrug,12.5,1.0,0.4,76.6,9.0,37.59,49.07,2005
Ivanovo Oblast,Central Federal Okrug,11.1,1.0,0.4,99.9,10.7,45.41,40.37,2006
Ivanovo Oblast,Central Federal Okrug,13.5,1.3,0.4,106.2,8.9,43.91,44.65,2007
Ivanovo Oblast,Central Federal Okrug,11.7,1.3,0.4,104.5,11.0,45.27,40.55,2008
Ivanovo Oblast,Central Federal Okrug,10.8,1.3,0.5,100.2,10.9,45.57,39.29,2009
Ivanovo Oblast,Central Federal Okrug,10.2,1.5,0.5,86.4,9.5,43.55,41.13,2010
Ivanovo Oblast,Central Federal Okrug,11.14,1.57,0.57,88.42,9.71,42.27,42.61,2011
Ivanovo Oblast,Central Federal Okrug,11.9,1.7,0.6,92.8,9.2,42.38,43.48,2012
Ivanovo Oblast,Central Federal Okrug,9.3,1.7,0.6,84.7,8.8,44.79,39.34,2013
Ivanovo Oblast,Central Federal Okrug,7.0,1.0,0.6,71.6,8.2,46.35,36.25,2014
Ivanovo Oblast,Central Federal Okrug,7.8,1.1,0.6,72.8,7.5,45.32,38.84,2015
Irkutsk Oblast,Siberia Federal Okrug,14.8,1.0,0.4,26.8,5.6,16.32,72.09,1998
Irkutsk Oblast,Siberia Federal Okrug,14.7,0.9,0.4,29.1,5.6,17.58,71.06,1999
Irkutsk Oblast,Siberia Federal Okrug,15.5,1.3,0.5,39.4,6.0,21.31,67.06,2000
Irkutsk Oblast,Siberia Federal Okrug,11.9,1.4,0.5,38.9,7.1,24.54,60.06,2001
Irkutsk Oblast,Siberia Federal Okrug,10.8,1.1,0.4,47.8,8.1,29.97,54.18,2002
Irkutsk Oblast,Siberia Federal Okrug,10.2,1.0,0.3,51.5,7.4,33.08,52.42,2003
Irkutsk Oblast,Siberia Federal Okrug,22.7,1.5,0.7,54.7,5.5,21.14,70.2,2004
Irkutsk Oblast,Siberia Federal Okrug,23.0,1.7,0.9,58.4,7.0,21.59,68.03,2005
Irkutsk Oblast,Siberia Federal Okrug,23.0,1.5,1.0,68.4,7.2,24.32,65.42,2006
Irkutsk Oblast,Siberia Federal Okrug,11.6,1.1,0.3,76.7,5.4,40.91,49.49,2007
Irkutsk Oblast,Siberia Federal Okrug,12.0,1.5,0.5,84.1,6.5,41.37,47.22,2008
Irkutsk Oblast,Siberia Federal Okrug,11.4,1.3,0.4,92.2,6.3,45.01,44.52,2009
Irkutsk Oblast,Siberia Federal Okrug,11.4,1.3,0.5,85.4,6.5,42.85,45.76,2010
Irkutsk Oblast,Siberia Federal Okrug,10.98,1.4,0.51,77.29,6.1,41.29,46.92,2011
Irkutsk Oblast,Siberia Federal Okrug,10.8,1.5,0.6,71.7,6.3,39.48,47.57,2012
Irkutsk Oblast,Siberia Federal Okrug,9.4,1.5,0.6,71.6,5.8,42.34,44.47,2013
Irkutsk Oblast,Siberia Federal Okrug,7.7,1.5,0.6,73.2,6.2,46.31,38.97,2014
Irkutsk Oblast,Siberia Federal Okrug,7.2,1.5,0.5,66.9,6.2,45.52,39.19,2015
Kaliningrad Oblast,North-Western Federal Okrug,12.2,1.1,0.3,21.6,2.7,16.52,74.66,1998
Kaliningrad Oblast,North-Western Federal Okrug,15.3,1.0,0.7,27.6,3.1,16.68,73.98,1999
Kaliningrad Oblast,North-Western Federal Okrug,15.8,1.3,0.8,38.4,3.2,21.1,69.45,2000
Kaliningrad Oblast,North-Western Federal Okrug,13.3,1.1,0.7,44.5,1.7,27.26,65.19,2001
Kaliningrad Oblast,North-Western Federal Okrug,17.3,1.3,0.9,64.5,2.4,29.45,63.2,2002
Kaliningrad Oblast,North-Western Federal Okrug,20.0,1.4,1.1,80.8,11.3,28.85,57.13,2003
Kaliningrad Oblast,North-Western Federal Okrug,20.0,1.4,1.0,84.2,12.7,29.44,55.94,2004
Kaliningrad Oblast,North-Western Federal Okrug,15.9,1.5,1.0,70.5,11.0,29.91,53.97,2005
Kaliningrad Oblast,North-Western Federal Okrug,16.9,1.4,1.0,82.4,11.6,32.09,52.65,2006
Kaliningrad Oblast,North-Western Federal Okrug,17.3,1.6,0.9,73.8,12.3,29.2,54.76,2007
Kaliningrad Oblast,North-Western Federal Okrug,14.7,2.0,1.7,67.2,9.3,29.8,52.15,2008
Kaliningrad Oblast,North-Western Federal Okrug,10.5,1.9,1.6,62.7,7.6,34.39,46.08,2009
Kaliningrad Oblast,North-Western Federal Okrug,15.6,2.0,1.9,57.6,8.6,25.82,55.95,2010
Kaliningrad Oblast,North-Western Federal Okrug,14.65,2.03,2.13,56.95,7.98,26.46,54.46,2011
Kaliningrad Oblast,North-Western Federal Okrug,14.8,1.7,2.3,61.0,8.6,27.41,53.21,2012
Kaliningrad Oblast,North-Western Federal Okrug,13.2,1.9,2.1,57.6,6.9,28.64,52.51,2013
Kaliningrad Oblast,North-Western Federal Okrug,7.7,1.5,1.2,36.9,6.9,28.77,48.03,2014
Kaliningrad Oblast,North-Western Federal Okrug,7.3,1.6,1.0,36.4,7.1,29.43,47.22,2015
Kaluga Oblast,Central Federal Okrug,15.6,0.7,0.1,24.2,2.8,15.3,78.89,1998
Kaluga Oblast,Central Federal Okrug,17.7,0.9,0.1,26.5,2.8,14.91,79.65,1999
Kaluga Oblast,Central Federal Okrug,9.0,0.6,0.2,30.4,2.2,27.46,65.03,2000
Kaluga Oblast,Central Federal Okrug,12.0,0.6,0.1,34.1,2.5,24.65,69.39,2001
Kaluga Oblast,Central Federal Okrug,12.2,0.8,0.2,50.6,2.6,32.03,61.79,2002
Kaluga Oblast,Central Federal Okrug,9.0,0.9,0.3,71.2,3.0,45.95,46.46,2003
Kaluga Oblast,Central Federal Okrug,11.4,1.3,0.3,86.7,4.0,44.92,47.25,2004
Kaluga Oblast,Central Federal Okrug,13.9,1.6,0.3,64.1,3.8,33.62,58.32,2005
Kaluga Oblast,Central Federal Okrug,11.3,3.0,0.4,96.6,5.9,45.66,42.73,2006
Kaluga Oblast,Central Federal Okrug,11.8,2.3,0.5,71.4,6.4,37.44,49.51,2007
Kaluga Oblast,Central Federal Okrug,10.8,1.9,0.7,64.6,7.7,35.96,48.1,2008
Kaluga Oblast,Central Federal Okrug,10.2,1.5,0.8,50.1,7.4,31.42,51.17,2009
Kaluga Oblast,Central Federal Okrug,11.2,1.6,0.8,53.7,8.9,30.7,51.23,2010
Kaluga Oblast,Central Federal Okrug,11.62,1.78,0.86,57.93,9.26,31.44,50.45,2011
Kaluga Oblast,Central Federal Okrug,11.9,2.0,0.9,64.0,9.3,33.07,49.19,2012
Kaluga Oblast,Central Federal Okrug,11.7,1.7,0.9,52.3,8.6,29.41,52.64,2013
Kaluga Oblast,Central Federal Okrug,9.0,1.8,0.9,46.1,7.7,31.13,48.62,2014
Kaluga Oblast,Central Federal Okrug,8.9,1.8,0.9,45.6,7.6,31.11,48.58,2015
Kamchatka Krai,Far East Federal Okrug,25.1,0.8,0.4,25.5,6.4,10.33,81.37,1998
Kamchatka Krai,Far East Federal Okrug,26.4,0.9,0.4,30.6,6.5,11.65,80.38,1999
Kamchatka Krai,Far East Federal Okrug,26.6,0.8,0.4,32.7,7.1,12.22,79.5,2000
Kamchatka Krai,Far East Federal Okrug,26.7,0.9,0.4,33.6,7.4,12.43,79.02,2001
Kamchatka Krai,Far East Federal Okrug,25.9,1.2,0.5,35.3,7.3,13.23,77.63,2002
Kamchatka Krai,Far East Federal Okrug,25.1,1.8,1.2,39.1,7.4,14.4,73.94,2003
Kamchatka Krai,Far East Federal Okrug,22.2,2.0,1.1,49.2,7.5,19.04,68.73,2004
Kamchatka Krai,Far East Federal Okrug,22.8,2.1,1.4,50.5,8.6,18.72,67.61,2005
Kamchatka Krai,Far East Federal Okrug,20.4,2.9,1.2,69.1,8.0,25.78,60.88,2006
Kamchatka Krai,Far East Federal Okrug,18.6,3.3,1.5,69.6,7.8,27.08,57.89,2007
Kamchatka Krai,Far East Federal Okrug,18.2,3.7,1.7,73.4,7.2,28.37,56.27,2008
Kamchatka Krai,Far East Federal Okrug,17.5,3.9,1.8,75.0,7.6,29.18,54.47,2009
Kamchatka Krai,Far East Federal Okrug,16.9,4.1,1.8,75.6,7.7,29.82,53.33,2010
Kamchatka Krai,Far East Federal Okrug,16.83,4.2,1.76,77.77,7.59,30.52,52.84,2011
Kamchatka Krai,Far East Federal Okrug,15.4,4.3,1.8,76.0,7.5,31.42,50.93,2012
Kamchatka Krai,Far East Federal Okrug,15.1,4.1,1.8,76.3,6.7,32.14,50.88,2013
Kamchatka Krai,Far East Federal Okrug,13.0,4.0,1.7,76.0,6.4,34.77,47.58,2014
Kamchatka Krai,Far East Federal Okrug,12.8,3.9,1.6,68.2,6.3,32.81,49.26,2015
Kemerovo Oblast,Siberia Federal Okrug,16.8,1.1,0.4,25.6,3.6,14.67,77.03,1998
Kemerovo Oblast,Siberia Federal Okrug,17.4,0.5,0.2,26.1,2.5,14.99,79.95,1999
Kemerovo Oblast,Siberia Federal Okrug,17.3,0.6,0.2,26.6,2.3,15.33,79.74,2000
Kemerovo Oblast,Siberia Federal Okrug,18.8,0.6,0.2,28.6,2.1,15.29,80.39,2001
Kemerovo Oblast,Siberia Federal Okrug,20.2,0.9,0.3,30.8,3.0,15.09,79.15,2002
Kemerovo Oblast,Siberia Federal Okrug,20.1,1.1,0.3,36.9,4.2,17.34,75.56,2003
Kemerovo Oblast,Siberia Federal Okrug,21.2,1.0,0.3,68.6,3.7,27.24,67.33,2004
Kemerovo Oblast,Siberia Federal Okrug,19.3,1.4,0.4,77.5,4.4,31.12,62.0,2005
Kemerovo Oblast,Siberia Federal Okrug,19.7,1.3,0.4,87.8,4.3,33.51,60.14,2006
Kemerovo Oblast,Siberia Federal Okrug,19.6,1.8,0.9,65.1,8.8,25.58,61.6,2007
Kemerovo Oblast,Siberia Federal Okrug,17.6,1.6,0.7,68.5,9.3,28.42,58.41,2008
Kemerovo Oblast,Siberia Federal Okrug,13.9,1.3,0.7,62.5,9.2,30.56,54.38,2009
Kemerovo Oblast,Siberia Federal Okrug,13.6,1.3,0.6,67.1,9.0,32.66,52.96,2010
Kemerovo Oblast,Siberia Federal Okrug,13.7,1.48,0.61,71.37,7.48,34.42,52.86,2011
Kemerovo Oblast,Siberia Federal Okrug,14.2,1.6,0.7,75.3,5.9,35.44,53.46,2012
Kemerovo Oblast,Siberia Federal Okrug,11.3,1.8,0.8,72.6,5.9,38.64,48.12,2013
Kemerovo Oblast,Siberia Federal Okrug,7.4,1.2,0.5,72.1,4.5,48.4,39.74,2014
Kemerovo Oblast,Siberia Federal Okrug,6.9,1.5,0.5,71.8,4.4,49.46,38.03,2015
Kirov Oblast,Volga Federal Okrug,12.8,0.4,0.1,12.4,2.0,10.22,84.38,1998
Kirov Oblast,Volga Federal Okrug,13.6,0.3,0.1,13.1,1.5,10.31,85.66,1999
Kirov Oblast,Volga Federal Okrug,12.8,0.3,0.1,15.5,1.8,12.53,82.75,2000
Kirov Oblast,Volga Federal Okrug,14.1,0.4,0.1,20.4,2.8,14.4,79.62,2001
Kirov Oblast,Volga Federal Okrug,14.9,0.5,0.1,27.3,4.5,17.14,74.83,2002
Kirov Oblast,Volga Federal Okrug,13.5,0.6,0.1,33.4,7.2,20.76,67.11,2003
Kirov Oblast,Volga Federal Okrug,12.8,0.7,0.1,43.6,9.6,25.42,59.7,2004
Kirov Oblast,Volga Federal Okrug,12.8,0.7,0.2,56.2,9.7,30.35,55.3,2005
Kirov Oblast,Volga Federal Okrug,12.9,0.9,0.2,66.8,9.5,33.98,52.5,2006
Kirov Oblast,Volga Federal Okrug,13.8,1.3,0.4,76.0,12.1,34.27,49.78,2007
Kirov Oblast,Volga Federal Okrug,14.5,1.4,0.5,84.0,13.1,35.18,48.58,2008
Kirov Oblast,Volga Federal Okrug,14.2,1.4,0.5,77.0,13.4,33.46,49.37,2009
Kirov Oblast,Volga Federal Okrug,15.2,1.8,0.5,77.4,11.0,33.12,52.03,2010
Kirov Oblast,Volga Federal Okrug,15.09,1.82,0.55,82.05,9.23,35.11,51.66,2011
Kirov Oblast,Volga Federal Okrug,15.1,1.7,0.6,81.4,8.1,35.31,52.4,2012
Kirov Oblast,Volga Federal Okrug,12.9,1.4,0.6,73.3,8.1,35.91,50.56,2013
Kirov Oblast,Volga Federal Okrug,10.6,1.2,0.6,73.8,8.5,39.53,45.43,2014
Kirov Oblast,Volga Federal Okrug,10.1,1.2,0.6,72.9,8.1,40.32,44.69,2015
Kostroma Oblast,Central Federal Okrug,17.9,1.2,0.1,25.8,1.7,14.6,81.01,1998
Kostroma Oblast,Central Federal Okrug,17.3,1.1,0.1,27.7,1.8,15.93,79.6,1999
Kostroma Oblast,Central Federal Okrug,15.2,0.3,0.1,24.0,1.3,15.97,80.94,2000
Kostroma Oblast,Central Federal Okrug,17.2,0.6,0.2,25.4,3.5,14.56,78.88,2001
Kostroma Oblast,Central Federal Okrug,16.9,0.5,0.1,27.1,3.2,15.76,78.61,2002
Kostroma Oblast,Central Federal Okrug,16.5,0.5,0.1,28.0,4.2,16.27,76.71,2003
Kostroma Oblast,Central Federal Okrug,18.0,0.5,0.1,32.7,5.9,16.96,74.67,2004
Kostroma Oblast,Central Federal Okrug,19.7,0.5,0.1,38.2,5.7,18.06,74.52,2005
Kostroma Oblast,Central Federal Okrug,16.9,0.6,0.2,32.4,5.6,17.6,73.45,2006
Kostroma Oblast,Central Federal Okrug,15.8,0.9,0.4,53.7,7.0,26.55,62.49,2007
Kostroma Oblast,Central Federal Okrug,13.2,0.9,0.4,62.3,7.1,32.74,55.49,2008
Kostroma Oblast,Central Federal Okrug,12.4,1.0,0.4,60.8,7.5,33.12,54.03,2009
Kostroma Oblast,Central Federal Okrug,12.8,1.2,0.5,56.1,8.5,30.2,55.12,2010
Kostroma Oblast,Central Federal Okrug,11.87,1.28,0.51,59.69,8.11,32.93,52.39,2011
Kostroma Oblast,Central Federal Okrug,12.3,1.3,0.5,79.6,7.7,39.1,48.33,2012
Kostroma Oblast,Central Federal Okrug,11.5,1.3,0.6,52.4,6.6,31.16,54.71,2013
Kostroma Oblast,Central Federal Okrug,9.0,1.1,0.5,52.0,7.3,35.1,48.6,2014
Kostroma Oblast,Central Federal Okrug,8.4,1.0,0.5,54.8,6.7,37.93,46.51,2015
Kurgan Oblast,Ural Federal Okrug,15.1,1.2,0.2,20.1,3.8,13.01,78.19,1998
Kurgan Oblast,Ural Federal Okrug,14.4,0.9,0.2,25.2,3.8,16.44,75.16,1999
Kurgan Oblast,Ural Federal Okrug,13.0,0.6,0.1,26.6,2.9,19.03,74.39,2000
Kurgan Oblast,Ural Federal Okrug,12.2,0.6,0.2,34.2,2.9,24.12,68.83,2001
Kurgan Oblast,Ural Federal Okrug,11.7,0.5,0.1,37.9,2.7,27.08,66.87,2002
Kurgan Oblast,Ural Federal Okrug,9.2,0.4,0.1,42.6,3.5,33.71,58.25,2003
Kurgan Oblast,Ural Federal Okrug,8.3,0.4,0.1,43.5,4.5,35.52,54.22,2004
Kurgan Oblast,Ural Federal Okrug,7.4,0.6,0.1,45.9,4.8,38.62,49.81,2005
Kurgan Oblast,Ural Federal Okrug,6.9,0.6,0.2,56.9,5.0,44.75,43.42,2006
Kurgan Oblast,Ural Federal Okrug,8.0,0.9,0.3,68.0,6.6,44.62,41.99,2007
Kurgan Oblast,Ural Federal Okrug,9.0,1.0,0.4,81.1,9.0,44.98,39.93,2008
Kurgan Oblast,Ural Federal Okrug,9.0,0.9,0.3,84.0,9.1,46.05,39.47,2009
Kurgan Oblast,Ural Federal Okrug,8.5,0.9,0.4,82.4,8.4,46.84,38.65,2010
Kurgan Oblast,Ural Federal Okrug,7.72,1.01,0.42,85.81,6.98,50.45,36.31,2011
Kurgan Oblast,Ural Federal Okrug,7.5,1.1,0.4,82.5,5.8,50.84,36.98,2012
Kurgan Oblast,Ural Federal Okrug,5.8,1.3,0.5,77.6,4.9,54.31,32.47,2013
Kurgan Oblast,Ural Federal Okrug,4.2,1.3,0.4,70.0,5.0,57.41,27.56,2014
Kurgan Oblast,Ural Federal Okrug,3.5,1.1,0.4,69.2,5.1,60.03,24.29,2015
Kursk Oblast,Central Federal Okrug,4.4,0.7,0.1,22.9,1.5,35.68,54.85,1998
Kursk Oblast,Central Federal Okrug,4.8,0.3,0.1,30.0,1.3,41.07,52.57,1999
Kursk Oblast,Central Federal Okrug,6.1,0.5,0.1,33.0,1.6,37.65,55.68,2000
Kursk Oblast,Central Federal Okrug,7.4,0.5,0.1,44.5,1.7,40.54,53.93,2001
Kursk Oblast,Central Federal Okrug,6.7,0.5,0.1,53.8,1.8,47.31,47.13,2002
Kursk Oblast,Central Federal Okrug,7.5,1.1,0.3,67.8,3.3,48.17,42.63,2003
Kursk Oblast,Central Federal Okrug,7.2,0.8,0.3,90.9,6.5,53.97,34.2,2004
Kursk Oblast,Central Federal Okrug,7.9,1.5,0.3,72.5,7.4,45.47,39.63,2005
Kursk Oblast,Central Federal Okrug,7.2,1.3,0.3,81.4,5.4,51.69,36.58,2006
Kursk Oblast,Central Federal Okrug,8.0,1.4,0.4,72.4,6.1,45.94,40.61,2007
Kursk Oblast,Central Federal Okrug,7.7,1.2,0.4,69.1,6.0,45.71,40.75,2008
Kursk Oblast,Central Federal Okrug,8.4,1.2,0.4,70.1,6.4,44.16,42.33,2009
Kursk Oblast,Central Federal Okrug,8.4,1.3,0.4,69.4,6.6,43.71,42.33,2010
Kursk Oblast,Central Federal Okrug,7.73,1.43,0.49,71.19,6.33,45.76,39.75,2011
Kursk Oblast,Central Federal Okrug,7.7,1.5,0.6,60.7,5.6,42.11,42.74,2012
Kursk Oblast,Central Federal Okrug,7.6,1.7,0.6,51.9,5.1,38.78,45.43,2013
Kursk Oblast,Central Federal Okrug,4.3,1.6,0.5,44.8,5.7,44.48,34.15,2014
Kursk Oblast,Central Federal Okrug,4.1,1.4,0.5,41.9,4.7,44.89,35.14,2015
Leningrad Oblast,North-Western Federal Okrug,13.9,0.5,0.2,15.0,2.3,11.15,82.66,1998
Leningrad Oblast,North-Western Federal Okrug,16.5,0.9,0.2,25.6,3.0,15.19,78.31,1999
Leningrad Oblast,North-Western Federal Okrug,14.7,1.3,0.3,37.7,3.8,22.18,69.2,2000
Leningrad Oblast,North-Western Federal Okrug,17.5,1.8,0.4,59.7,5.0,27.23,63.86,2001
Leningrad Oblast,North-Western Federal Okrug,20.4,2.3,0.6,65.3,7.1,25.52,63.78,2002
Leningrad Oblast,North-Western Federal Okrug,18.5,2.2,0.6,66.3,8.1,27.19,60.7,2003
Leningrad Oblast,North-Western Federal Okrug,20.4,3.7,0.7,68.5,10.0,25.35,60.4,2004
Leningrad Oblast,North-Western Federal Okrug,23.2,3.9,0.8,66.7,10.9,22.67,63.08,2005
Leningrad Oblast,North-Western Federal Okrug,19.4,2.2,0.9,79.3,9.6,29.37,57.48,2006
Leningrad Oblast,North-Western Federal Okrug,13.6,1.9,1.1,73.0,8.5,33.87,50.47,2007
Leningrad Oblast,North-Western Federal Okrug,15.1,2.3,1.5,73.2,9.0,31.4,51.82,2008
Leningrad Oblast,North-Western Federal Okrug,18.8,2.4,1.9,74.7,10.8,27.47,55.3,2009
Leningrad Oblast,North-Western Federal Okrug,17.8,2.3,2.0,77.3,10.5,29.01,53.45,2010
Leningrad Oblast,North-Western Federal Okrug,15.38,2.52,1.62,86.7,8.54,34.79,49.37,2011
Leningrad Oblast,North-Western Federal Okrug,14.4,2.1,1.5,81.3,7.4,35.15,49.81,2012
Leningrad Oblast,North-Western Federal Okrug,12.2,2.0,1.2,73.6,6.6,36.54,48.45,2013
Leningrad Oblast,North-Western Federal Okrug,10.6,2.0,1.3,49.7,9.2,28.93,49.37,2014
Leningrad Oblast,North-Western Federal Okrug,9.8,1.8,1.3,46.2,8.8,28.8,48.87,2015
Lipetsk Oblast,Central Federal Okrug,15.3,1.4,0.2,29.6,2.6,18.14,75.0,1998
Lipetsk Oblast,Central Federal Okrug,9.1,0.7,0.1,29.6,3.1,26.35,64.81,1999
Lipetsk Oblast,Central Federal Okrug,9.3,0.7,0.2,31.9,2.3,27.72,64.64,2000
Lipetsk Oblast,Central Federal Okrug,9.3,0.7,0.2,42.9,2.5,33.89,58.78,2001
Lipetsk Oblast,Central Federal Okrug,10.0,0.7,0.2,49.5,2.5,35.67,57.65,2002
Lipetsk Oblast,Central Federal Okrug,10.1,0.7,0.2,54.9,2.7,37.74,55.55,2003
Lipetsk Oblast,Central Federal Okrug,10.2,0.7,0.2,56.5,2.8,38.15,55.1,2004
Lipetsk Oblast,Central Federal Okrug,10.5,0.8,0.2,57.1,3.1,37.55,55.24,2005
Lipetsk Oblast,Central Federal Okrug,10.4,0.8,0.2,62.3,3.4,39.64,52.93,2006
Lipetsk Oblast,Central Federal Okrug,10.5,1.1,0.3,72.5,6.9,40.71,47.16,2007
Lipetsk Oblast,Central Federal Okrug,9.0,1.1,0.4,74.5,7.5,43.74,42.27,2008
Lipetsk Oblast,Central Federal Okrug,9.3,1.2,0.4,70.7,7.9,41.55,43.73,2009
Lipetsk Oblast,Central Federal Okrug,9.3,1.4,0.5,74.5,8.2,42.34,42.29,2010
Lipetsk Oblast,Central Federal Okrug,8.85,1.32,0.45,77.72,6.48,45.49,41.44,2011
Lipetsk Oblast,Central Federal Okrug,8.1,1.4,0.5,77.7,5.7,47.51,39.62,2012
Lipetsk Oblast,Central Federal Okrug,7.1,1.2,0.5,72.0,5.2,48.6,38.34,2013
Lipetsk Oblast,Central Federal Okrug,5.0,1.2,0.4,56.8,6.4,48.04,33.83,2014
Lipetsk Oblast,Central Federal Okrug,5.0,1.3,0.5,53.0,6.8,45.52,34.35,2015
Magadan Oblast,Far East Federal Okrug,23.1,2.1,0.3,33.8,6.2,14.03,76.71,1998
Magadan Oblast,Far East Federal Okrug,23.2,1.7,0.1,18.7,4.8,8.47,84.1,1999
Magadan Oblast,Far East Federal Okrug,23.9,1.8,0.2,24.6,4.3,10.6,82.4,2000
Magadan Oblast,Far East Federal Okrug,23.6,1.4,0.2,28.3,4.7,12.13,80.91,2001
Magadan Oblast,Far East Federal Okrug,18.9,1.4,0.2,33.0,4.0,16.6,76.07,2002
Magadan Oblast,Far East Federal Okrug,18.4,1.8,0.4,43.2,4.8,20.63,70.28,2003
Magadan Oblast,Far East Federal Okrug,16.8,1.9,0.5,39.4,5.9,20.05,68.39,2004
Magadan Oblast,Far East Federal Okrug,16.5,2.0,0.7,40.2,6.7,20.23,66.44,2005
Magadan Oblast,Far East Federal Okrug,16.3,2.5,0.7,42.4,6.6,21.17,65.12,2006
Magadan Oblast,Far East Federal Okrug,16.3,3.2,0.9,42.0,7.3,20.51,63.67,2007
Magadan Oblast,Far East Federal Okrug,17.1,3.6,1.1,34.2,8.1,16.45,65.81,2008
Magadan Oblast,Far East Federal Okrug,20.8,3.8,1.2,41.5,8.8,16.75,67.17,2009
Magadan Oblast,Far East Federal Okrug,18.1,4.0,1.5,55.5,7.9,23.04,60.12,2010
Magadan Oblast,Far East Federal Okrug,17.53,4.06,1.6,55.4,8.17,23.3,58.98,2011
Magadan Oblast,Far East Federal Okrug,24.3,4.9,2.1,59.9,8.0,19.83,64.36,2012
Magadan Oblast,Far East Federal Okrug,17.8,4.3,2.1,61.6,6.8,24.89,57.55,2013
Magadan Oblast,Far East Federal Okrug,16.5,4.3,2.0,63.5,7.7,26.43,54.93,2014
Magadan Oblast,Far East Federal Okrug,13.5,3.7,1.6,56.3,7.1,27.73,53.2,2015
Moscow Oblast,Central Federal Okrug,15.2,1.1,0.2,11.9,2.2,8.32,85.02,1998
Moscow Oblast,Central Federal Okrug,15.8,1.1,0.3,15.8,2.3,10.34,82.74,1999
Moscow Oblast,Central Federal Okrug,17.2,0.6,0.3,22.6,3.1,13.18,80.24,2000
Moscow Oblast,Central Federal Okrug,16.8,0.3,0.3,23.7,3.2,14.03,79.57,2001
Moscow Oblast,Central Federal Okrug,16.9,0.7,0.4,29.4,3.6,16.51,75.9,2002
Moscow Oblast,Central Federal Okrug,20.5,0.8,0.4,29.6,4.0,14.21,78.73,2003
Moscow Oblast,Central Federal Okrug,21.8,0.8,0.8,30.5,5.7,13.44,76.86,2004
Moscow Oblast,Central Federal Okrug,19.8,1.1,1.1,32.3,7.3,14.7,72.11,2005
Moscow Oblast,Central Federal Okrug,21.2,1.5,1.3,38.7,6.5,16.27,71.29,2006
Moscow Oblast,Central Federal Okrug,16.9,2.3,1.4,67.4,8.2,28.2,56.57,2007
Moscow Oblast,Central Federal Okrug,15.1,2.4,1.6,86.0,7.8,35.23,49.49,2008
Moscow Oblast,Central Federal Okrug,13.5,2.3,1.4,100.6,7.5,41.34,44.39,2009
Moscow Oblast,Central Federal Okrug,13.0,2.7,1.4,100.6,8.3,41.54,42.94,2010
Moscow Oblast,Central Federal Okrug,12.96,2.77,1.31,108.64,7.6,43.86,41.86,2011
Moscow Oblast,Central Federal Okrug,11.3,2.6,1.5,101.0,7.4,44.42,39.75,2012
Moscow Oblast,Central Federal Okrug,11.5,2.4,1.5,99.0,6.5,44.13,41.01,2013
Moscow Oblast,Central Federal Okrug,10.1,2.4,1.3,97.7,8.2,45.58,37.7,2014
Moscow Oblast,Central Federal Okrug,9.9,2.4,1.2,109.4,11.4,47.29,34.24,2015
Murmansk Oblast,North-Western Federal Okrug,16.6,1.7,0.6,21.4,4.8,12.26,76.06,1998
Murmansk Oblast,North-Western Federal Okrug,17.8,1.6,0.6,27.1,4.5,14.34,75.37,1999
Murmansk Oblast,North-Western Federal Okrug,18.8,1.7,0.6,29.9,4.4,14.97,75.3,2000
Murmansk Oblast,North-Western Federal Okrug,19.7,1.8,0.6,34.7,4.6,16.33,74.18,2001
Murmansk Oblast,North-Western Federal Okrug,20.9,1.9,0.6,40.0,5.3,17.45,72.92,2002
Murmansk Oblast,North-Western Federal Okrug,21.3,2.1,0.7,41.3,6.0,17.45,71.98,2003
Murmansk Oblast,North-Western Federal Okrug,21.7,2.2,0.7,45.8,6.2,18.68,70.81,2004
Murmansk Oblast,North-Western Federal Okrug,21.9,2.1,0.7,49.3,6.9,19.59,69.61,2005
Murmansk Oblast,North-Western Federal Okrug,19.3,2.0,0.8,51.2,8.3,21.63,65.22,2006
Murmansk Oblast,North-Western Federal Okrug,18.9,1.8,0.9,53.0,10.2,22.06,62.95,2007
Murmansk Oblast,North-Western Federal Okrug,17.7,2.7,1.3,54.0,10.6,22.7,59.52,2008
Murmansk Oblast,North-Western Federal Okrug,15.3,2.9,1.4,50.3,10.1,23.38,56.9,2009
Murmansk Oblast,North-Western Federal Okrug,12.7,3.3,1.5,51.4,10.3,26.01,51.41,2010
Murmansk Oblast,North-Western Federal Okrug,12.6,3.32,1.52,51.86,10.72,26.12,50.78,2011
Murmansk Oblast,North-Western Federal Okrug,13.1,3.4,1.7,52.6,10.8,25.65,51.1,2012
Murmansk Oblast,North-Western Federal Okrug,13.2,3.3,1.7,54.1,10.9,26.09,50.92,2013
Murmansk Oblast,North-Western Federal Okrug,11.3,2.7,1.7,56.3,8.0,30.27,48.61,2014
Murmansk Oblast,North-Western Federal Okrug,10.7,2.5,1.6,56.6,7.2,31.75,48.01,2015
Nizhny Novgorod Oblast,Volga Federal Okrug,9.6,1.0,0.2,14.8,3.4,14.26,74.02,1998
Nizhny Novgorod Oblast,Volga Federal Okrug,10.6,1.0,0.2,25.4,3.8,20.6,68.76,1999
Nizhny Novgorod Oblast,Volga Federal Okrug,9.7,1.0,0.1,27.3,3.9,23.24,66.07,2000
Nizhny Novgorod Oblast,Volga Federal Okrug,9.8,0.9,0.2,34.7,4.8,27.03,61.07,2001
Nizhny Novgorod Oblast,Volga Federal Okrug,10.6,1.0,0.2,39.8,5.2,28.21,60.11,2002
Nizhny Novgorod Oblast,Volga Federal Okrug,11.1,1.1,0.2,44.8,5.8,29.52,58.51,2003
Nizhny Novgorod Oblast,Volga Federal Okrug,11.9,1.2,0.2,51.0,6.2,30.8,57.5,2004
Nizhny Novgorod Oblast,Volga Federal Okrug,11.9,1.4,0.3,60.1,6.9,33.84,53.6,2005
Nizhny Novgorod Oblast,Volga Federal Okrug,14.1,1.7,0.3,65.8,7.7,32.32,55.41,2006
Nizhny Novgorod Oblast,Volga Federal Okrug,12.0,1.8,0.5,70.0,7.1,36.58,50.17,2007
Nizhny Novgorod Oblast,Volga Federal Okrug,12.2,1.8,0.6,62.8,6.3,34.01,52.86,2008
Nizhny Novgorod Oblast,Volga Federal Okrug,11.8,1.8,0.6,58.9,6.7,33.0,52.89,2009
Nizhny Novgorod Oblast,Volga Federal Okrug,11.5,1.8,0.7,51.8,7.9,30.0,53.28,2010
Nizhny Novgorod Oblast,Volga Federal Okrug,10.98,1.68,0.65,51.77,7.66,30.96,52.53,2011
Nizhny Novgorod Oblast,Volga Federal Okrug,10.5,1.8,0.7,53.5,7.3,32.44,50.93,2012
Nizhny Novgorod Oblast,Volga Federal Okrug,8.5,1.6,0.7,55.5,6.0,37.67,46.15,2013
Nizhny Novgorod Oblast,Volga Federal Okrug,7.0,1.0,0.7,56.3,7.8,40.5,40.28,2014
Nizhny Novgorod Oblast,Volga Federal Okrug,6.4,0.9,0.7,56.5,7.0,42.72,38.71,2015
Novgorod Oblast,North-Western Federal Okrug,16.5,1.6,0.2,32.7,4.1,18.17,73.34,1998
Novgorod Oblast,North-Western Federal Okrug,17.6,0.9,0.3,48.8,4.9,23.7,68.38,1999
Novgorod Oblast,North-Western Federal Okrug,12.8,0.4,0.2,39.8,4.6,25.55,65.73,2000
Novgorod Oblast,North-Western Federal Okrug,12.6,0.4,0.2,34.7,4.6,23.27,67.61,2001
Novgorod Oblast,North-Western Federal Okrug,13.1,0.5,0.2,37.1,5.0,23.68,66.88,2002
Novgorod Oblast,North-Western Federal Okrug,13.2,0.4,0.2,34.2,5.5,21.99,67.88,2003
Novgorod Oblast,North-Western Federal Okrug,13.7,0.5,0.2,35.4,5.9,21.86,67.67,2004
Novgorod Oblast,North-Western Federal Okrug,13.5,0.4,0.2,36.4,6.1,22.52,66.83,2005
Novgorod Oblast,North-Western Federal Okrug,15.0,0.4,0.2,41.6,6.4,23.17,66.84,2006
Novgorod Oblast,North-Western Federal Okrug,13.8,1.4,0.6,44.0,12.1,22.96,57.62,2007
Novgorod Oblast,North-Western Federal Okrug,14.4,1.8,0.8,54.6,14.5,25.36,53.5,2008
Novgorod Oblast,North-Western Federal Okrug,14.0,1.8,0.8,49.1,14.8,23.68,54.02,2009
Novgorod Oblast,North-Western Federal Okrug,14.7,1.9,0.9,49.6,14.8,23.13,54.83,2010
Novgorod Oblast,North-Western Federal Okrug,14.89,2.51,1.06,49.97,13.71,23.08,55.02,2011
Novgorod Oblast,North-Western Federal Okrug,14.7,2.6,1.1,50.0,13.1,23.36,54.93,2012
Novgorod Oblast,North-Western Federal Okrug,12.6,2.4,1.1,48.7,11.3,25.47,52.73,2013
Novgorod Oblast,North-Western Federal Okrug,10.5,2.0,1.0,53.7,12.0,29.95,46.85,2014
Novgorod Oblast,North-Western Federal Okrug,10.1,2.1,1.1,52.6,12.3,29.76,45.71,2015
Novosibirsk Oblast,Siberia Federal Okrug,16.4,0.9,0.1,22.0,2.0,13.67,81.51,1998
Novosibirsk Oblast,Siberia Federal Okrug,20.5,1.4,0.2,28.1,2.5,13.84,80.76,1999
Novosibirsk Oblast,Siberia Federal Okrug,20.7,1.6,0.2,37.3,2.6,17.38,77.17,2000
Novosibirsk Oblast,Siberia Federal Okrug,20.6,1.3,0.3,48.4,2.7,21.49,73.18,2001
Novosibirsk Oblast,Siberia Federal Okrug,19.9,1.0,0.3,47.7,3.0,21.79,72.73,2002
Novosibirsk Oblast,Siberia Federal Okrug,20.4,1.0,0.3,61.5,3.5,25.85,68.6,2003
Novosibirsk Oblast,Siberia Federal Okrug,11.5,0.3,0.2,77.5,2.9,43.35,51.46,2004
Novosibirsk Oblast,Siberia Federal Okrug,7.8,0.3,0.2,81.8,2.6,53.55,40.85,2005
Novosibirsk Oblast,Siberia Federal Okrug,7.3,0.3,0.2,84.9,2.7,55.82,38.4,2006
Novosibirsk Oblast,Siberia Federal Okrug,16.8,1.6,0.5,91.8,5.3,37.2,54.47,2007
Novosibirsk Oblast,Siberia Federal Okrug,13.6,1.8,0.6,90.4,5.4,40.85,49.17,2008
Novosibirsk Oblast,Siberia Federal Okrug,11.2,1.7,0.6,78.8,5.2,41.53,47.22,2009
Novosibirsk Oblast,Siberia Federal Okrug,10.7,1.8,0.7,70.9,5.4,39.53,47.72,2010
Novosibirsk Oblast,Siberia Federal Okrug,10.37,1.76,0.69,84.83,4.9,44.81,43.83,2011
Novosibirsk Oblast,Siberia Federal Okrug,9.7,1.9,0.8,89.7,5.4,46.91,40.58,2012
Novosibirsk Oblast,Siberia Federal Okrug,7.9,1.8,0.7,74.9,5.3,46.6,39.32,2013
Novosibirsk Oblast,Siberia Federal Okrug,6.5,1.9,0.6,67.5,6.0,47.12,36.3,2014
Novosibirsk Oblast,Siberia Federal Okrug,5.0,2.2,0.5,49.5,6.4,43.37,35.04,2015
Omsk Oblast,Siberia Federal Okrug,12.8,1.0,0.6,42.1,6.2,25.27,61.47,1998
Omsk Oblast,Siberia Federal Okrug,16.6,1.1,0.5,36.0,7.5,18.61,68.65,1999
Omsk Oblast,Siberia Federal Okrug,10.3,0.6,0.3,41.5,4.6,29.9,59.37,2000
Omsk Oblast,Siberia Federal Okrug,12.3,0.6,0.3,55.5,4.6,32.88,58.3,2001
Omsk Oblast,Siberia Federal Okrug,13.9,0.6,0.3,84.2,4.9,39.91,52.7,2002
Omsk Oblast,Siberia Federal Okrug,14.6,0.5,0.3,97.3,3.9,42.85,51.44,2003
Omsk Oblast,Siberia Federal Okrug,8.9,0.7,0.3,26.6,4.0,23.86,63.87,2004
Omsk Oblast,Siberia Federal Okrug,9.2,0.7,0.3,28.2,4.0,24.42,63.73,2005
Omsk Oblast,Siberia Federal Okrug,7.1,0.6,0.3,30.4,3.7,30.42,56.85,2006
Omsk Oblast,Siberia Federal Okrug,8.2,0.5,0.2,104.2,3.0,57.95,36.48,2007
Omsk Oblast,Siberia Federal Okrug,8.7,1.0,0.3,126.3,4.8,59.51,32.8,2008
Omsk Oblast,Siberia Federal Okrug,7.8,1.0,0.3,116.7,5.0,59.57,31.85,2009
Omsk Oblast,Siberia Federal Okrug,6.9,1.2,0.4,118.8,5.6,61.39,28.52,2010
Omsk Oblast,Siberia Federal Okrug,6.78,1.28,0.44,126.93,5.02,63.53,27.15,2011
Omsk Oblast,Siberia Federal Okrug,7.0,1.4,0.5,125.2,5.1,62.35,27.89,2012
Omsk Oblast,Siberia Federal Okrug,5.0,1.5,0.5,103.0,4.9,63.44,24.64,2013
Omsk Oblast,Siberia Federal Okrug,4.3,1.5,0.5,79.7,4.9,59.72,25.78,2014
Omsk Oblast,Siberia Federal Okrug,4.0,1.3,0.5,77.4,4.6,60.68,25.09,2015
Orenburg Oblast,Volga Federal Okrug,9.1,1.2,0.2,19.0,1.7,18.93,72.54,1998
Orenburg Oblast,Volga Federal Okrug,11.2,0.9,0.1,24.3,1.6,20.13,74.23,1999
Orenburg Oblast,Volga Federal Okrug,9.5,0.7,0.1,31.5,1.6,27.68,66.77,2000
Orenburg Oblast,Volga Federal Okrug,10.8,0.7,0.2,34.6,2.3,26.66,66.56,2001
Orenburg Oblast,Volga Federal Okrug,10.9,0.7,0.2,34.2,2.3,26.27,66.97,2002
Orenburg Oblast,Volga Federal Okrug,8.5,0.6,0.2,28.7,2.5,27.14,64.31,2003
Orenburg Oblast,Volga Federal Okrug,8.6,0.6,0.2,35.6,3.0,31.05,60.01,2004
Orenburg Oblast,Volga Federal Okrug,9.2,0.7,0.3,39.0,3.2,31.36,59.18,2005
Orenburg Oblast,Volga Federal Okrug,10.3,0.8,0.3,46.4,3.3,32.9,58.42,2006
Orenburg Oblast,Volga Federal Okrug,9.2,0.8,0.4,52.0,3.7,37.25,52.72,2007
Orenburg Oblast,Volga Federal Okrug,9.3,0.9,0.4,70.1,4.5,43.63,46.31,2008
Orenburg Oblast,Volga Federal Okrug,7.5,0.9,0.2,75.6,4.2,50.59,40.15,2009
Orenburg Oblast,Volga Federal Okrug,6.8,0.9,0.3,68.6,4.3,49.75,39.45,2010
Orenburg Oblast,Volga Federal Okrug,6.38,1.1,0.3,66.58,4.5,49.89,38.24,2011
Orenburg Oblast,Volga Federal Okrug,6.5,1.2,0.4,65.2,4.5,48.63,38.78,2012
Orenburg Oblast,Volga Federal Okrug,5.7,1.1,0.3,63.0,4.0,51.12,37.0,2013
Orenburg Oblast,Volga Federal Okrug,3.7,1.2,0.3,60.5,4.0,57.63,28.2,2014
Orenburg Oblast,Volga Federal Okrug,3.3,1.2,0.3,53.0,3.9,56.36,28.07,2015
Oryol Oblast,Central Federal Okrug,11.8,0.8,0.4,14.7,3.1,12.08,77.59,1998
Oryol Oblast,Central Federal Okrug,15.0,1.0,0.3,29.4,3.8,18.0,73.48,1999
Oryol Oblast,Central Federal Okrug,14.8,1.2,0.4,31.1,3.2,19.05,72.52,2000
Oryol Oblast,Central Federal Okrug,12.0,1.6,0.3,29.9,3.4,21.31,68.42,2001
Oryol Oblast,Central Federal Okrug,11.1,1.2,0.3,29.4,3.7,22.21,67.09,2002
Oryol Oblast,Central Federal Okrug,10.6,1.4,0.3,32.8,3.8,24.76,64.01,2003
Oryol Oblast,Central Federal Okrug,8.4,1.1,0.3,36.9,3.5,31.39,57.17,2004
Oryol Oblast,Central Federal Okrug,8.0,1.3,0.3,39.7,4.1,33.34,53.75,2005
Oryol Oblast,Central Federal Okrug,7.7,1.3,0.3,44.7,3.9,36.89,50.83,2006
Oryol Oblast,Central Federal Okrug,7.8,1.4,0.3,45.9,4.6,36.69,49.88,2007
Oryol Oblast,Central Federal Okrug,8.8,1.7,0.4,61.1,5.1,40.46,46.62,2008
Oryol Oblast,Central Federal Okrug,9.1,1.7,0.5,58.8,5.7,38.34,47.47,2009
Oryol Oblast,Central Federal Okrug,8.5,1.6,0.4,61.4,6.6,40.32,44.65,2010
Oryol Oblast,Central Federal Okrug,8.11,1.66,0.47,62.18,6.8,41.15,42.93,2011
Oryol Oblast,Central Federal Okrug,8.0,1.7,0.5,66.8,6.4,43.31,41.49,2012
Oryol Oblast,Central Federal Okrug,6.7,1.7,0.5,73.2,5.9,49.11,35.96,2013
Oryol Oblast,Central Federal Okrug,4.9,1.7,0.5,54.4,6.9,46.01,33.15,2014
Oryol Oblast,Central Federal Okrug,4.7,1.7,0.6,59.3,6.0,49.34,31.29,2015
Penza Oblast,Volga Federal Okrug,5.8,0.2,0.1,18.5,1.9,26.15,65.59,1998
Penza Oblast,Volga Federal Okrug,6.0,0.4,0.1,19.7,2.0,26.53,64.64,1999
Penza Oblast,Volga Federal Okrug,6.4,0.3,0.1,27.0,1.8,32.13,60.92,2000
Penza Oblast,Volga Federal Okrug,6.8,0.4,0.1,30.1,5.1,30.56,55.23,2001
Penza Oblast,Volga Federal Okrug,6.9,0.4,0.1,32.3,5.7,31.38,53.62,2002
Penza Oblast,Volga Federal Okrug,7.8,0.6,0.1,34.2,7.7,29.15,53.19,2003
Penza Oblast,Volga Federal Okrug,6.9,0.6,0.2,38.2,9.1,32.3,46.67,2004
Penza Oblast,Volga Federal Okrug,7.7,1.0,0.2,54.3,10.2,37.61,42.67,2005
Penza Oblast,Volga Federal Okrug,6.7,0.8,0.1,56.3,8.7,42.17,40.15,2006
Penza Oblast,Volga Federal Okrug,7.6,0.9,0.2,55.2,10.0,38.4,42.29,2007
Penza Oblast,Volga Federal Okrug,7.5,1.0,0.3,61.7,8.3,42.14,40.98,2008
Penza Oblast,Volga Federal Okrug,7.4,1.1,0.3,58.6,8.8,40.71,41.12,2009
Penza Oblast,Volga Federal Okrug,7.6,1.2,0.3,62.6,7.8,42.47,41.25,2010
Penza Oblast,Volga Federal Okrug,7.89,1.22,0.39,87.37,7.37,50.15,36.23,2011
Penza Oblast,Volga Federal Okrug,7.3,1.0,0.4,97.9,6.0,55.53,33.13,2012
Penza Oblast,Volga Federal Okrug,6.0,1.0,0.4,128.5,6.3,65.16,24.34,2013
Penza Oblast,Volga Federal Okrug,4.9,0.9,0.4,100.7,7.2,61.95,24.12,2014
Penza Oblast,Volga Federal Okrug,5.6,0.8,0.4,81.4,7.9,54.17,29.81,2015
Perm Krai,Volga Federal Okrug,16.7,0.9,0.2,19.0,3.2,11.58,81.44,1998
Perm Krai,Volga Federal Okrug,15.8,1.3,0.3,15.4,3.2,9.94,81.55,1999
Perm Krai,Volga Federal Okrug,20.0,1.3,0.3,30.7,4.1,14.9,77.65,2000
Perm Krai,Volga Federal Okrug,15.9,0.8,0.3,56.9,4.1,28.7,64.16,2001
Perm Krai,Volga Federal Okrug,17.4,0.8,0.4,58.2,5.6,26.95,64.46,2002
Perm Krai,Volga Federal Okrug,16.5,0.9,0.4,55.7,6.8,26.6,63.04,2003
Perm Krai,Volga Federal Okrug,16.0,1.5,0.7,68.1,8.3,30.24,56.83,2004
Perm Krai,Volga Federal Okrug,12.1,0.9,0.4,70.1,8.2,36.52,50.43,2005
Perm Krai,Volga Federal Okrug,12.1,1.1,0.5,89.2,8.1,42.06,45.64,2006
Perm Krai,Volga Federal Okrug,13.3,1.2,0.6,91.4,8.8,40.34,46.95,2007
Perm Krai,Volga Federal Okrug,11.7,1.3,0.7,98.3,7.6,44.91,42.77,2008
Perm Krai,Volga Federal Okrug,10.9,1.2,0.6,84.6,7.2,43.0,44.32,2009
Perm Krai,Volga Federal Okrug,10.7,1.2,0.6,78.1,6.6,41.72,45.72,2010
Perm Krai,Volga Federal Okrug,10.1,1.24,0.64,79.01,6.07,43.3,44.28,2011
Perm Krai,Volga Federal Okrug,9.7,1.4,0.8,82.7,5.6,45.07,42.29,2012
Perm Krai,Volga Federal Okrug,8.7,1.3,0.8,74.2,5.2,44.75,41.98,2013
Perm Krai,Volga Federal Okrug,8.5,1.3,0.9,52.9,6.5,36.03,46.32,2014
Perm Krai,Volga Federal Okrug,7.9,1.2,1.0,52.1,5.6,37.32,45.27,2015
Pskov Oblast,North-Western Federal Okrug,8.7,0.3,0.04,7.2,1.8,8.76,84.71,1998
Pskov Oblast,North-Western Federal Okrug,7.9,0.3,0.04,18.0,6.1,18.58,65.24,1999
Pskov Oblast,North-Western Federal Okrug,12.9,0.5,0.1,22.0,7.1,15.25,71.55,2000
Pskov Oblast,North-Western Federal Okrug,13.3,0.5,0.1,33.5,9.6,20.31,64.51,2001
Pskov Oblast,North-Western Federal Okrug,10.8,0.6,0.1,46.3,10.3,29.0,54.12,2002
Pskov Oblast,North-Western Federal Okrug,10.9,0.6,0.1,52.9,13.5,30.27,49.9,2003
Pskov Oblast,North-Western Federal Okrug,10.2,0.7,0.2,67.9,17.5,34.86,41.89,2004
Pskov Oblast,North-Western Federal Okrug,9.8,0.9,0.2,63.0,12.8,35.82,44.58,2005
Pskov Oblast,North-Western Federal Okrug,10.0,0.9,0.2,71.6,11.8,38.98,43.55,2006
Pskov Oblast,North-Western Federal Okrug,11.3,1.3,0.4,64.7,10.2,34.8,48.63,2007
Pskov Oblast,North-Western Federal Okrug,13.1,1.8,0.7,68.8,9.5,33.35,50.79,2008
Pskov Oblast,North-Western Federal Okrug,13.5,1.7,0.7,62.3,10.3,30.43,52.76,2009
Pskov Oblast,North-Western Federal Okrug,15.1,2.0,0.9,58.1,13.6,25.99,54.04,2010
Pskov Oblast,North-Western Federal Okrug,13.5,2.29,0.88,48.17,12.75,24.17,54.19,2011
Pskov Oblast,North-Western Federal Okrug,12.1,1.8,0.9,43.1,9.5,24.74,55.56,2012
Pskov Oblast,North-Western Federal Okrug,8.0,1.0,0.6,40.5,7.3,31.34,49.53,2013
Pskov Oblast,North-Western Federal Okrug,8.4,1.9,0.7,47.5,12.1,30.86,43.66,2014
Pskov Oblast,North-Western Federal Okrug,7.5,1.9,0.7,40.0,12.4,28.59,42.88,2015
Rostov Oblast,Southern Federal Okrug,9.7,1.3,0.1,20.1,5.3,17.58,67.87,1998
Rostov Oblast,Southern Federal Okrug,9.7,1.5,0.1,27.8,6.2,22.3,62.24,1999
Rostov Oblast,Southern Federal Okrug,7.9,2.2,0.2,30.0,5.5,26.48,55.79,2000
Rostov Oblast,Southern Federal Okrug,7.1,1.8,0.2,39.9,4.1,35.48,50.51,2001
Rostov Oblast,Southern Federal Okrug,7.0,1.5,0.3,44.7,4.0,38.44,48.15,2002
Rostov Oblast,Southern Federal Okrug,6.9,1.5,0.3,51.1,4.4,41.59,44.93,2003
Rostov Oblast,Southern Federal Okrug,6.9,1.1,0.3,58.8,3.8,45.88,43.07,2004
Rostov Oblast,Southern Federal Okrug,6.7,1.3,0.4,58.7,3.8,45.95,41.96,2005
Rostov Oblast,Southern Federal Okrug,5.6,1.3,0.4,57.3,3.3,49.25,38.51,2006
Rostov Oblast,Southern Federal Okrug,5.3,1.4,0.4,60.8,4.2,50.73,35.38,2007
Rostov Oblast,Southern Federal Okrug,5.5,1.6,0.5,55.0,5.0,46.28,37.02,2008
Rostov Oblast,Southern Federal Okrug,5.5,1.5,0.5,51.0,5.0,44.5,38.39,2009
Rostov Oblast,Southern Federal Okrug,5.3,1.7,0.6,47.5,5.2,42.69,38.11,2010
Rostov Oblast,Southern Federal Okrug,5.27,1.6,0.6,48.69,4.61,44.04,38.14,2011
Rostov Oblast,Southern Federal Okrug,5.3,1.6,0.7,50.8,4.0,45.26,37.78,2012
Rostov Oblast,Southern Federal Okrug,4.6,1.5,0.6,52.6,4.5,48.43,33.89,2013
Rostov Oblast,Southern Federal Okrug,3.9,1.3,0.5,55.0,4.5,52.82,29.97,2014
Rostov Oblast,Southern Federal Okrug,3.3,1.2,0.6,42.7,4.7,48.49,29.98,2015
Ryazan Oblast,Central Federal Okrug,14.8,1.5,0.1,28.4,1.6,18.32,76.37,1998
Ryazan Oblast,Central Federal Okrug,14.8,1.5,0.1,31.9,1.3,20.21,75.02,1999
Ryazan Oblast,Central Federal Okrug,13.3,1.2,0.1,32.2,2.1,21.86,72.22,2000
Ryazan Oblast,Central Federal Okrug,13.5,1.4,0.1,40.3,2.4,25.47,68.26,2001
Ryazan Oblast,Central Federal Okrug,12.4,1.3,0.1,43.2,2.8,28.23,64.82,2002
Ryazan Oblast,Central Federal Okrug,12.5,1.2,0.2,46.5,2.9,29.44,63.32,2003
Ryazan Oblast,Central Federal Okrug,10.0,1.2,0.2,54.9,3.2,37.33,54.4,2004
Ryazan Oblast,Central Federal Okrug,9.3,1.2,0.2,57.6,4.2,39.3,50.76,2005
Ryazan Oblast,Central Federal Okrug,9.3,1.3,0.2,58.1,4.0,39.57,50.67,2006
Ryazan Oblast,Central Federal Okrug,9.5,1.2,0.3,60.6,5.7,38.96,48.86,2007
Ryazan Oblast,Central Federal Okrug,9.4,1.2,0.4,58.0,6.4,37.51,48.63,2008
Ryazan Oblast,Central Federal Okrug,8.4,1.2,0.4,55.6,6.4,38.55,46.59,2009
Ryazan Oblast,Central Federal Okrug,8.7,1.4,0.5,58.6,6.7,38.64,45.9,2010
Ryazan Oblast,Central Federal Okrug,8.32,1.41,0.5,65.73,7.96,41.4,41.92,2011
Ryazan Oblast,Central Federal Okrug,9.2,1.6,0.6,71.4,6.5,42.19,43.49,2012
Ryazan Oblast,Central Federal Okrug,7.5,1.6,0.6,66.0,5.6,44.57,40.52,2013
Ryazan Oblast,Central Federal Okrug,5.6,1.4,0.6,52.1,6.7,43.01,36.98,2014
Ryazan Oblast,Central Federal Okrug,5.5,1.3,0.6,51.6,6.5,43.32,36.94,2015
Samara Oblast,Volga Federal Okrug,11.2,1.8,0.2,23.1,2.8,18.43,71.49,1998
Samara Oblast,Volga Federal Okrug,7.5,1.3,0.2,24.6,1.8,26.27,64.08,1999
Samara Oblast,Volga Federal Okrug,7.6,1.5,0.2,29.4,2.1,29.27,60.53,2000
Samara Oblast,Volga Federal Okrug,8.1,1.0,0.2,33.4,1.8,31.36,60.83,2001
Samara Oblast,Volga Federal Okrug,8.0,1.2,0.2,38.6,1.8,34.65,57.45,2002
Samara Oblast,Volga Federal Okrug,7.9,1.1,0.3,43.5,2.1,37.25,54.12,2003
Samara Oblast,Volga Federal Okrug,8.4,1.1,0.2,50.1,2.0,39.65,53.19,2004
Samara Oblast,Volga Federal Okrug,10.2,0.9,0.3,51.1,3.5,35.08,56.02,2005
Samara Oblast,Volga Federal Okrug,9.3,1.3,0.3,60.8,3.8,40.58,49.65,2006
Samara Oblast,Volga Federal Okrug,9.5,1.4,0.5,63.4,5.8,39.46,47.3,2007
Samara Oblast,Volga Federal Okrug,10.7,1.7,0.6,63.9,6.4,36.78,49.27,2008
Samara Oblast,Volga Federal Okrug,10.2,1.5,0.5,58.0,7.0,35.37,49.76,2009
Samara Oblast,Volga Federal Okrug,9.4,1.9,0.6,61.4,6.2,38.17,46.75,2010
Samara Oblast,Volga Federal Okrug,9.5,2.38,0.7,61.93,5.97,37.86,46.46,2011
Samara Oblast,Volga Federal Okrug,8.2,1.9,0.7,56.0,6.4,38.06,44.59,2012
Samara Oblast,Volga Federal Okrug,6.9,1.9,0.7,55.4,5.7,41.21,41.06,2013
Samara Oblast,Volga Federal Okrug,4.9,1.7,0.6,59.9,5.6,49.33,32.28,2014
Samara Oblast,Volga Federal Okrug,4.4,1.6,0.6,63.1,5.4,52.63,29.36,2015
Saratov Oblast,Volga Federal Okrug,11.7,1.5,0.3,24.6,2.1,19.03,72.42,1998
Saratov Oblast,Volga Federal Okrug,7.3,1.0,0.1,19.3,1.7,22.71,68.72,1999
Saratov Oblast,Volga Federal Okrug,7.4,1.3,0.2,22.1,2.0,24.33,65.18,2000
Saratov Oblast,Volga Federal Okrug,7.6,1.2,0.2,21.7,3.0,23.04,64.56,2001
Saratov Oblast,Volga Federal Okrug,9.2,0.9,0.2,28.1,3.2,24.84,65.05,2002
Saratov Oblast,Volga Federal Okrug,8.3,0.8,0.2,41.3,3.0,34.88,56.07,2003
Saratov Oblast,Volga Federal Okrug,8.8,0.9,0.1,50.3,3.2,38.3,53.6,2004
Saratov Oblast,Volga Federal Okrug,9.6,0.9,0.2,44.1,3.7,33.02,57.51,2005
Saratov Oblast,Volga Federal Okrug,8.8,0.8,0.2,57.8,4.0,40.9,49.82,2006
Saratov Oblast,Volga Federal Okrug,9.0,0.9,0.3,53.2,4.5,37.85,51.22,2007
Saratov Oblast,Volga Federal Okrug,8.6,1.5,0.6,32.7,6.1,26.26,55.24,2008
Saratov Oblast,Volga Federal Okrug,8.5,1.4,0.7,42.7,5.8,31.97,50.91,2009
Saratov Oblast,Volga Federal Okrug,8.6,1.6,0.6,47.6,5.7,34.31,49.6,2010
Saratov Oblast,Volga Federal Okrug,8.75,1.69,0.58,50.3,5.46,35.4,49.26,2011
Saratov Oblast,Volga Federal Okrug,8.8,1.4,0.6,54.1,5.5,37.09,48.27,2012
Saratov Oblast,Volga Federal Okrug,5.2,1.2,0.6,40.3,4.8,39.86,41.15,2013
Saratov Oblast,Volga Federal Okrug,3.4,1.5,0.5,37.8,5.1,44.55,32.06,2014
Saratov Oblast,Volga Federal Okrug,3.1,1.0,0.4,36.3,4.8,46.41,31.71,2015
Sakhalin Oblast,Far East Federal Okrug,16.3,0.7,0.1,13.9,2.1,9.16,85.89,1998
Sakhalin Oblast,Far East Federal Okrug,21.0,0.4,0.1,19.4,1.6,10.05,87.05,1999
Sakhalin Oblast,Far East Federal Okrug,18.8,0.5,0.1,21.8,2.6,12.08,83.35,2000
Sakhalin Oblast,Far East Federal Okrug,20.3,0.9,0.2,29.7,4.3,14.4,78.77,2001
Sakhalin Oblast,Far East Federal Okrug,24.5,1.6,0.5,37.5,5.3,14.76,77.15,2002
Sakhalin Oblast,Far East Federal Okrug,23.2,1.4,0.7,38.0,5.2,15.51,75.74,2003
Sakhalin Oblast,Far East Federal Okrug,20.3,1.5,0.8,36.3,5.1,16.43,73.5,2004
Sakhalin Oblast,Far East Federal Okrug,19.1,2.2,1.0,39.5,6.9,17.78,68.79,2005
Sakhalin Oblast,Far East Federal Okrug,17.1,1.9,1.1,54.5,6.2,24.82,62.31,2006
Sakhalin Oblast,Far East Federal Okrug,17.8,2.1,0.8,52.2,5.7,23.76,64.81,2007
Sakhalin Oblast,Far East Federal Okrug,19.2,3.0,1.5,64.0,8.1,24.98,59.94,2008
Sakhalin Oblast,Far East Federal Okrug,19.2,3.5,1.4,51.4,7.7,21.15,63.19,2009
Sakhalin Oblast,Far East Federal Okrug,18.8,3.8,1.5,59.5,8.8,23.6,59.65,2010
Sakhalin Oblast,Far East Federal Okrug,18.51,3.89,1.52,67.32,8.5,26.16,57.55,2011
Sakhalin Oblast,Far East Federal Okrug,17.1,3.8,1.4,67.2,8.1,27.57,56.12,2012
Sakhalin Oblast,Far East Federal Okrug,15.0,3.8,1.4,70.9,7.2,31.03,52.52,2013
Sakhalin Oblast,Far East Federal Okrug,13.4,3.8,1.3,76.7,8.0,34.45,48.15,2014
Sakhalin Oblast,Far East Federal Okrug,15.1,3.9,1.3,82.8,8.6,33.93,49.51,2015
Sverdlovsk Oblast,Ural Federal Okrug,12.8,1.4,0.4,31.1,4.4,20.65,67.99,1998
Sverdlovsk Oblast,Ural Federal Okrug,13.2,0.9,0.3,38.3,3.7,24.34,67.12,1999
Sverdlovsk Oblast,Ural Federal Okrug,13.6,1.0,0.4,42.5,4.0,25.53,65.35,2000
Sverdlovsk Oblast,Ural Federal Okrug,13.7,0.9,0.4,44.6,4.4,26.22,64.43,2001
Sverdlovsk Oblast,Ural Federal Okrug,15.4,1.0,0.5,52.1,6.1,26.54,62.75,2002
Sverdlovsk Oblast,Ural Federal Okrug,15.2,1.0,0.5,56.9,7.2,28.14,60.14,2003
Sverdlovsk Oblast,Ural Federal Okrug,15.9,1.0,0.6,75.9,7.7,33.18,55.6,2004
Sverdlovsk Oblast,Ural Federal Okrug,17.3,1.0,0.6,80.5,8.5,32.66,56.15,2005
Sverdlovsk Oblast,Ural Federal Okrug,19.7,0.9,0.6,96.1,8.8,34.1,55.93,2006
Sverdlovsk Oblast,Ural Federal Okrug,17.2,1.3,0.6,96.7,10.3,36.23,51.55,2007
Sverdlovsk Oblast,Ural Federal Okrug,16.0,1.5,0.9,97.7,10.1,37.47,49.09,2008
Sverdlovsk Oblast,Ural Federal Okrug,14.9,1.4,0.8,95.8,8.9,38.92,48.43,2009
Sverdlovsk Oblast,Ural Federal Okrug,14.1,1.7,0.9,91.4,10.7,37.9,46.77,2010
Sverdlovsk Oblast,Ural Federal Okrug,12.81,1.85,0.9,92.02,8.67,40.55,45.16,2011
Sverdlovsk Oblast,Ural Federal Okrug,11.6,1.9,0.9,90.8,7.6,42.51,43.45,2012
Sverdlovsk Oblast,Ural Federal Okrug,11.8,2.0,1.0,91.7,7.1,42.47,43.72,2013
Sverdlovsk Oblast,Ural Federal Okrug,8.4,1.8,0.9,73.7,7.3,43.37,39.54,2014
Sverdlovsk Oblast,Ural Federal Okrug,8.4,1.7,1.0,65.0,6.5,40.66,42.03,2015
Smolensk Oblast,Central Federal Okrug,14.0,0.6,0.2,35.6,3.4,22.42,70.53,1998
Smolensk Oblast,Central Federal Okrug,16.4,0.5,0.1,53.8,3.4,27.57,67.23,1999
Smolensk Oblast,Central Federal Okrug,21.2,0.8,0.2,55.3,4.9,23.02,70.61,2000
Smolensk Oblast,Central Federal Okrug,23.0,1.0,0.2,71.3,6.6,25.91,66.88,2001
Smolensk Oblast,Central Federal Okrug,25.4,1.4,0.2,96.2,8.7,29.58,62.48,2002
Smolensk Oblast,Central Federal Okrug,25.6,1.5,0.3,92.3,8.8,28.47,63.17,2003
Smolensk Oblast,Central Federal Okrug,24.5,1.5,0.3,84.5,7.9,27.66,64.17,2004
Smolensk Oblast,Central Federal Okrug,17.7,1.6,0.3,78.9,7.4,32.27,57.91,2005
Smolensk Oblast,Central Federal Okrug,17.8,1.8,0.3,66.2,7.4,28.4,61.09,2006
Smolensk Oblast,Central Federal Okrug,13.4,1.8,0.4,62.8,8.4,31.77,54.23,2007
Smolensk Oblast,Central Federal Okrug,14.1,2.0,0.6,60.7,9.3,29.55,54.91,2008
Smolensk Oblast,Central Federal Okrug,13.5,1.7,0.6,57.4,10.2,28.88,54.34,2009
Smolensk Oblast,Central Federal Okrug,13.4,2.3,0.7,54.2,10.7,27.35,54.09,2010
Smolensk Oblast,Central Federal Okrug,12.46,2.39,0.73,57.03,9.27,29.93,52.32,2011
Smolensk Oblast,Central Federal Okrug,13.0,2.2,1.0,58.3,8.0,29.93,53.39,2012
Smolensk Oblast,Central Federal Okrug,11.2,2.2,1.0,56.1,7.5,31.7,50.63,2013
Smolensk Oblast,Central Federal Okrug,8.8,2.1,0.9,55.5,8.7,34.9,44.27,2014
Smolensk Oblast,Central Federal Okrug,7.9,1.9,0.9,51.8,8.8,35.03,42.74,2015
Tambov Oblast,Central Federal Okrug,12.3,1.2,0.3,12.6,1.7,10.47,81.75,1998
Tambov Oblast,Central Federal Okrug,8.9,1.1,0.2,20.6,1.5,20.67,71.46,1999
Tambov Oblast,Central Federal Okrug,11.6,1.1,0.2,22.5,2.1,18.06,74.49,2000
Tambov Oblast,Central Federal Okrug,14.0,1.5,0.3,22.8,2.5,15.53,76.29,2001
Tambov Oblast,Central Federal Okrug,13.9,1.4,0.3,27.9,2.5,18.49,73.71,2002
Tambov Oblast,Central Federal Okrug,14.5,1.2,0.3,36.0,2.4,22.08,71.15,2003
Tambov Oblast,Central Federal Okrug,15.4,1.2,0.3,49.4,1.9,27.08,67.53,2004
Tambov Oblast,Central Federal Okrug,9.8,1.5,0.2,56.5,1.7,39.19,54.38,2005
Tambov Oblast,Central Federal Okrug,9.7,1.3,0.2,57.9,2.0,39.93,53.51,2006
Tambov Oblast,Central Federal Okrug,10.4,1.0,0.3,56.7,4.1,36.69,53.84,2007
Tambov Oblast,Central Federal Okrug,9.7,1.0,0.3,59.9,4.8,38.94,50.45,2008
Tambov Oblast,Central Federal Okrug,10.0,1.2,0.3,64.1,5.4,39.49,49.28,2009
Tambov Oblast,Central Federal Okrug,8.1,1.3,0.4,71.2,5.4,45.85,41.73,2010
Tambov Oblast,Central Federal Okrug,8.18,1.31,0.45,69.91,5.77,44.83,41.96,2011
Tambov Oblast,Central Federal Okrug,8.5,1.2,0.5,78.8,6.6,46.48,40.11,2012
Tambov Oblast,Central Federal Okrug,6.6,1.1,0.5,82.4,5.2,53.4,34.21,2013
Tambov Oblast,Central Federal Okrug,3.9,0.8,0.4,61.7,5.2,55.84,28.24,2014
Tambov Oblast,Central Federal Okrug,3.7,0.8,0.3,60.9,4.9,57.14,27.77,2015
Tver Oblast,Central Federal Okrug,8.9,0.5,0.3,14.1,2.6,14.82,74.84,1998
Tver Oblast,Central Federal Okrug,17.7,0.7,0.2,24.2,2.4,13.84,80.99,1999
Tver Oblast,Central Federal Okrug,17.1,0.7,0.3,33.7,4.0,18.3,74.28,2000
Tver Oblast,Central Federal Okrug,18.4,1.4,0.1,35.4,5.0,17.81,74.06,2001
Tver Oblast,Central Federal Okrug,21.2,1.2,0.2,40.0,6.1,17.49,74.15,2002
Tver Oblast,Central Federal Okrug,19.3,1.7,0.2,41.8,6.8,19.16,70.76,2003
Tver Oblast,Central Federal Okrug,20.4,2.0,0.3,51.7,8.4,21.34,67.37,2004
Tver Oblast,Central Federal Okrug,19.8,2.2,0.3,52.5,7.4,22.21,67.02,2005
Tver Oblast,Central Federal Okrug,18.1,2.4,0.4,64.6,6.4,27.64,61.95,2006
Tver Oblast,Central Federal Okrug,16.5,2.4,0.4,71.5,6.5,31.35,57.88,2007
Tver Oblast,Central Federal Okrug,15.7,2.5,1.0,72.2,10.6,30.43,52.94,2008
Tver Oblast,Central Federal Okrug,15.3,2.0,0.9,67.0,8.9,30.08,54.95,2009
Tver Oblast,Central Federal Okrug,14.8,2.0,0.8,65.5,9.4,30.09,54.4,2010
Tver Oblast,Central Federal Okrug,13.86,1.85,0.81,66.51,8.69,31.8,53.01,2011
Tver Oblast,Central Federal Okrug,13.8,1.7,1.0,64.6,9.8,30.67,52.42,2012
Tver Oblast,Central Federal Okrug,12.5,1.4,1.0,64.5,7.1,33.44,51.84,2013
Tver Oblast,Central Federal Okrug,9.4,1.7,0.8,64.2,8.1,37.92,44.41,2014
Tver Oblast,Central Federal Okrug,9.2,1.8,0.8,68.6,8.3,39.69,42.58,2015
Tomsk Oblast,Siberia Federal Okrug,16.8,1.1,0.4,18.7,4.8,10.97,78.85,1998
Tomsk Oblast,Siberia Federal Okrug,16.2,0.8,0.3,22.1,4.6,13.23,77.58,1999
Tomsk Oblast,Siberia Federal Okrug,14.8,0.8,0.1,32.0,5.3,19.3,71.39,2000
Tomsk Oblast,Siberia Federal Okrug,16.5,0.9,0.2,36.3,5.6,19.57,71.16,2001
Tomsk Oblast,Siberia Federal Okrug,16.5,0.9,0.3,36.5,7.9,19.01,68.74,2002
Tomsk Oblast,Siberia Federal Okrug,17.4,1.5,0.4,43.3,7.8,20.82,66.92,2003
Tomsk Oblast,Siberia Federal Okrug,13.4,0.7,0.1,47.9,7.2,27.39,61.31,2004
Tomsk Oblast,Siberia Federal Okrug,13.7,0.7,0.1,51.4,8.0,28.14,60.0,2005
Tomsk Oblast,Siberia Federal Okrug,13.4,0.6,0.1,61.2,6.3,32.95,57.71,2006
Tomsk Oblast,Siberia Federal Okrug,13.9,1.4,0.6,59.1,8.2,29.83,56.12,2007
Tomsk Oblast,Siberia Federal Okrug,13.6,1.4,0.7,67.8,8.6,32.88,52.76,2008
Tomsk Oblast,Siberia Federal Okrug,12.7,1.1,0.7,58.6,6.8,31.72,54.99,2009
Tomsk Oblast,Siberia Federal Okrug,12.4,1.5,0.7,51.1,7.6,28.75,55.81,2010
Tomsk Oblast,Siberia Federal Okrug,12.54,1.63,0.75,46.4,7.41,26.6,57.52,2011
Tomsk Oblast,Siberia Federal Okrug,12.0,1.5,0.8,42.4,7.9,25.33,57.36,2012
Tomsk Oblast,Siberia Federal Okrug,11.2,1.5,0.8,44.6,7.6,27.46,55.16,2013
Tomsk Oblast,Siberia Federal Okrug,6.8,1.5,0.7,45.1,5.5,37.0,44.63,2014
Tomsk Oblast,Siberia Federal Okrug,6.7,1.5,0.7,46.2,5.5,37.81,43.86,2015
Tula Oblast,Central Federal Okrug,11.5,0.4,0.1,23.8,2.3,19.34,74.75,1998
Tula Oblast,Central Federal Okrug,13.0,0.5,0.1,32.9,2.7,22.63,71.54,1999
Tula Oblast,Central Federal Okrug,13.2,0.6,0.1,36.4,2.7,24.15,70.06,2000
Tula Oblast,Central Federal Okrug,14.1,0.6,0.2,40.1,3.3,24.47,68.84,2001
Tula Oblast,Central Federal Okrug,13.2,0.7,0.2,46.3,3.5,28.3,64.56,2002
Tula Oblast,Central Federal Okrug,12.6,0.6,0.2,41.1,3.5,26.8,65.74,2003
Tula Oblast,Central Federal Okrug,12.1,0.6,0.2,40.6,4.6,26.8,63.9,2004
Tula Oblast,Central Federal Okrug,11.0,0.7,0.2,41.8,4.6,29.0,61.06,2005
Tula Oblast,Central Federal Okrug,8.6,1.2,0.3,43.7,5.0,33.67,53.01,2006
Tula Oblast,Central Federal Okrug,8.6,1.6,0.4,43.6,5.4,32.93,51.96,2007
Tula Oblast,Central Federal Okrug,8.5,1.9,0.5,46.3,5.7,33.91,49.8,2008
Tula Oblast,Central Federal Okrug,8.8,1.9,0.5,47.1,6.5,33.25,49.7,2009
Tula Oblast,Central Federal Okrug,9.2,2.3,0.6,47.6,6.2,32.51,50.27,2010
Tula Oblast,Central Federal Okrug,9.55,2.46,0.5,51.53,6.34,33.67,49.92,2011
Tula Oblast,Central Federal Okrug,9.2,2.3,0.6,45.6,6.4,31.47,50.8,2012
Tula Oblast,Central Federal Okrug,7.0,1.5,0.6,46.6,4.8,38.03,45.71,2013
Tula Oblast,Central Federal Okrug,5.6,1.3,0.6,47.8,5.3,42.21,39.56,2014
Tula Oblast,Central Federal Okrug,5.4,1.2,0.5,47.9,5.0,43.55,39.28,2015
Tyumen Oblast,Ural Federal Okrug,11.5,0.8,0.3,23.8,3.0,18.69,72.26,1998
Tyumen Oblast,Ural Federal Okrug,13.5,0.7,0.3,34.4,4.1,22.01,69.09,1999
Tyumen Oblast,Ural Federal Okrug,18.0,0.8,0.3,36.9,4.6,18.8,73.37,2000
Tyumen Oblast,Ural Federal Okrug,20.5,0.9,0.5,49.0,5.2,21.15,70.8,2001
Tyumen Oblast,Ural Federal Okrug,23.3,1.0,0.6,77.0,5.8,27.06,65.51,2002
Tyumen Oblast,Ural Federal Okrug,18.6,1.2,0.5,93.3,5.0,35.75,57.02,2003
Tyumen Oblast,Ural Federal Okrug,18.6,1.0,0.5,94.5,4.9,36.14,56.91,2004
Tyumen Oblast,Ural Federal Okrug,18.9,0.7,0.5,101.1,4.2,37.72,56.41,2005
Tyumen Oblast,Ural Federal Okrug,19.8,0.6,0.4,106.6,3.0,38.51,57.22,2006
Tyumen Oblast,Ural Federal Okrug,15.2,1.8,1.1,95.4,6.6,38.79,49.44,2007
Tyumen Oblast,Ural Federal Okrug,15.0,1.8,1.1,93.4,7.2,38.31,49.22,2008
Tyumen Oblast,Ural Federal Okrug,13.2,1.8,1.3,86.6,7.1,38.67,47.15,2009
Tyumen Oblast,Ural Federal Okrug,12.8,2.0,1.3,87.4,7.7,39.11,45.82,2010
Tyumen Oblast,Ural Federal Okrug,12.09,2.1,1.29,86.65,7.3,40.07,44.73,2011
Tyumen Oblast,Ural Federal Okrug,12.0,2.0,1.3,85.5,7.4,39.87,44.76,2012
Tyumen Oblast,Ural Federal Okrug,11.5,2.1,1.3,83.5,6.7,40.33,44.44,2013
Tyumen Oblast,Ural Federal Okrug,9.9,2.0,1.2,77.9,5.2,42.34,43.05,2014
Tyumen Oblast,Ural Federal Okrug,9.7,2.0,1.2,75.7,5.1,42.07,43.13,2015
Ulyanovsk Oblast,Volga Federal Okrug,9.7,0.3,0.2,34.8,1.0,29.71,66.26,1998
Ulyanovsk Oblast,Volga Federal Okrug,10.6,0.3,0.1,46.3,1.1,34.23,62.69,1999
Ulyanovsk Oblast,Volga Federal Okrug,10.5,0.4,0.1,46.1,0.8,34.46,62.79,2000
Ulyanovsk Oblast,Volga Federal Okrug,9.6,0.3,0.2,47.7,1.1,36.85,59.32,2001
Ulyanovsk Oblast,Volga Federal Okrug,9.1,0.5,0.2,44.8,2.1,35.71,58.04,2002
Ulyanovsk Oblast,Volga Federal Okrug,10.5,0.7,0.3,42.5,4.1,30.27,59.82,2003
Ulyanovsk Oblast,Volga Federal Okrug,10.4,0.8,0.3,45.3,5.5,31.02,56.98,2004
Ulyanovsk Oblast,Volga Federal Okrug,11.2,0.8,0.3,32.6,5.2,23.45,64.46,2005
Ulyanovsk Oblast,Volga Federal Okrug,7.9,0.9,0.4,49.5,4.5,38.41,49.05,2006
Ulyanovsk Oblast,Volga Federal Okrug,8.1,1.1,0.4,52.8,5.3,38.78,47.59,2007
Ulyanovsk Oblast,Volga Federal Okrug,8.0,1.3,0.4,41.1,6.8,32.17,50.1,2008
Ulyanovsk Oblast,Volga Federal Okrug,8.3,1.2,0.4,39.9,6.4,31.24,51.98,2009
Ulyanovsk Oblast,Volga Federal Okrug,8.8,1.6,0.5,40.0,7.0,29.62,52.13,2010
Ulyanovsk Oblast,Volga Federal Okrug,8.49,1.54,0.53,54.9,7.41,36.96,45.73,2011
Ulyanovsk Oblast,Volga Federal Okrug,8.2,1.6,0.5,54.6,6.6,37.95,45.59,2012
Ulyanovsk Oblast,Volga Federal Okrug,7.4,1.7,0.5,55.2,5.3,40.83,43.79,2013
Ulyanovsk Oblast,Volga Federal Okrug,4.9,1.2,0.5,47.6,6.4,43.65,35.95,2014
Ulyanovsk Oblast,Volga Federal Okrug,4.6,1.3,0.5,52.3,5.5,47.8,33.63,2015
Chelyabinsk Oblast,Ural Federal Okrug,11.1,1.4,0.2,27.9,4.7,20.99,66.8,1998
Chelyabinsk Oblast,Ural Federal Okrug,14.0,0.9,0.1,32.5,4.5,20.54,70.77,1999
Chelyabinsk Oblast,Ural Federal Okrug,15.7,1.0,0.2,46.3,4.3,24.86,67.45,2000
Chelyabinsk Oblast,Ural Federal Okrug,16.2,1.2,0.2,45.2,4.4,23.81,68.27,2001
Chelyabinsk Oblast,Ural Federal Okrug,16.8,1.1,0.5,55.7,4.1,26.96,65.06,2002
Chelyabinsk Oblast,Ural Federal Okrug,16.4,1.2,0.7,65.1,4.7,30.13,60.72,2003
Chelyabinsk Oblast,Ural Federal Okrug,17.5,1.3,0.8,81.0,6.1,33.04,57.11,2004
Chelyabinsk Oblast,Ural Federal Okrug,19.5,1.5,0.8,90.9,8.0,32.92,56.5,2005
Chelyabinsk Oblast,Ural Federal Okrug,16.0,1.5,0.9,103.9,8.2,39.6,48.78,2006
Chelyabinsk Oblast,Ural Federal Okrug,14.9,1.7,0.9,118.3,12.0,42.62,42.94,2007
Chelyabinsk Oblast,Ural Federal Okrug,15.3,1.7,0.6,129.4,12.4,44.55,42.14,2008
Chelyabinsk Oblast,Ural Federal Okrug,15.2,1.8,0.6,120.8,12.7,42.84,43.12,2009
Chelyabinsk Oblast,Ural Federal Okrug,11.9,1.7,0.6,108.9,9.8,46.05,40.25,2010
Chelyabinsk Oblast,Ural Federal Okrug,11.53,1.54,0.55,85.8,8.34,41.62,44.74,2011
Chelyabinsk Oblast,Ural Federal Okrug,11.8,2.1,0.6,77.2,7.0,38.94,47.62,2012
Chelyabinsk Oblast,Ural Federal Okrug,6.8,1.9,0.7,79.8,4.7,51.27,34.95,2013
Chelyabinsk Oblast,Ural Federal Okrug,5.8,1.7,0.6,53.9,5.9,43.7,37.62,2014
Chelyabinsk Oblast,Ural Federal Okrug,6.3,1.9,0.8,49.6,5.7,39.79,40.44,2015
Zabaykalsky Krai,Siberia Federal Okrug,5.0,0.2,0.1,8.6,0.9,16.53,76.86,1998
Zabaykalsky Krai,Siberia Federal Okrug,5.8,0.2,0.1,11.5,1.1,18.6,75.06,1999
Zabaykalsky Krai,Siberia Federal Okrug,7.0,0.3,0.1,16.4,1.9,20.9,71.36,2000
Zabaykalsky Krai,Siberia Federal Okrug,8.6,0.4,0.1,23.8,3.5,23.16,66.95,2001
Zabaykalsky Krai,Siberia Federal Okrug,10.9,0.5,0.1,31.3,4.7,23.75,66.17,2002
Zabaykalsky Krai,Siberia Federal Okrug,12.4,0.6,0.1,38.1,5.9,24.79,64.54,2003
Zabaykalsky Krai,Siberia Federal Okrug,40.6,3.0,1.8,190.4,15.7,33.14,56.54,2004
Zabaykalsky Krai,Siberia Federal Okrug,31.0,3.0,1.2,202.1,16.3,39.94,49.01,2005
Zabaykalsky Krai,Siberia Federal Okrug,31.7,3.1,1.3,207.3,13.7,40.52,49.57,2006
Zabaykalsky Krai,Siberia Federal Okrug,13.5,0.8,0.2,61.9,6.7,32.66,56.99,2007
Zabaykalsky Krai,Siberia Federal Okrug,13.7,0.9,0.3,64.1,6.9,32.9,56.26,2008
Zabaykalsky Krai,Siberia Federal Okrug,13.8,1.0,0.4,66.8,6.5,33.67,55.65,2009
Zabaykalsky Krai,Siberia Federal Okrug,13.4,1.0,0.4,65.3,6.4,33.75,55.41,2010
Zabaykalsky Krai,Siberia Federal Okrug,13.81,1.07,0.45,66.83,6.52,33.56,55.48,2011
Zabaykalsky Krai,Siberia Federal Okrug,13.6,1.1,0.4,68.0,6.6,34.26,54.82,2012
Zabaykalsky Krai,Siberia Federal Okrug,12.7,1.1,0.4,64.5,6.4,34.44,54.24,2013
Zabaykalsky Krai,Siberia Federal Okrug,9.2,1.1,0.3,38.8,6.6,29.11,55.22,2014
Zabaykalsky Krai,Siberia Federal Okrug,8.6,1.0,0.3,36.2,6.3,28.98,55.08,2015
Yaroslavl Oblast,Central Federal Okrug,21.1,0.7,0.3,32.4,3.5,15.16,79.0,1998
Yaroslavl Oblast,Central Federal Okrug,21.1,0.8,0.2,39.6,3.6,17.95,76.53,1999
Yaroslavl Oblast,Central Federal Okrug,18.3,1.5,0.3,57.1,3.5,26.2,67.19,2000
Yaroslavl Oblast,Central Federal Okrug,18.6,1.6,0.4,71.1,4.3,29.97,62.72,2001
Yaroslavl Oblast,Central Federal Okrug,20.3,1.0,0.3,90.1,4.5,33.61,60.57,2002
Yaroslavl Oblast,Central Federal Okrug,18.6,0.5,0.1,62.3,3.8,28.04,66.96,2003
Yaroslavl Oblast,Central Federal Okrug,18.9,0.4,0.1,63.6,3.9,28.15,66.93,2004
Yaroslavl Oblast,Central Federal Okrug,14.5,0.5,0.2,62.7,5.5,32.2,59.58,2005
Yaroslavl Oblast,Central Federal Okrug,14.7,0.6,0.3,66.8,5.7,33.08,58.24,2006
Yaroslavl Oblast,Central Federal Okrug,15.1,1.4,0.6,70.8,9.7,31.74,54.16,2007
Yaroslavl Oblast,Central Federal Okrug,13.9,1.3,0.7,71.1,10.4,32.92,51.49,2008
Yaroslavl Oblast,Central Federal Okrug,13.6,1.6,0.7,71.5,10.0,33.45,50.9,2009
Yaroslavl Oblast,Central Federal Okrug,12.2,2.1,0.8,76.3,11.3,35.91,45.94,2010
Yaroslavl Oblast,Central Federal Okrug,11.84,1.68,0.85,77.3,10.27,37.25,45.65,2011
Yaroslavl Oblast,Central Federal Okrug,12.7,1.9,1.1,73.4,9.7,34.68,48.01,2012
Yaroslavl Oblast,Central Federal Okrug,11.1,1.7,1.0,79.3,7.6,39.97,44.75,2013
Yaroslavl Oblast,Central Federal Okrug,9.8,1.5,1.0,60.9,9.9,34.87,44.89,2014
Yaroslavl Oblast,Central Federal Okrug,9.6,1.7,1.0,60.9,9.2,35.44,44.69,2015
Moscow,Central Federal Okrug,18.9,3.5,0.7,30.0,6.8,14.18,71.48,1998
Moscow,Central Federal Okrug,18.7,3.6,0.7,56.0,6.6,23.76,63.48,1999
Moscow,Central Federal Okrug,18.8,3.9,0.6,61.8,6.3,25.59,62.28,2000
Moscow,Central Federal Okrug,19.7,4.2,0.7,78.9,5.0,29.87,59.66,2001
Moscow,Central Federal Okrug,20.8,4.0,0.9,85.7,4.8,30.56,59.34,2002
Moscow,Central Federal Okrug,23.0,4.1,0.9,89.1,6.2,29.21,60.32,2003
Moscow,Central Federal Okrug,24.0,3.8,1.0,99.1,6.1,30.69,59.47,2004
Moscow,Central Federal Okrug,24.2,3.7,1.0,108.5,6.4,32.45,57.91,2005
Moscow,Central Federal Okrug,23.8,4.2,1.2,111.0,5.9,33.11,56.8,2006
Moscow,Central Federal Okrug,22.9,4.8,1.5,101.4,7.3,31.14,56.26,2007
Moscow,Central Federal Okrug,20.2,5.0,1.6,95.8,8.4,31.68,53.45,2008
Moscow,Central Federal Okrug,19.3,4.8,1.8,79.7,9.4,28.2,54.64,2009
Moscow,Central Federal Okrug,16.6,4.9,1.8,87.8,10.1,32.4,49.0,2010
Moscow,Central Federal Okrug,16.92,5.14,1.8,91.28,9.85,32.95,48.86,2011
Moscow,Central Federal Okrug,16.5,5.0,1.7,89.9,9.7,33.2,48.75,2012
Moscow,Central Federal Okrug,16.0,5.1,1.7,92.5,8.8,34.58,47.86,2013
Moscow,Central Federal Okrug,15.7,5.1,1.7,82.9,8.5,32.54,49.31,2014
Moscow,Central Federal Okrug,13.3,4.5,1.5,79.5,7.5,35.07,46.93,2015
Saint Petersburg,North-Western Federal Okrug,12.3,1.2,0.5,27.9,2.7,19.98,70.46,1998
Saint Petersburg,North-Western Federal Okrug,13.0,1.7,0.6,57.4,2.6,32.52,58.92,1999
Saint Petersburg,North-Western Federal Okrug,14.7,2.0,0.9,68.2,4.4,32.73,56.44,2000
Saint Petersburg,North-Western Federal Okrug,15.5,2.4,0.8,101.0,6.2,40.07,49.2,2001
Saint Petersburg,North-Western Federal Okrug,17.2,2.6,0.9,104.6,6.3,38.63,50.82,2002
Saint Petersburg,North-Western Federal Okrug,14.3,2.8,1.0,105.6,6.6,42.15,45.66,2003
Saint Petersburg,North-Western Federal Okrug,13.9,2.5,0.8,103.9,4.7,43.51,46.57,2004
Saint Petersburg,North-Western Federal Okrug,16.2,2.4,1.1,104.8,10.3,38.29,47.35,2005
Saint Petersburg,North-Western Federal Okrug,16.4,2.4,1.4,125.3,7.6,42.96,44.98,2006
Saint Petersburg,North-Western Federal Okrug,14.0,2.7,1.4,106.4,9.1,41.25,43.42,2007
Saint Petersburg,North-Western Federal Okrug,12.5,3.6,2.1,125.9,10.4,45.57,36.19,2008
Saint Petersburg,North-Western Federal Okrug,9.4,2.4,1.3,143.0,7.7,56.56,29.74,2009
Saint Petersburg,North-Western Federal Okrug,9.5,3.0,1.2,113.2,8.4,50.05,33.6,2010
Saint Petersburg,North-Western Federal Okrug,9.01,2.71,1.13,82.93,6.9,44.32,38.52,2011
Saint Petersburg,North-Western Federal Okrug,8.6,2.8,1.3,77.2,8.0,42.34,37.74,2012
Saint Petersburg,North-Western Federal Okrug,7.2,2.6,1.0,44.2,6.8,33.39,43.52,2013
Saint Petersburg,North-Western Federal Okrug,7.7,2.9,1.3,41.8,8.2,29.76,43.86,2014
Saint Petersburg,North-Western Federal Okrug,6.7,2.1,1.2,34.3,6.9,28.8,45.0,2015
Jewish Autonomous Oblast,Far East Federal Okrug,11.5,0.5,0.2,11.6,2.3,10.36,82.2,1998
Jewish Autonomous Oblast,Far East Federal Okrug,11.4,0.4,0.2,11.5,3.4,10.14,80.41,1999
Jewish Autonomous Oblast,Far East Federal Okrug,12.2,0.5,0.1,13.4,4.8,10.76,78.38,2000
Jewish Autonomous Oblast,Far East Federal Okrug,12.0,0.4,0.1,17.8,5.1,13.93,75.12,2001
Jewish Autonomous Oblast,Far East Federal Okrug,7.6,0.4,0.1,26.8,4.1,27.02,61.29,2002
Jewish Autonomous Oblast,Far East Federal Okrug,6.4,0.5,0.2,39.0,5.1,37.06,48.65,2003
Jewish Autonomous Oblast,Far East Federal Okrug,7.4,0.3,0.2,51.1,4.4,41.48,48.06,2004
Jewish Autonomous Oblast,Far East Federal Okrug,7.1,0.4,0.1,59.1,3.7,46.7,44.89,2005
Jewish Autonomous Oblast,Far East Federal Okrug,7.5,0.4,0.1,56.3,3.7,44.35,47.27,2006
Jewish Autonomous Oblast,Far East Federal Okrug,9.1,0.9,0.4,52.3,4.4,37.09,51.62,2007
Jewish Autonomous Oblast,Far East Federal Okrug,10.0,1.0,0.4,53.2,5.2,35.17,52.88,2008
Jewish Autonomous Oblast,Far East Federal Okrug,10.7,1.1,0.4,58.4,5.5,35.82,52.5,2009
Jewish Autonomous Oblast,Far East Federal Okrug,12.1,1.2,0.4,59.1,5.5,33.74,55.26,2010
Jewish Autonomous Oblast,Far East Federal Okrug,12.17,1.31,0.5,59.83,5.06,33.9,55.17,2011
Jewish Autonomous Oblast,Far East Federal Okrug,12.7,1.5,0.5,61.7,4.7,33.87,55.77,2012
Jewish Autonomous Oblast,Far East Federal Okrug,10.1,1.7,0.5,65.1,4.5,39.51,49.04,2013
Jewish Autonomous Oblast,Far East Federal Okrug,8.8,1.5,0.4,56.1,5.3,38.42,48.21,2014
Jewish Autonomous Oblast,Far East Federal Okrug,9.2,1.5,0.4,57.3,5.4,38.03,48.85,2015
Republic of Buryatia,Siberia Federal Okrug,15.8,0.9,0.1,8.8,1.1,6.25,89.77,1998
Republic of Buryatia,Siberia Federal Okrug,19.6,1.1,0.1,9.5,1.3,5.5,90.71,1999
Republic of Buryatia,Siberia Federal Okrug,16.6,0.6,0.03,17.1,1.6,11.0,85.45,2000
Republic of Buryatia,Siberia Federal Okrug,18.7,0.6,0.1,11.7,1.7,6.98,89.25,2001
Republic of Buryatia,Siberia Federal Okrug,19.9,0.6,0.1,21.0,2.3,11.17,84.7,2002
Republic of Buryatia,Siberia Federal Okrug,13.9,0.4,0.1,32.8,4.2,21.05,71.36,2003
Republic of Buryatia,Siberia Federal Okrug,12.2,0.4,0.1,35.7,6.3,23.77,64.99,2004
Republic of Buryatia,Siberia Federal Okrug,13.5,0.4,0.1,31.4,5.2,20.44,70.29,2005
Republic of Buryatia,Siberia Federal Okrug,13.0,0.5,0.1,45.2,5.1,27.66,63.63,2006
Republic of Buryatia,Siberia Federal Okrug,14.2,0.5,0.1,39.4,6.2,23.19,66.87,2007
Republic of Buryatia,Siberia Federal Okrug,13.6,0.7,0.1,42.9,6.6,25.23,63.99,2008
Republic of Buryatia,Siberia Federal Okrug,14.3,0.7,0.2,47.7,7.3,26.08,62.55,2009
Republic of Buryatia,Siberia Federal Okrug,14.4,0.8,0.3,43.5,7.8,23.94,63.39,2010
Republic of Buryatia,Siberia Federal Okrug,13.58,0.77,0.24,39.05,7.31,23.11,64.28,2011
Republic of Buryatia,Siberia Federal Okrug,13.1,0.6,0.3,38.5,7.6,23.28,63.37,2012
Republic of Buryatia,Siberia Federal Okrug,10.5,0.7,0.3,40.0,4.3,28.9,60.69,2013
Republic of Buryatia,Siberia Federal Okrug,9.0,0.8,0.3,39.3,4.9,30.85,56.52,2014
Republic of Buryatia,Siberia Federal Okrug,7.6,0.9,0.3,35.5,5.0,31.45,53.87,2015
Chukotka Autonomous Okrug,Far East Federal Okrug,4.6,0.6,0.1,1.8,0.3,4.33,88.55,1998
Chukotka Autonomous Okrug,Far East Federal Okrug,6.7,0.6,0.1,2.3,0.4,3.89,90.69,1999
Chukotka Autonomous Okrug,Far East Federal Okrug,6.5,1.7,0.2,5.2,1.0,7.97,79.66,2000
Chukotka Autonomous Okrug,Far East Federal Okrug,9.8,1.9,0.1,11.0,1.4,11.21,79.9,2001
Chukotka Autonomous Okrug,Far East Federal Okrug,13.3,1.6,0.3,6.4,1.9,5.18,86.08,2002
Chukotka Autonomous Okrug,Far East Federal Okrug,12.3,1.6,0.9,12.3,3.8,9.4,75.19,2003
Chukotka Autonomous Okrug,Far East Federal Okrug,12.4,1.9,1.1,10.8,3.4,8.21,75.43,2004
Chukotka Autonomous Okrug,Far East Federal Okrug,11.1,1.6,0.7,9.1,4.0,7.78,75.94,2005
Chukotka Autonomous Okrug,Far East Federal Okrug,17.0,2.1,0.7,11.0,5.5,6.44,79.61,2006
Chukotka Autonomous Okrug,Far East Federal Okrug,17.4,2.4,0.8,12.7,6.3,7.09,77.69,2007
Chukotka Autonomous Okrug,Far East Federal Okrug,23.1,3.2,1.3,16.7,8.4,6.97,77.08,2008
Chukotka Autonomous Okrug,Far East Federal Okrug,15.5,1.9,1.5,9.8,4.9,6.04,76.49,2009
Chukotka Autonomous Okrug,Far East Federal Okrug,15.9,2.8,1.4,17.7,5.5,10.06,72.26,2010
Chukotka Autonomous Okrug,Far East Federal Okrug,14.74,2.9,1.58,16.91,5.23,10.13,70.62,2011
Chukotka Autonomous Okrug,Far East Federal Okrug,13.7,3.0,1.6,24.0,5.1,14.47,66.09,2012
Chukotka Autonomous Okrug,Far East Federal Okrug,13.4,2.3,1.5,27.0,4.0,16.74,66.45,2013
Chukotka Autonomous Okrug,Far East Federal Okrug,11.3,2.6,1.5,32.7,9.6,19.89,54.99,2014
Chukotka Autonomous Okrug,Far East Federal Okrug,8.4,1.5,0.8,31.7,2.8,27.42,58.12,2015
