measure,location,sex,age,cause,metric,year,val,upper,lower
Deaths,Lebanon,Both,All ages,Cirrhosis due to alcohol,Rate,1990,0.7239586969289116,1.1536465009541084,0.38784317335170854
Deaths,France,Both,All ages,Alcoholic cardiomyopathy,Rate,1990,0.6523865253194786,0.7068545009915693,0.6016005889441404
Deaths,Mauritania,Both,All ages,Alcohol use disorders,Rate,1990,0.6584175355052416,0.8934317997766724,0.46851426675960867
Deaths,Bhutan,Both,All ages,Cirrhosis due to alcohol,Rate,1990,3.7866004319792963,7.174981127213076,2.0853617207930153
Deaths,Mauritania,Both,All ages,Cirrhosis due to alcohol,Rate,1990,3.3399051394140233,5.281228083679909,1.9740107552484907
Deaths,Myanmar,Both,All ages,Alcohol use disorders,Rate,1990,9.274241340069079,12.855539563203836,6.052210513672988
Deaths,Guyana,Both,All ages,Cirrhosis due to alcohol,Rate,1990,10.70126662098066,12.985790914713444,8.326406500243753
Deaths,Lebanon,Both,All ages,Alcohol use disorders,Rate,1990,0.11319032542966498,0.16572105740242934,0.06184570601425713
Deaths,Guyana,Both,All ages,Alcohol use disorders,Rate,1990,1.4835379936036484,1.67685733733134,1.2850690639790074
Deaths,France,Both,All ages,Alcohol use disorders,Rate,2000,5.947347515696689,6.146126481238868,5.750749861455004
Deaths,Lebanon,Both,All ages,Liver cancer due to alcohol use,Rate,1990,0.21081108385382594,0.33383033386055977,0.12892295498751824
Deaths,Bangladesh,Both,All ages,Alcohol use disorders,Rate,2000,0.010698134561946534,0.013897189347216876,0.008285856119685638
Deaths,Hungary,Both,All ages,Cirrhosis due to alcohol,Rate,1990,25.784455520763775,29.645542879791716,22.139468455651727
Deaths,Mauritania,Both,All ages,Alcoholic cardiomyopathy,Rate,1990,0.05485729745256861,0.13088084074449755,0.006461776747143905
Deaths,Eritrea,Both,All ages,Alcoholic cardiomyopathy,Rate,1990,0.0012254888654419387,0.0060630543614247304,0.00022441894127057891
Deaths,South Africa,Both,All ages,Liver cancer due to alcohol use,Rate,1990,0.5874409198650307,1.0353651919127704,0.3209810261164995
Deaths,Mexico,Both,All ages,Liver cancer due to alcohol use,Rate,1990,0.22080660806641428,0.25393128980295343,0.19242691380568985
Deaths,Tuvalu,Both,All ages,Liver cancer due to alcohol use,Rate,1990,0.36983278003293557,0.6537280988325171,0.20693612580433388
Deaths,Hungary,Both,All ages,Alcohol use disorders,Rate,1990,8.210029276423734,8.549202395579478,7.843639703140635
Deaths,Germany,Both,All ages,Cirrhosis due to alcohol,Rate,1990,12.626443389087008,14.59288719088486,10.6026842278509
Deaths,Argentina,Both,All ages,Alcohol use disorders,Rate,1990,2.742217959545167,2.840429666496838,2.6449926225970786
Deaths,Guyana,Both,All ages,Alcoholic cardiomyopathy,Rate,1990,0.721838943384265,0.8633464803249502,0.6001838046926061
Deaths,Myanmar,Both,All ages,Alcoholic cardiomyopathy,Rate,1990,0.04610176890643279,0.08770864418878886,0.011207716278890324
Deaths,Lebanon,Both,All ages,Alcoholic cardiomyopathy,Rate,1990,0.00514946488560722,0.010851511842251372,0.0005254621912404957
Deaths,Ethiopia,Both,All ages,Liver cancer due to alcohol use,Rate,1990,0.23816720127809293,0.370110482028722,0.17065437500754083
Deaths,Ethiopia,Both,All ages,Alcohol use disorders,Rate,1990,1.238701090911297,1.5557781624699527,0.7873720322345577
Deaths,Niger,Both,All ages,Alcohol use disorders,Rate,1990,0.6713754297690441,0.99980473495351,0.42100111681122354
Deaths,American Samoa,Both,All ages,Cirrhosis due to alcohol,Rate,1990,1.1936540352553004,1.7412108736839715,0.7426290072356572
Deaths,Argentina,Both,All ages,Alcoholic cardiomyopathy,Rate,1990,1.2636686964962416,1.5205233867771673,1.0600051915239832
Deaths,Niger,Both,All ages,Cirrhosis due to alcohol,Rate,1990,3.3891832740065406,5.6938145385594146,1.9769930206824484
Deaths,Tuvalu,Both,All ages,Cirrhosis due to alcohol,Rate,1990,3.23890321069124,4.958136165619993,1.9632007163304335
Deaths,South Africa,Both,All ages,Cirrhosis due to alcohol,Rate,1990,2.084452306792039,2.888003436869104,1.6061114212446745
Deaths,Mexico,Both,All ages,Alcohol use disorders,Rate,1990,5.460570681667929,5.569004222988123,5.353089216587046
Deaths,Germany,Both,All ages,Alcohol use disorders,Rate,1990,6.644842775614359,6.883404087070249,6.442021889619454
Deaths,American Samoa,Both,All ages,Liver cancer due to alcohol use,Rate,1990,0.20563164325187636,0.3238690557933074,0.12457704231916172
Deaths,South Africa,Both,All ages,Alcoholic cardiomyopathy,Rate,1990,0.004147115272532815,0.005977264825139158,0.0005136153042753417
Deaths,Israel,Both,All ages,Liver cancer due to alcohol use,Rate,2010,0.7231393834542796,0.9609799156602841,0.5182745661589386
Deaths,India,Both,All ages,Liver cancer due to alcohol use,Rate,1990,0.26912656961338366,0.3253131696506664,0.2205247837456382
Deaths,Tuvalu,Both,All ages,Alcohol use disorders,Rate,1990,1.0889038403432667,1.531209787018928,0.6144212583153825
Deaths,Philippines,Both,All ages,Cirrhosis due to alcohol,Rate,1990,2.120140311575209,3.203296479575401,1.523873878201912
Deaths,North Macedonia,Both,All ages,Liver cancer due to alcohol use,Rate,1990,3.5502252525059097,4.705489477758494,2.4973422581184304
Deaths,Ethiopia,Both,All ages,Alcoholic cardiomyopathy,Rate,1990,0.0008020277527452933,0.003853356684466289,0.00011592236453656531
Deaths,Germany,Both,All ages,Alcoholic cardiomyopathy,Rate,1990,6.768625983671355,7.661439813223308,5.776672111198215
Deaths,India,Both,All ages,Alcohol use disorders,Rate,1990,1.2991396132720003,1.5156297933301877,0.7721278769804885
Deaths,Mexico,Both,All ages,Alcoholic cardiomyopathy,Rate,1990,0.08268791259642812,0.09003837346410774,0.07610879211756129
Deaths,Chile,Both,All ages,Liver cancer due to alcohol use,Rate,1990,0.36198059382096665,0.48455303390983845,0.26089313667062036
Deaths,Chile,Both,All ages,Alcohol use disorders,Rate,1990,2.5351620768098475,2.6496259746604203,2.425822648845692
Deaths,Czech Republic,Both,All ages,Alcoholic cardiomyopathy,Rate,2000,0.5684047849544801,0.6433622667630475,0.49597541888453567
Deaths,Kuwait,Both,All ages,Alcoholic cardiomyopathy,Rate,2000,0.18158014784243764,0.22720521842610006,0.13930159663451067
Deaths,Bhutan,Both,All ages,Cirrhosis due to alcohol,Rate,2000,4.394631280521764,8.613127833617655,2.6396913148182315
Deaths,Niger,Both,All ages,Alcoholic cardiomyopathy,Rate,1990,0.04920355573954828,0.12536504130596862,0.005304466099672387
Deaths,Greece,Both,All ages,Liver cancer due to alcohol use,Rate,1990,0.8916161234412,1.132138453991491,0.6652630457262999
Deaths,Chile,Both,All ages,Cirrhosis due to alcohol,Rate,1990,8.752884530622465,10.89262056073805,6.538323784421373
Deaths,India,Both,All ages,Alcoholic cardiomyopathy,Rate,1990,0.06552708441159263,0.15253796877735887,0.014133358252981308
Deaths,Libya,Both,All ages,Alcohol use disorders,Rate,1990,0.13390497114917177,0.16984641910624101,0.05779591205475491
Deaths,Kingdom of Eswatini,Both,All ages,Alcohol use disorders,Rate,1990,0.6964635204626254,0.9259361965665552,0.4234914981560033
Deaths,Haiti,Both,All ages,Alcohol use disorders,Rate,1990,2.710265758060343,3.818215306448625,1.3462918709887215
Deaths,Bermuda,Both,All ages,Liver cancer due to alcohol use,Rate,1990,1.3574216091606197,1.702067314495923,1.0637434143688371
Deaths,Germany,Both,All ages,Cirrhosis due to alcohol,Rate,2000,12.175782686064737,14.118035058707084,10.03950471070056
Deaths,Nicaragua,Both,All ages,Liver cancer due to alcohol use,Rate,1990,0.26964102263450773,0.3930075047706725,0.18290417308599932
Deaths,Kingdom of Eswatini,Both,All ages,Liver cancer due to alcohol use,Rate,1990,0.6137298656847646,1.1678749773934345,0.19001730868191727
Deaths,Armenia,Both,All ages,Liver cancer due to alcohol use,Rate,1990,1.3427093980311573,1.8715999122076414,0.9035453006891848
Deaths,Ethiopia,Both,All ages,Cirrhosis due to alcohol,Rate,1990,4.743822317821977,6.55841346581261,2.9491350551409377
Deaths,Brunei Darussalam,Both,All ages,Liver cancer due to alcohol use,Rate,1990,0.4776111615778166,0.7664074114234518,0.2891857356119801
Deaths,Hungary,Both,All ages,Alcoholic cardiomyopathy,Rate,1990,12.26707608209957,13.770630266225082,10.824794305996175
Deaths,Kenya,Both,All ages,Cirrhosis due to alcohol,Rate,1990,2.922972254105237,5.427719153515805,1.7498780238838274
Deaths,Argentina,Both,All ages,Liver cancer due to alcohol use,Rate,2000,0.21982432272081862,0.2815354781579822,0.16236707301198727
Deaths,Guyana,Both,All ages,Alcohol use disorders,Rate,2000,2.3285186406481477,2.6690777068693703,1.9740643336962056
Deaths,Haiti,Both,All ages,Cirrhosis due to alcohol,Rate,1990,10.399643706098038,14.693260455196777,7.187107082594182
Deaths,Greece,Both,All ages,Cirrhosis due to alcohol,Rate,1990,5.654065418053383,6.734987981758933,4.66823003569167
Deaths,United States Virgin Islands,Both,All ages,Alcohol use disorders,Rate,1990,6.279985413027513,8.384307415229381,4.701149911025093
Deaths,Israel,Both,All ages,Alcoholic cardiomyopathy,Rate,2010,0.08744950267046217,0.09768880981250584,0.07776540366734377
Deaths,Kenya,Both,All ages,Alcohol use disorders,Rate,1990,0.6513872304980878,0.9658919827748965,0.48128863745832534
Deaths,Nicaragua,Both,All ages,Alcohol use disorders,Rate,1990,3.954944446889968,4.600928779417493,3.053742227836148
Deaths,North Macedonia,Both,All ages,Cirrhosis due to alcohol,Rate,1990,4.044625899244492,5.019567096105291,3.1708237425733277
Deaths,Lebanon,Both,All ages,Cirrhosis due to alcohol,Rate,2000,0.5617355307363145,0.893030859071257,0.32131848353317555
Deaths,Armenia,Both,All ages,Alcohol use disorders,Rate,1990,2.05329055669411,2.185458527898022,1.9045902295323336
Deaths,Chile,Both,All ages,Alcoholic cardiomyopathy,Rate,1990,0.35312138220768774,0.39476338785292225,0.31013250512212265
Deaths,Tuvalu,Both,All ages,Alcoholic cardiomyopathy,Rate,1990,0.06774574901374816,0.12890838707838886,0.007807519810301193
Deaths,Nicaragua,Both,All ages,Alcoholic cardiomyopathy,Rate,1990,0.06319606905631235,0.12065325109447639,0.013162450359587623
Deaths,Armenia,Both,All ages,Alcoholic cardiomyopathy,Rate,1990,3.723266755460487,4.755316776184525,2.863230267341832
Deaths,Myanmar,Both,All ages,Cirrhosis due to alcohol,Rate,2000,5.551161227570125,8.689102736490105,3.2030491121357594
Deaths,Hungary,Both,All ages,Cirrhosis due to alcohol,Rate,2000,31.511311199191265,35.880411115048624,27.139087396863665
Deaths,Brunei Darussalam,Both,All ages,Cirrhosis due to alcohol,Rate,1990,1.1783834395404642,1.6768794366922006,0.8173605365589955
Deaths,Armenia,Both,All ages,Cirrhosis due to alcohol,Rate,1990,4.750271695545205,5.84992130406335,3.6683404761374896
Deaths,France,Both,All ages,Liver cancer due to alcohol use,Rate,2000,3.5419230450356385,4.539183286139912,2.642004805247143
Deaths,Libya,Both,All ages,Cirrhosis due to alcohol,Rate,1990,0.4364483022589179,0.9375917117924892,0.21171059234419953
Deaths,American Samoa,Both,All ages,Alcoholic cardiomyopathy,Rate,1990,0.15227908993121714,0.25882510995845953,0.04326233031031715
Deaths,Morocco,Both,All ages,Liver cancer due to alcohol use,Rate,1990,0.023042149250145246,0.037132440287291756,0.0138825120243611
Deaths,Germany,Both,All ages,Liver cancer due to alcohol use,Rate,1990,1.9925241264273923,2.3740951087176265,1.637762113358764
Deaths,Nicaragua,Both,All ages,Cirrhosis due to alcohol,Rate,1990,3.6603433020002134,4.466168441867419,2.885610088188393
Deaths,Eritrea,Both,All ages,Cirrhosis due to alcohol,Rate,2000,4.65733326582974,7.039139784577723,2.8448644788894484
Deaths,Zimbabwe,Both,All ages,Liver cancer due to alcohol use,Rate,1990,0.8295049896183629,1.3827447697511308,0.4255196298359909
Deaths,Mexico,Both,All ages,Liver cancer due to alcohol use,Rate,2000,0.3426187046812978,0.39597719422616795,0.2994987076758143
Deaths,Nepal,Both,All ages,Liver cancer due to alcohol use,Rate,1990,0.18391256759027413,0.28733178547932403,0.1124399505654014
Deaths,France,Both,All ages,Cirrhosis due to alcohol,Rate,2000,8.784576306551989,10.310970437084965,7.225817136130005
Deaths,Nepal,Both,All ages,Cirrhosis due to alcohol,Rate,1990,5.459694967328937,9.093411036001259,3.2481060475332075
Deaths,United States Virgin Islands,Both,All ages,Cirrhosis due to alcohol,Rate,1990,8.107495029046149,10.262829078027197,6.210140382613927
Deaths,Sri Lanka,Both,All ages,Liver cancer due to alcohol use,Rate,1990,0.24006948791209942,0.3491596343897913,0.16332011123920206
Deaths,Montenegro,Both,All ages,Liver cancer due to alcohol use,Rate,1990,2.0045445544236915,2.8669337447897947,1.3461925363548386
Deaths,Montenegro,Both,All ages,Alcohol use disorders,Rate,1990,1.352557685836106,1.76662629695994,1.0293620417912006
Deaths,Bhutan,Both,All ages,Liver cancer due to alcohol use,Rate,2000,0.4702856535987519,0.7772703005173958,0.2685586845526559
Deaths,Kingdom of Eswatini,Both,All ages,Alcoholic cardiomyopathy,Rate,1990,0.0022267727429490665,0.006356551526757902,0.00039520991237693636
Deaths,Jamaica,Both,All ages,Liver cancer due to alcohol use,Rate,1990,0.24132357754823144,0.32996798601698674,0.1694806388873395
Deaths,Guatemala,Both,All ages,Alcoholic cardiomyopathy,Rate,2000,0.0629207176117101,0.06928641760327042,0.057041204094162495
Deaths,Mali,Both,All ages,Alcoholic cardiomyopathy,Rate,2000,0.028974368647355593,0.0705774710866109,0.002949015409382416
Deaths,Bermuda,Both,All ages,Alcohol use disorders,Rate,1990,1.7451505938095018,1.8959933835288685,1.5946205884463078
Deaths,Uruguay,Both,All ages,Alcohol use disorders,Rate,1990,2.109951457728134,2.226224923967505,2.010479267367259
Deaths,Tokelau,Both,All ages,Alcohol use disorders,Rate,2000,1.0028560678978964,1.4405889580202913,0.5195988264230053
Deaths,Bermuda,Both,All ages,Alcoholic cardiomyopathy,Rate,1990,0.3115217473407708,0.44626881785545164,0.21883679877168996
Deaths,Guyana,Both,All ages,Liver cancer due to alcohol use,Rate,2000,0.4728545458174565,0.6026421252474974,0.3580487235937329
Deaths,Armenia,Both,All ages,Liver cancer due to alcohol use,Rate,2000,1.920418684440458,2.6876137166042273,1.2724035154325781
Deaths,Hungary,Both,All ages,Liver cancer due to alcohol use,Rate,1990,1.7230894338479459,2.178552452967001,1.3172093021254327
Deaths,Uruguay,Both,All ages,Liver cancer due to alcohol use,Rate,1990,0.35969087122814397,0.471406042475081,0.2542772527037948
Deaths,South Africa,Both,All ages,Liver cancer due to alcohol use,Rate,2000,1.2130495824606664,1.4145791829362953,1.0194132582040447
Deaths,Guyana,Both,All ages,Cirrhosis due to alcohol,Rate,2000,7.262258895695734,9.02931005001968,5.627678675610472
Deaths,North Macedonia,Both,All ages,Liver cancer due to alcohol use,Rate,2000,3.7446236979417638,4.892567595540769,2.7779357961465125
Deaths,Madagascar,Both,All ages,Liver cancer due to alcohol use,Rate,1990,0.2714548064049277,0.4788642210884036,0.1416949898509689
Deaths,Sao Tome and Principe,Both,All ages,Liver cancer due to alcohol use,Rate,1990,0.27304590793248545,0.4011689739689593,0.17540147721937538
Deaths,Italy,Both,All ages,Alcohol use disorders,Rate,2010,0.5399602943150785,0.5581722653839578,0.517054633559418
Deaths,Philippines,Both,All ages,Liver cancer due to alcohol use,Rate,1990,0.7389489245673478,1.0152404619835376,0.48863627522542913
Deaths,Philippines,Both,All ages,Alcohol use disorders,Rate,1990,0.501720607721458,0.5788318875513643,0.2913178143107576
Deaths,United States Virgin Islands,Both,All ages,Alcoholic cardiomyopathy,Rate,1990,0.964686901759809,2.4515253357917883,0.4482293997771467
Deaths,Argentina,Both,All ages,Alcohol use disorders,Rate,2000,2.5560090621023153,2.6646869771381176,2.442899295935483
Deaths,Montenegro,Both,All ages,Alcoholic cardiomyopathy,Rate,1990,4.638361413622827,7.3248955973071785,1.5612918935349078
Deaths,Brunei Darussalam,Both,All ages,Cirrhosis due to alcohol,Rate,2000,1.046430553275544,1.41755481206417,0.7240862220382643
Deaths,Madagascar,Both,All ages,Alcoholic cardiomyopathy,Rate,1990,0.00159412916163934,0.008893713077900841,0.0003212006530295341
Deaths,Zimbabwe,Both,All ages,Cirrhosis due to alcohol,Rate,1990,2.3333509665128402,3.3274708105299107,1.5041558402542332
Deaths,South Africa,Both,All ages,Alcoholic cardiomyopathy,Rate,2000,0.004708828360426322,0.0064629653290213885,0.00046016587256956446
Deaths,Brunei Darussalam,Both,All ages,Alcoholic cardiomyopathy,Rate,1990,0.5487851891808142,0.846020768714607,0.17707005244607907
Deaths,Hungary,Both,All ages,Alcohol use disorders,Rate,2000,6.894215489690797,7.26130482929582,6.572508518591058
Deaths,Jamaica,Both,All ages,Cirrhosis due to alcohol,Rate,1990,2.2888729890458492,2.751900457068179,1.8231153898228039
Deaths,Iceland,Both,All ages,Liver cancer due to alcohol use,Rate,1990,0.7861676810859045,1.0383326945661522,0.5785445919755525
Deaths,Lebanon,Both,All ages,Alcohol use disorders,Rate,2000,0.09234525080011288,0.1166334332046328,0.059990113099914075
Deaths,Morocco,Both,All ages,Alcoholic cardiomyopathy,Rate,1990,0.054720428445491166,0.11640795449368921,0.010748532349895876
Deaths,Panama,Both,All ages,Cirrhosis due to alcohol,Rate,1990,3.1954291884199093,3.8935504978064808,2.538409599107255
Deaths,Brunei Darussalam,Both,All ages,Alcohol use disorders,Rate,1990,0.27466043779101956,0.35831933681184747,0.19717698441650852
Deaths,Nepal,Both,All ages,Alcohol use disorders,Rate,1990,0.3935769706449227,0.57495589238534,0.020620146124999288
Deaths,Azerbaijan,Both,All ages,Cirrhosis due to alcohol,Rate,1990,8.122514354254157,10.038435704311846,6.158852253901901
Deaths,Iceland,Both,All ages,Liver cancer due to alcohol use,Rate,2000,0.9317070653222432,1.2170605365858473,0.6970615207317842
Deaths,Honduras,Both,All ages,Cirrhosis due to alcohol,Rate,2000,5.670788285139533,8.03751736791109,3.712471153854068
Deaths,Thailand,Both,All ages,Liver cancer due to alcohol use,Rate,1990,2.506422132936666,3.5579317022492174,1.6624308942489794
Deaths,Haiti,Both,All ages,Cirrhosis due to alcohol,Rate,2000,8.527609548751023,13.211545981390795,5.519180533851172
Deaths,Brunei Darussalam,Both,All ages,Alcohol use disorders,Rate,2000,0.23205857022673798,0.28449182577165555,0.16396756686766079
Deaths,Nepal,Both,All ages,Alcoholic cardiomyopathy,Rate,1990,0.06455954626648047,0.16367667117831664,0.014923904485246548
Deaths,Cook Islands,Both,All ages,Alcohol use disorders,Rate,1990,2.022123279311247,2.680694807483362,1.4805801690250318
Deaths,Armenia,Both,All ages,Alcohol use disorders,Rate,2000,1.932985861355242,2.0651671902386686,1.8250909950357699
Deaths,Nicaragua,Both,All ages,Liver cancer due to alcohol use,Rate,2000,0.2414074772590993,0.3383022380138047,0.1695595898193492
Deaths,Namibia,Both,All ages,Alcohol use disorders,Rate,2000,1.0626723023585727,1.360608321101512,0.6485499767399749
Deaths,Mexico,Both,All ages,Alcohol use disorders,Rate,2000,4.400193764444672,4.4874857746767525,4.308704535130436
Deaths,Chile,Both,All ages,Liver cancer due to alcohol use,Rate,2000,0.4100901097597297,0.5356870245048645,0.2978203567682562
Deaths,Chile,Both,All ages,Alcohol use disorders,Rate,2000,2.8284196155255805,2.963342807288744,2.7113718309946226
Deaths,Georgia,Both,All ages,Liver cancer due to alcohol use,Rate,1990,1.2910288068391036,1.7728661683384435,0.8840466837824907
Deaths,Panama,Both,All ages,Liver cancer due to alcohol use,Rate,1990,0.6702591790252488,0.8708686646945143,0.499883422209875
Deaths,Panama,Both,All ages,Alcohol use disorders,Rate,1990,1.0254276685006496,1.1173762224103303,0.9554128513927839
Deaths,Pakistan,Both,All ages,Liver cancer due to alcohol use,Rate,1990,0.24569256577768794,0.3298370364662888,0.1745373795540079
Deaths,Pakistan,Both,All ages,Alcohol use disorders,Rate,1990,0.3601706801783835,0.529190618756559,0.016608330509694742
Deaths,Saint Lucia,Both,All ages,Liver cancer due to alcohol use,Rate,1990,0.5690409673305055,0.738312520622509,0.4208599248025917
Deaths,Armenia,Both,All ages,Alcoholic cardiomyopathy,Rate,2000,4.058296497041392,4.655471802902283,3.4960162570025703
Deaths,Thailand,Both,All ages,Alcoholic cardiomyopathy,Rate,1990,0.010977501660891006,0.02603431913126638,0.003018394908561742
Deaths,Cook Islands,Both,All ages,Cirrhosis due to alcohol,Rate,1990,0.31581047710836563,0.5013274159601936,0.18794006775556454
Deaths,Guyana,Both,All ages,Alcoholic cardiomyopathy,Rate,2000,0.6719685605180504,0.7808319580249734,0.5674792149637718
Deaths,Madagascar,Both,All ages,Cirrhosis due to alcohol,Rate,1990,3.4733424813230296,5.66396078551145,2.0448393205231254
Deaths,France,Both,All ages,Alcoholic cardiomyopathy,Rate,2000,0.7800345524292868,0.8406699141239073,0.7142555545028152
Deaths,Nigeria,Both,All ages,Cirrhosis due to alcohol,Rate,1990,4.438282959206321,6.543453982897726,3.0889497699338495
Deaths,Eritrea,Both,All ages,Liver cancer due to alcohol use,Rate,2000,0.29589703003405093,0.5429833215417319,0.16649949514112092
Deaths,Uruguay,Both,All ages,Alcoholic cardiomyopathy,Rate,1990,3.713893039360524,4.182941399918652,3.211969297636819
Deaths,Cook Islands,Both,All ages,Liver cancer due to alcohol use,Rate,1990,0.7674402012376411,1.1948266557226752,0.4657665423099457
Deaths,Azerbaijan,Both,All ages,Alcohol use disorders,Rate,1990,2.300352242728039,2.772313302205935,1.8673508934319532
Deaths,Morocco,Both,All ages,Cirrhosis due to alcohol,Rate,1990,0.46149153525511494,0.7563796317614319,0.2704681897058314
Deaths,Hungary,Both,All ages,Alcoholic cardiomyopathy,Rate,2000,13.044418764727409,13.96848263353729,12.08999159474302
Deaths,North Macedonia,Both,All ages,Alcohol use disorders,Rate,1990,1.2888586665302917,1.6394392361022296,0.9632038677235097
Deaths,Honduras,Both,All ages,Alcoholic cardiomyopathy,Rate,1990,0.12392713594636182,0.2267175258215502,0.026022483768006602
Deaths,North Macedonia,Both,All ages,Alcoholic cardiomyopathy,Rate,1990,2.740185508660107,4.702880126627654,0.9161536795216035
Deaths,Brunei Darussalam,Both,All ages,Liver cancer due to alcohol use,Rate,2000,0.42588241920625136,0.6341357149181361,0.25620862199459854
Deaths,Mauritania,Both,All ages,Liver cancer due to alcohol use,Rate,2000,2.036148654223198,4.131546984903623,0.5420071644351483
Deaths,Japan,Both,All ages,Liver cancer due to alcohol use,Rate,1990,2.1193180639735583,2.5105880933238467,1.8287876326232364
Deaths,Myanmar,Both,All ages,Alcohol use disorders,Rate,2000,10.112650393458646,13.040528395844245,7.032288618444172
Deaths,Benin,Both,All ages,Cirrhosis due to alcohol,Rate,1990,3.5576029945708183,5.414851315291996,2.1558172070033454
Deaths,Cook Islands,Both,All ages,Alcoholic cardiomyopathy,Rate,1990,0.0005178381604746912,0.0010224315979591302,2.6056946276521753e-05
Deaths,Zimbabwe,Both,All ages,Alcohol use disorders,Rate,1990,0.24664079198049849,0.361459337804975,0.1710390309725209
Deaths,Iceland,Both,All ages,Alcohol use disorders,Rate,1990,2.0618564177207297,2.2016499375220913,1.9301338058723376
Deaths,Poland,Both,All ages,Cirrhosis due to alcohol,Rate,1990,4.639168700935461,5.144867298142177,4.160460401939217
Deaths,Sao Tome and Principe,Both,All ages,Alcoholic cardiomyopathy,Rate,1990,0.05240573089810743,0.11601313970688303,0.005551704469459477
Deaths,Mauritius,Both,All ages,Cirrhosis due to alcohol,Rate,2010,5.037227732653025,6.640412586876762,3.565015366403544
Deaths,Azerbaijan,Both,All ages,Cirrhosis due to alcohol,Rate,2000,10.46747526256994,13.102632477932609,7.796920547245068
Deaths,Luxembourg,Both,All ages,Cirrhosis due to alcohol,Rate,2010,6.98492962879133,8.190437978603915,5.653640264394489
Deaths,Poland,Both,All ages,Liver cancer due to alcohol use,Rate,1990,0.23547259527886472,0.26654428860225976,0.20614722313726777
Deaths,Argentina,Both,All ages,Alcoholic cardiomyopathy,Rate,2000,0.875188687684093,0.9814847866931882,0.7779499248677374
Deaths,Japan,Both,All ages,Cirrhosis due to alcohol,Rate,2000,4.484605066738655,4.855463634080913,4.123686505291484
Deaths,Nicaragua,Both,All ages,Alcohol use disorders,Rate,2000,4.468899490566594,5.1583152798626495,3.6369552308951927
Deaths,Saint Lucia,Both,All ages,Alcohol use disorders,Rate,1990,3.290933857791952,3.4982239556534385,3.1012830298604728
Deaths,Pakistan,Both,All ages,Cirrhosis due to alcohol,Rate,1990,1.2210265334975798,2.4546281949466158,0.5712419833397613
Deaths,Armenia,Both,All ages,Cirrhosis due to alcohol,Rate,2000,5.996172419549122,7.384874953742802,4.66930882460534
Deaths,Poland,Both,All ages,Alcohol use disorders,Rate,1990,6.884483176625783,7.032026164524717,6.750805401655847
Deaths,Myanmar,Both,All ages,Alcoholic cardiomyopathy,Rate,2000,0.04939882805735725,0.09693002686193171,0.011424356942682555
Deaths,Iceland,Both,All ages,Alcoholic cardiomyopathy,Rate,1990,0.4302105257858111,0.4741692225435019,0.3859209617510372
Deaths,Malawi,Both,All ages,Liver cancer due to alcohol use,Rate,1990,0.2871023967370818,0.4677607939129132,0.1638412583604747
Deaths,Kazakhstan,Both,All ages,Alcoholic cardiomyopathy,Rate,2010,1.4287145179235892,2.769801095358396,0.7051873335302794
Deaths,Greenland,Both,All ages,Cirrhosis due to alcohol,Rate,1990,2.204982038939195,3.0784164905079114,1.4065100439665696
Deaths,Azerbaijan,Both,All ages,Alcohol use disorders,Rate,2000,2.5278916708358268,2.9730580422932142,2.018413717887533
Deaths,Greece,Both,All ages,Liver cancer due to alcohol use,Rate,2000,1.4461089421092008,1.8763655805234354,1.075171148650257
Deaths,Mauritania,Both,All ages,Cirrhosis due to alcohol,Rate,2000,2.304463024397531,3.6937219472323775,1.3228308531859985
Deaths,Ireland,Both,All ages,Liver cancer due to alcohol use,Rate,2000,1.1578053256266887,1.448279915310195,0.9010893946384704
Deaths,Ireland,Both,All ages,Alcohol use disorders,Rate,2000,2.1525622462594267,2.2596602884410455,2.036431043924307
Deaths,Timor-Leste,Both,All ages,Liver cancer due to alcohol use,Rate,1990,0.19583816334768675,0.3193595513326026,0.11376511217338822
Deaths,Sri Lanka,Both,All ages,Alcoholic cardiomyopathy,Rate,1990,0.15661585943757492,0.3820835159141859,0.030637948957418126
Deaths,Timor-Leste,Both,All ages,Alcohol use disorders,Rate,1990,0.42278999855383986,0.7476444831653798,0.23134252067242478
Deaths,Tuvalu,Both,All ages,Liver cancer due to alcohol use,Rate,2000,0.42485552695111267,0.7122596211457148,0.24941205148132647
Deaths,Nicaragua,Both,All ages,Alcoholic cardiomyopathy,Rate,2000,0.07340533289500617,0.12113638784893703,0.014718520594513498
Deaths,Haiti,Both,All ages,Liver cancer due to alcohol use,Rate,1990,0.23307086137324043,0.4285544651428283,0.121290682330291
Deaths,Palestine,Both,All ages,Liver cancer due to alcohol use,Rate,1990,0.2899754016699461,0.4672069997067501,0.17030215331875043
Deaths,Argentina,Both,All ages,Cirrhosis due to alcohol,Rate,1990,5.537663419149704,6.834785290238388,4.151492727787055
Deaths,Zimbabwe,Both,All ages,Alcoholic cardiomyopathy,Rate,1990,0.009332536747195311,0.03706116057280336,0.0012189532107383847
Deaths,Philippines,Both,All ages,Alcoholic cardiomyopathy,Rate,1990,0.05117461279293558,0.09889390928754707,0.010959892484281494
Deaths,Japan,Both,All ages,Alcohol use disorders,Rate,1990,0.3662878325223156,0.3736608345134849,0.3578525490857064
Deaths,Japan,Both,All ages,Cirrhosis due to alcohol,Rate,1990,4.710198198360895,5.215068649736512,4.301258531555293
Deaths,Poland,Both,All ages,Alcoholic cardiomyopathy,Rate,1990,2.892115706180799,3.0598827696398243,2.707277403280267
Deaths,Tuvalu,Both,All ages,Cirrhosis due to alcohol,Rate,2000,2.9278806470804395,4.458426263459422,1.8267152949562597
Deaths,Saint Vincent and the Grenadines,Both,All ages,Liver cancer due to alcohol use,Rate,1990,0.714097992711921,0.9366189739469042,0.5277607648391694
Deaths,Lebanon,Both,All ages,Liver cancer due to alcohol use,Rate,2000,0.1934895113646424,0.29682236013405194,0.11528592176264467
Deaths,Thailand,Both,All ages,Liver cancer due to alcohol use,Rate,2000,3.7154457847569153,5.145505891921084,2.647020899373424
Deaths,Senegal,Both,All ages,Liver cancer due to alcohol use,Rate,1990,0.8850365463847787,1.3571647902056956,0.49650379706254155
Deaths,Saint Lucia,Both,All ages,Alcoholic cardiomyopathy,Rate,1990,0.8353323626275926,0.983854166486561,0.6859970163573201
Deaths,Ireland,Both,All ages,Liver cancer due to alcohol use,Rate,1990,0.763943890549972,0.9825634936972332,0.5697056167521654
Deaths,Ireland,Both,All ages,Alcohol use disorders,Rate,1990,1.386983802991897,1.460241247736322,1.3169692542775504
Deaths,American Samoa,Both,All ages,Liver cancer due to alcohol use,Rate,2000,0.29258542266507587,0.43184551018714096,0.19302277194762205
Deaths,Singapore,Both,All ages,Alcohol use disorders,Rate,2010,0.056959622272529715,0.06006517707240698,0.053472550486065494
Deaths,Saint Lucia,Both,All ages,Liver cancer due to alcohol use,Rate,2000,0.5453379052622344,0.6738098523191884,0.4214891755389353
Deaths,Ireland,Both,All ages,Alcoholic cardiomyopathy,Rate,2000,1.1300784451184624,1.2368602054604179,1.0317249766921086
Deaths,South Sudan,Both,All ages,Liver cancer due to alcohol use,Rate,1990,0.4163150756899805,0.6834578651217719,0.20486754523364378
Deaths,Syrian Arab Republic,Both,All ages,Liver cancer due to alcohol use,Rate,2010,0.1811880530628165,0.27394861448583224,0.11283386226820732
Deaths,Chile,Both,All ages,Alcoholic cardiomyopathy,Rate,2000,0.5224460277715518,0.5764951587725713,0.47220098380374054
Deaths,Malawi,Both,All ages,Alcohol use disorders,Rate,1990,1.0785670189405923,1.411350422586857,0.7613889809395361
Deaths,Timor-Leste,Both,All ages,Alcoholic cardiomyopathy,Rate,1990,0.029610624485025352,0.06464000173072931,0.005924849896268274
Deaths,Libya,Both,All ages,Cirrhosis due to alcohol,Rate,2000,0.38078750863536776,0.6251409998695312,0.2198730001088199
Deaths,Panama,Both,All ages,Alcoholic cardiomyopathy,Rate,1990,0.11839004270843252,0.14162300483727513,0.09787616505769908
Deaths,Senegal,Both,All ages,Alcoholic cardiomyopathy,Rate,1990,0.06125988239911422,0.13945892681413458,0.007098798087010159
Deaths,Brunei Darussalam,Both,All ages,Alcoholic cardiomyopathy,Rate,2000,0.48303070494094913,0.6944370621714254,0.151688973948723
Deaths,Thailand,Both,All ages,Alcohol use disorders,Rate,1990,1.1665955808755073,1.5185544331574183,0.7934740080684873
Deaths,Socialist Republic of Viet Nam,Both,All ages,Cirrhosis due to alcohol,Rate,1990,4.5013644925734395,7.624902900083244,2.6813199287898026
Deaths,Kingdom of Eswatini,Both,All ages,Alcohol use disorders,Rate,2000,0.9532473934903971,1.3251547120581548,0.5808450148207186
Deaths,Uruguay,Both,All ages,Cirrhosis due to alcohol,Rate,1990,4.5070467265138845,5.644446345088604,3.340504207477575
Deaths,Panama,Both,All ages,Cirrhosis due to alcohol,Rate,2000,3.0326855185033694,3.663190225871307,2.4331551671862703
Deaths,Azerbaijan,Both,All ages,Liver cancer due to alcohol use,Rate,1990,1.07984554155634,1.8193073178444956,0.5702636492731987
Deaths,Ireland,Both,All ages,Alcoholic cardiomyopathy,Rate,1990,1.3838049653121605,1.5093181553074164,1.266723967313726
Deaths,Thailand,Both,All ages,Alcoholic cardiomyopathy,Rate,2000,0.013883364651990885,0.0311707942755093,0.0039436193438037274
Deaths,Greece,Both,All ages,Alcohol use disorders,Rate,1990,0.2578101694059521,0.2700393005250641,0.24399728506277513
Deaths,Brazil,Both,All ages,Alcohol use disorders,Rate,2010,4.284466161596826,4.385894735690501,4.187665502394278
Deaths,Poland,Both,All ages,Liver cancer due to alcohol use,Rate,2000,0.2653342060203798,0.29725568956300086,0.2348966693259353
Deaths,Kyrgyzstan,Both,All ages,Cirrhosis due to alcohol,Rate,2010,14.899301087962199,18.296359075559515,11.655699389037192
Deaths,Sri Lanka,Both,All ages,Cirrhosis due to alcohol,Rate,1990,5.366563591322327,7.963757447688393,3.5599286240853476
Deaths,Syrian Arab Republic,Both,All ages,Alcoholic cardiomyopathy,Rate,2010,0.032916838076092136,0.06527876385834039,0.008302089699739081
Deaths,Palestine,Both,All ages,Alcohol use disorders,Rate,1990,0.004421962323193073,0.006026539339493307,0.00251385206652945
Deaths,Romania,Both,All ages,Alcohol use disorders,Rate,1990,5.77010680804724,6.041011052023734,5.529203457415899
Deaths,Nepal,Both,All ages,Liver cancer due to alcohol use,Rate,2000,0.21294675776574812,0.3373106942736966,0.13024019260367323
Deaths,Ireland,Both,All ages,Cirrhosis due to alcohol,Rate,1990,2.1678249587931586,2.5794597659741862,1.7849996723948518
Deaths,American Samoa,Both,All ages,Alcoholic cardiomyopathy,Rate,2000,0.16753486198193615,0.2570043941968797,0.041360205606139296
Deaths,Sri Lanka,Both,All ages,Liver cancer due to alcohol use,Rate,2000,0.35966999912988695,0.4983226912075559,0.2517182560339666
Deaths,Kingdom of Eswatini,Both,All ages,Alcoholic cardiomyopathy,Rate,2000,0.002553397853729121,0.006108125566450065,0.0004559164573490471
Deaths,Mexico,Both,All ages,Alcoholic cardiomyopathy,Rate,2000,0.1086192413772645,0.11333419806687176,0.10364441524766924
Deaths,Malawi,Both,All ages,Alcoholic cardiomyopathy,Rate,1990,0.0007245895813420655,0.003780262253473847,0.00015984711170840415
Deaths,Singapore,Both,All ages,Liver cancer due to alcohol use,Rate,2000,0.5152486023643631,0.7858445971215451,0.3397603311456935
Deaths,Sri Lanka,Both,All ages,Alcohol use disorders,Rate,1990,3.077256292966093,3.674531150076129,1.5900355189864117
Deaths,Haiti,Both,All ages,Alcohol use disorders,Rate,2000,2.5362241834462207,3.4895649411258884,1.3168332590304956
Deaths,South Sudan,Both,All ages,Alcoholic cardiomyopathy,Rate,1990,0.0009889741537433612,0.005343089386615793,0.00021161446625485284
Deaths,South Africa,Both,All ages,Cirrhosis due to alcohol,Rate,2000,2.742756775810951,3.241204044637764,2.324515638010054
Deaths,Oman,Both,All ages,Alcohol use disorders,Rate,1990,0.1807143986112394,0.26146429169155794,0.11808019793669335
Deaths,Sierra Leone,Both,All ages,Alcohol use disorders,Rate,1990,0.8090816473794035,1.0879026004419947,0.513771910118808
Deaths,Israel,Both,All ages,Cirrhosis due to alcohol,Rate,1990,3.06714392317892,3.7451278345196304,2.4209750645471115
Deaths,Poland,Both,All ages,Alcoholic cardiomyopathy,Rate,2000,2.6986627747730303,2.839311738519789,2.5644350657837496
Deaths,Lebanon,Both,All ages,Alcoholic cardiomyopathy,Rate,2000,0.004790024495702282,0.008349509592776557,0.0004930728277984043
Deaths,United States of America,Both,All ages,Alcohol use disorders,Rate,2010,3.572618578459277,3.63021306434406,3.4908148748727066
Deaths,Senegal,Both,All ages,Alcohol use disorders,Rate,1990,0.6857137889590463,0.9790430915413898,0.4198616276354631
Deaths,Romania,Both,All ages,Liver cancer due to alcohol use,Rate,2010,1.7876652492147507,2.1496414541300797,1.3909960168563118
Deaths,Madagascar,Both,All ages,Liver cancer due to alcohol use,Rate,2000,0.22045986715903884,0.3978940798568025,0.12216912056217052
Deaths,Jamaica,Both,All ages,Liver cancer due to alcohol use,Rate,2000,0.3304339389698256,0.43628157137207046,0.2433868213948078
Deaths,India,Both,All ages,Alcohol use disorders,Rate,2000,1.358622487401003,1.5554288037053923,0.8068846113440891
Deaths,Palestine,Both,All ages,Alcoholic cardiomyopathy,Rate,1990,0.024823706108928895,0.04499465408207542,0.0035255998097226075
Deaths,Chile,Both,All ages,Cirrhosis due to alcohol,Rate,2000,6.854017436757103,8.637686773629316,5.20188153543685
Deaths,Zimbabwe,Both,All ages,Cirrhosis due to alcohol,Rate,2000,3.2441271204612114,4.614292390348225,2.1370950111983538
Deaths,Sri Lanka,Both,All ages,Alcoholic cardiomyopathy,Rate,2000,0.21064898878181781,0.5100432605476534,0.03736490948987888
Deaths,Madagascar,Both,All ages,Alcoholic cardiomyopathy,Rate,2000,0.0014696158726094464,0.009480619097359061,0.00026448959000626836
Deaths,Singapore,Both,All ages,Alcoholic cardiomyopathy,Rate,2010,0.05217890897884037,0.058311036214652355,0.046611778981849886
Deaths,India,Both,All ages,Alcoholic cardiomyopathy,Rate,2000,0.06314350457385062,0.1613992449268453,0.012847301303876376
Deaths,Uruguay,Both,All ages,Alcohol use disorders,Rate,2000,2.683452853849186,2.8185697904304403,2.542125414692496
Deaths,Slovakia,Both,All ages,Liver cancer due to alcohol use,Rate,2010,2.503589616530272,3.1752678682738384,1.8656622194285124
Deaths,Timor-Leste,Both,All ages,Alcohol use disorders,Rate,2000,0.3892725363043848,0.6968798676727463,0.22131713333470315
Deaths,Israel,Both,All ages,Alcohol use disorders,Rate,1990,0.9859691511415115,1.0420940943338273,0.933818722350257
Deaths,Tunisia,Both,All ages,Alcohol use disorders,Rate,2010,0.1302401272003796,0.17738496991942565,0.06132739130310318
Deaths,Saint Vincent and the Grenadines,Both,All ages,Alcohol use disorders,Rate,2000,4.495169382275365,4.896151423630479,4.139872881609102
Deaths,Kyrgyzstan,Both,All ages,Liver cancer due to alcohol use,Rate,1990,0.9264753877084175,1.297261792214941,0.6257250040004375
Deaths,Kyrgyzstan,Both,All ages,Alcohol use disorders,Rate,1990,6.988800824276315,7.783977632172122,6.3137465419882455
Deaths,United States of America,Both,All ages,Alcoholic cardiomyopathy,Rate,2010,1.690152852276756,1.7537164195433579,1.617864769897156
Deaths,Bolivarian Republic of Venezuela,Both,All ages,Cirrhosis due to alcohol,Rate,1990,4.394595108673778,5.271709133749621,3.48044459257982
Deaths,Singapore,Both,All ages,Liver cancer due to alcohol use,Rate,1990,0.3925891193063812,0.5898436866748171,0.25451087984889936
Deaths,Oman,Both,All ages,Alcoholic cardiomyopathy,Rate,1990,0.00796574688850935,0.016761684363221882,0.0011452937997775904
Deaths,Brazil,Both,All ages,Alcoholic cardiomyopathy,Rate,2010,0.7078530623723716,0.7387927571378033,0.6778926450144679
Deaths,Saint Vincent and the Grenadines,Both,All ages,Alcoholic cardiomyopathy,Rate,2000,0.6666201301188435,0.7452792261564094,0.5956949522710971
Deaths,Kyrgyzstan,Both,All ages,Alcoholic cardiomyopathy,Rate,1990,2.8652752801108234,3.447015605605148,2.4574188998405404
Deaths,Montenegro,Both,All ages,Cirrhosis due to alcohol,Rate,1990,3.189199611160534,4.160603430771349,2.445054626596727
Deaths,Mexico,Both,All ages,Cirrhosis due to alcohol,Rate,1990,9.650700741806489,10.380779324116459,8.889397681846068
Deaths,Saint Vincent and the Grenadines,Both,All ages,Alcohol use disorders,Rate,1990,3.388396571919223,3.6891839824784762,3.086836502786859
Deaths,United States of America,Both,All ages,Liver cancer due to alcohol use,Rate,1990,0.7348043156332967,0.8237560211063779,0.6644667871188805
Deaths,Kazakhstan,Both,All ages,Liver cancer due to alcohol use,Rate,1990,2.517642544747509,3.3378888954552925,1.7777171231865088
Deaths,Kazakhstan,Both,All ages,Alcohol use disorders,Rate,1990,6.764184260061939,7.357582227430678,6.201565670705155
Deaths,Greece,Both,All ages,Alcoholic cardiomyopathy,Rate,1990,0.1895047287276131,0.23365176208709845,0.1511982548428654
Deaths,Romania,Both,All ages,Alcohol use disorders,Rate,2000,5.3242632167878226,5.594681354796084,5.0526717028715264
Deaths,Bhutan,Both,All ages,Alcohol use disorders,Rate,1990,0.37973886684799313,0.657476022743492,0.015098463361029582
Deaths,Oman,Both,All ages,Cirrhosis due to alcohol,Rate,1990,0.43850563066605963,0.745610757824005,0.23273943667421143
Deaths,Haiti,Both,All ages,Alcoholic cardiomyopathy,Rate,1990,0.9524656049725158,1.8944439683521332,0.4241576130597259
Deaths,Bermuda,Both,All ages,Alcohol use disorders,Rate,2000,1.522049262989136,1.6814183931627615,1.3687335806789134
Deaths,Serbia,Both,All ages,Cirrhosis due to alcohol,Rate,1990,6.467657626227593,8.256983006524315,4.885070851830383
Deaths,Sierra Leone,Both,All ages,Cirrhosis due to alcohol,Rate,1990,4.106764306481188,6.150076330013384,2.5603626724821344
Deaths,Romania,Both,All ages,Cirrhosis due to alcohol,Rate,1990,14.983702948322778,18.02371309489018,11.913199940105814
Deaths,Libya,Both,All ages,Liver cancer due to alcohol use,Rate,1990,0.18172917765578464,0.29633889028953575,0.1012519652650538
Deaths,Fiji,Both,All ages,Liver cancer due to alcohol use,Rate,1990,0.22123967624651614,0.3670876796481597,0.12959553410022906
Deaths,Morocco,Both,All ages,Liver cancer due to alcohol use,Rate,2000,0.026599243716539166,0.04147963197289697,0.016619900730535778
Deaths,Georgia,Both,All ages,Alcohol use disorders,Rate,1990,2.237261855927516,2.4654659444676184,2.038973194450156
Deaths,Thailand,Both,All ages,Cirrhosis due to alcohol,Rate,1990,3.9363306456619855,5.557194038032302,2.6990302716827648
Deaths,Qatar,Both,All ages,Cirrhosis due to alcohol,Rate,1990,0.43454548676622,0.7055725837301751,0.25561466192040716
Deaths,Togo,Both,All ages,Cirrhosis due to alcohol,Rate,1990,2.3988518627533675,3.6972542637305907,1.3601888784224405
Deaths,Socialist Republic of Viet Nam,Both,All ages,Cirrhosis due to alcohol,Rate,2000,4.403825689861819,6.631108603546739,2.897243210656597
Deaths,Luxembourg,Both,All ages,Liver cancer due to alcohol use,Rate,2010,2.6245932338343474,3.304155025669904,2.031079983730303
Deaths,Suriname,Both,All ages,Cirrhosis due to alcohol,Rate,2000,7.763625869813999,9.27692407502951,6.181445839021091
Deaths,Israel,Both,All ages,Cirrhosis due to alcohol,Rate,2000,3.1128582026280602,3.8081225837076866,2.5053493134149942
Deaths,China,Both,All ages,Cirrhosis due to alcohol,Rate,1990,0.9305108242000636,1.1679209901706702,0.7080015796091991
Deaths,Saint Vincent and the Grenadines,Both,All ages,Cirrhosis due to alcohol,Rate,1990,4.444794141935588,5.354649533243413,3.5586556018302593
Deaths,Italy,Both,All ages,Cirrhosis due to alcohol,Rate,1990,8.107483561652094,8.936712926364132,7.350982148290704
Deaths,Georgia,Both,All ages,Liver cancer due to alcohol use,Rate,2000,1.4151446687914848,1.9403618444849866,0.9916464082384225
Deaths,Paraguay,Both,All ages,Cirrhosis due to alcohol,Rate,2010,3.271263375471225,4.136622318963118,2.583222356405398
Deaths,Bhutan,Both,All ages,Alcoholic cardiomyopathy,Rate,1990,0.04523745156738264,0.14081067054337232,0.009537689820315692
Deaths,Timor-Leste,Both,All ages,Cirrhosis due to alcohol,Rate,1990,2.1006346367182935,4.48612613171657,1.0210434447505472
Deaths,Iceland,Both,All ages,Alcohol use disorders,Rate,2000,2.301251143415085,2.453242076683955,2.150388129030794
Deaths,Israel,Both,All ages,Alcohol use disorders,Rate,2000,1.2408169015259929,1.2971813438436062,1.1803034588982513
Deaths,Georgia,Both,All ages,Alcoholic cardiomyopathy,Rate,1990,0.45630547464562154,0.635242380792054,0.3446261637269489
Deaths,Japan,Both,All ages,Alcohol use disorders,Rate,2000,0.4161544355782131,0.4269988245378375,0.4046744965421654
Deaths,Germany,Both,All ages,Alcohol use disorders,Rate,2000,7.31281150240392,7.5684530406542745,7.084053535493999
Deaths,American Samoa,Both,All ages,Cirrhosis due to alcohol,Rate,2000,1.2176942769289525,1.7061901687331833,0.7817392872003933
Deaths,Oman,Both,All ages,Liver cancer due to alcohol use,Rate,2010,0.1544207453933354,0.2278233322445811,0.09735964131979095
Deaths,Pakistan,Both,All ages,Alcoholic cardiomyopathy,Rate,1990,0.05614427738381846,0.16930592301871258,0.01268097228340775
Deaths,Iceland,Both,All ages,Cirrhosis due to alcohol,Rate,1990,1.40864486443196,1.678981065865299,1.1374062789005548
Deaths,Republic of Korea,Both,All ages,Alcohol use disorders,Rate,1990,2.454480492607282,2.685217269867707,2.0487059502671325
Deaths,Burkina Faso,Both,All ages,Liver cancer due to alcohol use,Rate,1990,2.594462900228095,5.118791219262749,1.1756205304465348
Deaths,Burkina Faso,Both,All ages,Alcohol use disorders,Rate,1990,0.9559014032082793,1.2811533082776292,0.6357816116588545
Deaths,Kazakhstan,Both,All ages,Cirrhosis due to alcohol,Rate,1990,5.172957428704654,6.267594053451138,4.039488811221783
Deaths,Libya,Both,All ages,Alcoholic cardiomyopathy,Rate,1990,0.02945135484536268,0.05756301209192357,0.004844736759008805
Deaths,Republic of Korea,Both,All ages,Liver cancer due to alcohol use,Rate,2000,3.180562672460115,4.36956901665914,2.2068618156909996
Deaths,Jamaica,Both,All ages,Alcohol use disorders,Rate,1990,0.21202550992183145,0.2253557827525338,0.19955382326335963
Deaths,Kenya,Both,All ages,Liver cancer due to alcohol use,Rate,1990,0.2182964308121252,0.34855630972303536,0.1472343181418541
Deaths,Saint Vincent and the Grenadines,Both,All ages,Alcoholic cardiomyopathy,Rate,1990,0.4181541638614974,0.4680204526306143,0.37774851423324846
Deaths,Mauritius,Both,All ages,Alcohol use disorders,Rate,1990,7.9827587871356105,8.50241237369303,7.539650671427949
Deaths,Mongolia,Both,All ages,Alcohol use disorders,Rate,1990,7.311842204308493,11.745551284911267,5.642639521487326
Deaths,Palestine,Both,All ages,Liver cancer due to alcohol use,Rate,2000,0.2763059280285073,0.43495047224024036,0.17669661486655835
Deaths,Montenegro,Both,All ages,Liver cancer due to alcohol use,Rate,2000,2.6442685372565484,3.6449674852675393,1.8245154268924884
Deaths,Montenegro,Both,All ages,Alcohol use disorders,Rate,2000,1.5577396947706277,1.842900777915966,1.2747541739996986
Deaths,Angola,Both,All ages,Liver cancer due to alcohol use,Rate,1990,0.7960750402629801,2.246033443236942,0.09232784039685003
Deaths,Bolivarian Republic of Venezuela,Both,All ages,Cirrhosis due to alcohol,Rate,2000,4.270193526948344,5.114349323977912,3.445452092137644
Deaths,Serbia,Both,All ages,Cirrhosis due to alcohol,Rate,2000,7.541049816824811,9.390259729974005,5.845732323953485
Deaths,Suriname,Both,All ages,Cirrhosis due to alcohol,Rate,1990,7.8761516579984425,9.63884681978116,6.165271468789931
Deaths,Rwanda,Both,All ages,Liver cancer due to alcohol use,Rate,2010,0.3835984878925338,0.6398600033439318,0.23126322232185456
Deaths,Malawi,Both,All ages,Alcohol use disorders,Rate,2000,1.276365297597475,1.5981627589322482,0.9328128258229569
Deaths,Australia,Both,All ages,Cirrhosis due to alcohol,Rate,2000,1.390456242040611,1.7570234488426892,1.0740427446217968
Deaths,Republic of Korea,Both,All ages,Alcoholic cardiomyopathy,Rate,1990,0.021879054708985712,0.03909511467749505,0.003465265378732478
Deaths,Guam,Both,All ages,Liver cancer due to alcohol use,Rate,1990,0.225065583804877,0.3281714060968248,0.1466513166818503
Deaths,India,Both,All ages,Cirrhosis due to alcohol,Rate,1990,5.318778608547396,6.724677734582329,4.1967821629084945
Deaths,Cook Islands,Both,All ages,Cirrhosis due to alcohol,Rate,2000,0.3622819178135352,0.5481717096195816,0.21620384295340692
Deaths,Slovenia,Both,All ages,Alcohol use disorders,Rate,2010,7.692232452890278,8.154054560157247,7.2092870284725095
Deaths,Philippines,Both,All ages,Cirrhosis due to alcohol,Rate,2000,2.295203029833183,2.9252076414910637,1.838021825730156
Deaths,Mongolia,Both,All ages,Cirrhosis due to alcohol,Rate,2010,13.122830456747009,16.50680770796618,9.904721261598041
Deaths,Kiribati,Both,All ages,Liver cancer due to alcohol use,Rate,1990,0.31539630636684785,0.488884704974308,0.19458183228765621
Deaths,Kiribati,Both,All ages,Alcohol use disorders,Rate,1990,0.39179805797940576,0.5090471093185945,0.263491201239276
Deaths,Morocco,Both,All ages,Alcoholic cardiomyopathy,Rate,2000,0.05525498779309291,0.12402452141775215,0.011687847708260125
Deaths,Azerbaijan,Both,All ages,Alcoholic cardiomyopathy,Rate,1990,0.34359184105075297,0.9419134371632762,0.038785666952122044
Deaths,Israel,Both,All ages,Liver cancer due to alcohol use,Rate,1990,0.517119321576047,0.7052927209783143,0.3677663984773843
Deaths,Angola,Both,All ages,Alcoholic cardiomyopathy,Rate,1990,0.0020143845846138193,0.010234888409101939,0.0003995041525026256
Deaths,South Africa,Both,All ages,Alcohol use disorders,Rate,1990,1.1511994879621728,1.4008199489950561,0.7725038878491475
Deaths,Tajikistan,Both,All ages,Cirrhosis due to alcohol,Rate,1990,5.857725507496449,7.474781432519431,4.3889375689272985
Deaths,Azerbaijan,Both,All ages,Alcoholic cardiomyopathy,Rate,2000,0.3897372134056543,1.1489157285218188,0.04164261695509302
Deaths,Kyrgyzstan,Both,All ages,Liver cancer due to alcohol use,Rate,2000,0.5024318160722083,0.689180873803705,0.3377238973319757
Deaths,Kyrgyzstan,Both,All ages,Alcohol use disorders,Rate,2000,8.53537277924432,9.438104630196547,7.741149400899887
Deaths,Singapore,Both,All ages,Cirrhosis due to alcohol,Rate,1990,0.7964500925340533,1.1147323446097057,0.5333607884318049
Deaths,Kazakhstan,Both,All ages,Alcoholic cardiomyopathy,Rate,1990,0.06503966653993956,0.11464996609561909,0.03386480717493502
Deaths,North Macedonia,Both,All ages,Cirrhosis due to alcohol,Rate,2000,5.118615737464026,6.329980631759332,4.006250271182042
Deaths,Nicaragua,Both,All ages,Cirrhosis due to alcohol,Rate,2000,4.504812605312697,5.530889269381027,3.5737308882475127
Deaths,Angola,Both,All ages,Alcohol use disorders,Rate,2010,0.9503208560675951,1.3041156208282396,0.6188246321265154
Deaths,Nepal,Both,All ages,Cirrhosis due to alcohol,Rate,2000,5.578548397094596,9.695150155128204,3.2941132397050987
Deaths,Japan,Both,All ages,Alcoholic cardiomyopathy,Rate,2000,0.47453112986031826,0.49469381302301424,0.4522347846681176
Deaths,Republic of Korea,Both,All ages,Cirrhosis due to alcohol,Rate,2010,8.031274833961287,9.870232085944071,6.590766488959316
Deaths,Timor-Leste,Both,All ages,Alcoholic cardiomyopathy,Rate,2010,0.03334810714712632,0.07936724717942477,0.005704655395589521
Deaths,Japan,Both,All ages,Alcoholic cardiomyopathy,Rate,1990,0.521637930098223,0.5700260206872105,0.48281852400342085
Deaths,Canada,Both,All ages,Cirrhosis due to alcohol,Rate,2010,1.9623943134178121,2.616218467732421,1.3570717565942056
Deaths,Jamaica,Both,All ages,Cirrhosis due to alcohol,Rate,2000,2.257785640260358,2.670529249166223,1.8314008110164735
Deaths,Socialist Republic of Viet Nam,Both,All ages,Alcohol use disorders,Rate,1990,0.6008109716812937,0.7904450431271519,0.29430542941860005
Deaths,Romania,Both,All ages,Alcoholic cardiomyopathy,Rate,2010,3.4882919805451755,3.891346162830894,3.1015996726692827
Deaths,Libya,Both,All ages,Alcohol use disorders,Rate,2000,0.13178832531743648,0.16117114746426528,0.06033248048023968
Deaths,Ethiopia,Both,All ages,Liver cancer due to alcohol use,Rate,2000,0.1961060254452032,0.3202822276146815,0.13607619181765382
Deaths,Ethiopia,Both,All ages,Alcohol use disorders,Rate,2000,1.0069699425002379,1.3348863233633357,0.7288199115325737
Deaths,Suriname,Both,All ages,Liver cancer due to alcohol use,Rate,1990,0.4669197817839951,0.6349699516052619,0.3218690373809073
Deaths,Suriname,Both,All ages,Alcohol use disorders,Rate,1990,1.5880881005482397,1.9020118874971395,1.1480470821567654
Deaths,Socialist Republic of Viet Nam,Both,All ages,Liver cancer due to alcohol use,Rate,1990,1.533815489448759,2.359922455259629,0.9680737769357476
Deaths,Kyrgyzstan,Both,All ages,Alcoholic cardiomyopathy,Rate,2000,3.0213724142304526,3.41439567078239,2.648075723749414
Deaths,Slovenia,Both,All ages,Liver cancer due to alcohol use,Rate,1990,2.1952877799399655,2.736136859613683,1.7012240982277222
Deaths,Panama,Both,All ages,Liver cancer due to alcohol use,Rate,2000,0.3949672683713846,0.49696194669605964,0.2945048893471908
Deaths,Panama,Both,All ages,Alcohol use disorders,Rate,2000,0.8765664223596996,0.9329301877298976,0.8283886075739094
Deaths,Israel,Both,All ages,Alcoholic cardiomyopathy,Rate,1990,0.08668588197108965,0.09850982285306768,0.07464582252155524
Deaths,Ethiopia,Both,All ages,Alcoholic cardiomyopathy,Rate,2000,0.0006585391079504627,0.00377363194326574,8.77354062032239e-05
Deaths,Fiji,Both,All ages,Liver cancer due to alcohol use,Rate,2000,0.236256001607931,0.3508088411424851,0.1559358077196686
Deaths,Taiwan (Province of China),Both,All ages,Liver cancer due to alcohol use,Rate,1990,0.4718689375816609,0.6877840282598879,0.3230982426284881
Deaths,Kiribati,Both,All ages,Alcoholic cardiomyopathy,Rate,1990,0.08917296379831478,0.160912325192729,0.021269042608806053
Deaths,Suriname,Both,All ages,Liver cancer due to alcohol use,Rate,2010,0.6139616619950905,0.8445617611388381,0.4461183916315797
Deaths,Suriname,Both,All ages,Alcohol use disorders,Rate,2010,2.3214404661167363,2.8097031484659207,1.5126752148275406
Deaths,Malta,Both,All ages,Liver cancer due to alcohol use,Rate,1990,0.7224254561304871,0.9645560257576512,0.5233416770399946
Deaths,Germany,Both,All ages,Alcoholic cardiomyopathy,Rate,2000,6.330779692821502,6.716375039583064,5.929010417410714
Deaths,Italy,Both,All ages,Cirrhosis due to alcohol,Rate,2000,6.280046679759631,7.017771868464957,5.628762650829127
Deaths,Oman,Both,All ages,Alcohol use disorders,Rate,2000,0.16880935266370892,0.2249452315208431,0.12110108152634061
Deaths,Mauritius,Both,All ages,Liver cancer due to alcohol use,Rate,2010,0.26831975342997777,0.36131331999470223,0.19329079271401203
Deaths,Central African Republic,Both,All ages,Alcohol use disorders,Rate,1990,1.5826824225474019,2.2230341057466516,0.9113075849673511
Deaths,Panama,Both,All ages,Alcoholic cardiomyopathy,Rate,2000,0.12681585156812875,0.14419830393706234,0.11138999258164613
Deaths,Georgia,Both,All ages,Cirrhosis due to alcohol,Rate,1990,11.343147812594678,13.698576011699181,8.89513527844971
Deaths,Qatar,Both,All ages,Alcohol use disorders,Rate,2010,0.10639370285495289,0.14468399329963716,0.07726148772173266
Deaths,Mauritius,Both,All ages,Liver cancer due to alcohol use,Rate,1990,0.5765948183079943,0.7826502199494721,0.4069696762781448
Deaths,Serbia,Both,All ages,Alcohol use disorders,Rate,2010,4.760098448012324,5.334152284927733,3.767802142580552
Deaths,Netherlands,Both,All ages,Liver cancer due to alcohol use,Rate,2010,1.5325611265602703,1.8692359219067296,1.199559927088229
Deaths,Georgia,Both,All ages,Cirrhosis due to alcohol,Rate,2000,13.422892624644025,16.51385220251903,10.60438482886715
Deaths,Suriname,Both,All ages,Alcoholic cardiomyopathy,Rate,2010,0.6194073051432769,0.9706849890120695,0.12817172824792356
Deaths,Greenland,Both,All ages,Alcohol use disorders,Rate,1990,17.710491376075154,21.560356656386997,14.463568599246715
Deaths,Jamaica,Both,All ages,Alcoholic cardiomyopathy,Rate,1990,0.42559510977534454,0.566949516194549,0.3377649381113856
Deaths,Kenya,Both,All ages,Alcoholic cardiomyopathy,Rate,1990,0.0004443008828809173,0.002850986648077339,9.293829466288866e-05
Deaths,Luxembourg,Both,All ages,Alcoholic cardiomyopathy,Rate,2010,1.1435170920827515,1.2709672286696485,1.0264231300457245
Deaths,Kingdom of Eswatini,Both,All ages,Cirrhosis due to alcohol,Rate,1990,2.895205364736788,4.752018658914705,1.683375448403193
Deaths,Thailand,Both,All ages,Alcohol use disorders,Rate,2000,1.5616730055354984,2.161447714222504,1.036168916711416
Deaths,Morocco,Both,All ages,Alcohol use disorders,Rate,1990,0.15462018181151402,0.20358933277921573,0.07178343468391056
Deaths,Qatar,Both,All ages,Alcoholic cardiomyopathy,Rate,2010,0.01949557583424282,0.0509098976728809,0.003773708974056429
Deaths,Iceland,Both,All ages,Alcoholic cardiomyopathy,Rate,2000,0.4722238758244164,0.5246277745073475,0.41907987863823837
Deaths,Montenegro,Both,All ages,Alcoholic cardiomyopathy,Rate,2000,5.71125846053605,9.519254453222096,1.7952141279487686
Deaths,Mauritius,Both,All ages,Cirrhosis due to alcohol,Rate,1990,4.877168354368574,6.524319418010646,3.40823047548279
Deaths,Kazakhstan,Both,All ages,Liver cancer due to alcohol use,Rate,2000,2.915370714818193,3.8323883415639948,2.088799371120727
Deaths,Kazakhstan,Both,All ages,Alcohol use disorders,Rate,2000,15.833780202387816,18.174928067776143,13.674029386833563
Deaths,Turkey,Both,All ages,Cirrhosis due to alcohol,Rate,2010,0.3663299942123387,0.5401523366309583,0.2341356245270809
Deaths,Madagascar,Both,All ages,Alcohol use disorders,Rate,1990,1.1132151870718276,1.5091849902271266,0.8321495045199734
Deaths,Niger,Both,All ages,Liver cancer due to alcohol use,Rate,1990,1.0941863609211424,1.9905510873893801,0.47421195013473955
Deaths,Uruguay,Both,All ages,Liver cancer due to alcohol use,Rate,2000,0.4538470336801618,0.5945548430609157,0.3223544458118611
Deaths,Pakistan,Both,All ages,Liver cancer due to alcohol use,Rate,2000,0.2862667372828474,0.3980906889542446,0.2089119820400763
Deaths,Pakistan,Both,All ages,Alcohol use disorders,Rate,2000,0.41208645795609467,0.5362595810952735,0.021921986565751995
Deaths,Bolivarian Republic of Venezuela,Both,All ages,Liver cancer due to alcohol use,Rate,1990,0.9026289979840962,1.1231350150630877,0.6813563747810307
Deaths,Republic of Korea,Both,All ages,Cirrhosis due to alcohol,Rate,1990,13.432444466382167,16.00773971692631,10.481304214747247
Deaths,China,Both,All ages,Liver cancer due to alcohol use,Rate,1990,0.643840059267984,0.8225682561506967,0.4979366443243189
Deaths,Cameroon,Both,All ages,Liver cancer due to alcohol use,Rate,1990,1.457196899789165,2.4296947377292244,0.8909402853239754
Deaths,Mauritius,Both,All ages,Cirrhosis due to alcohol,Rate,2000,5.603592403476815,7.497460166139076,4.01984669021097
Deaths,Bolivarian Republic of Venezuela,Both,All ages,Alcoholic cardiomyopathy,Rate,1990,0.5298516234591507,0.6161804620489069,0.466614052873815
Deaths,Uruguay,Both,All ages,Cirrhosis due to alcohol,Rate,2000,4.1065661020228035,5.199739754909702,3.034595351130966
Deaths,Marshall Islands,Both,All ages,Cirrhosis due to alcohol,Rate,1990,2.090392063127685,3.169541892553171,1.1916384695653608
Deaths,Slovenia,Both,All ages,Alcoholic cardiomyopathy,Rate,2010,3.512876913930575,4.243286657287973,2.9128432184205484
Deaths,New Zealand,Both,All ages,Cirrhosis due to alcohol,Rate,2000,0.7940324700151732,0.8999916709124952,0.704797989998917
Deaths,American Samoa,Both,All ages,Alcohol use disorders,Rate,1990,0.9754050070720077,1.240840729924079,0.5672290607256645
Deaths,Mauritius,Both,All ages,Alcoholic cardiomyopathy,Rate,1990,0.21921188576590647,0.24323754410545917,0.19387449436363877
Deaths,Fiji,Both,All ages,Alcohol use disorders,Rate,2010,0.0999249390108921,0.12740733001525842,0.061243121899773295
Deaths,Kazakhstan,Both,All ages,Alcoholic cardiomyopathy,Rate,2000,0.296949540086335,0.6167084726080656,0.14123532422187432
Deaths,Oman,Both,All ages,Alcoholic cardiomyopathy,Rate,2000,0.0064048065819321265,0.012269115994201328,0.000958621932773499
Deaths,Republic of Korea,Both,All ages,Liver cancer due to alcohol use,Rate,1990,3.0989646784958165,4.475095735718258,1.9493445505294715
Deaths,Morocco,Both,All ages,Cirrhosis due to alcohol,Rate,2000,0.4523133924133687,0.7195472461595661,0.2676929921762423
Deaths,Kyrgyzstan,Both,All ages,Cirrhosis due to alcohol,Rate,1990,8.514301388476236,10.587961997601594,6.563491856338336
Deaths,Mozambique,Both,All ages,Cirrhosis due to alcohol,Rate,1990,1.9023876043766335,2.8608046052598337,1.2094379749844957
Deaths,Brazil,Both,All ages,Liver cancer due to alcohol use,Rate,2000,0.34092620176821503,0.3837069449993007,0.3018258080297747
Deaths,Slovakia,Both,All ages,Liver cancer due to alcohol use,Rate,1990,2.7772813079988534,3.7406425139140627,2.041518592552987
Deaths,South Sudan,Both,All ages,Cirrhosis due to alcohol,Rate,1990,4.353946322897652,7.370512824610645,2.4107414810667733
Deaths,Slovenia,Both,All ages,Liver cancer due to alcohol use,Rate,2000,2.317604506629715,2.9035130220728336,1.754059808329573
Deaths,Canada,Both,All ages,Cirrhosis due to alcohol,Rate,1990,1.806798263496688,2.4542560139119187,1.2285621167503358
Deaths,Greece,Both,All ages,Cirrhosis due to alcohol,Rate,2000,4.5922151072197295,5.465544175679391,3.7750826374443047
Deaths,United States Virgin Islands,Both,All ages,Alcohol use disorders,Rate,2000,8.189480850681536,10.355016961661972,6.200430013358331
Deaths,Bolivarian Republic of Venezuela,Both,All ages,Alcohol use disorders,Rate,1990,1.18331010911949,1.2365098938040415,1.128093071744762
Deaths,Canada,Both,All ages,Liver cancer due to alcohol use,Rate,1990,1.1803156388234288,1.4111449685108584,0.9782971579383393
Deaths,Brazil,Both,All ages,Liver cancer due to alcohol use,Rate,1990,0.2992736308201645,0.33800633538232416,0.2623238909088778
Deaths,Brazil,Both,All ages,Alcohol use disorders,Rate,1990,2.869374809318303,2.935802354003881,2.8023442888128174
Deaths,Kiribati,Both,All ages,Liver cancer due to alcohol use,Rate,2000,0.3519824109444349,0.5183528235894348,0.23099045480030866
Deaths,Kiribati,Both,All ages,Alcohol use disorders,Rate,2000,0.3998702221543396,0.5151359434061263,0.2792959447613548
Deaths,Central African Republic,Both,All ages,Cirrhosis due to alcohol,Rate,2010,5.906005441076511,8.677633158485175,3.5550540391530254
Deaths,Kenya,Both,All ages,Cirrhosis due to alcohol,Rate,2000,3.2162231145660076,5.3213881572131765,2.1086550630032024
Deaths,Seychelles,Both,All ages,Liver cancer due to alcohol use,Rate,2010,0.8544190142744744,1.1810859752025618,0.5892327238368112
Deaths,Mongolia,Both,All ages,Liver cancer due to alcohol use,Rate,2010,10.452815808958539,16.08440444212839,6.381424966733044
Deaths,Socialist Republic of Viet Nam,Both,All ages,Alcohol use disorders,Rate,2010,0.8698523845667611,1.1365042198768445,0.43297586688117895
Deaths,Uruguay,Both,All ages,Alcoholic cardiomyopathy,Rate,2000,3.6331822878371782,3.8825585101991393,3.349605688357464
Deaths,Marshall Islands,Both,All ages,Alcohol use disorders,Rate,1990,0.8128988386141809,1.1431585653396938,0.45713997857473004
Deaths,Australia,Both,All ages,Cirrhosis due to alcohol,Rate,1990,1.6533718051449557,2.1088763136598776,1.2481080346902174
Deaths,Cameroon,Both,All ages,Alcoholic cardiomyopathy,Rate,1990,0.057435092934602,0.14060894641267646,0.005721963374924254
Deaths,United States of America,Both,All ages,Liver cancer due to alcohol use,Rate,2000,1.0263285525771868,1.1263126665907455,0.9383461582462355
Deaths,Cook Islands,Both,All ages,Liver cancer due to alcohol use,Rate,2000,1.147082371236388,1.691720157271341,0.7653341954524036
Deaths,Central African Republic,Both,All ages,Alcoholic cardiomyopathy,Rate,1990,0.0022155721480523537,0.009029055442120522,0.0004908714092708212
Deaths,Oman,Both,All ages,Liver cancer due to alcohol use,Rate,1990,0.10063509975983727,0.18140658052822434,0.05661283610677762
Deaths,Pakistan,Both,All ages,Alcoholic cardiomyopathy,Rate,2000,0.06498880836316048,0.17933667419759777,0.014521839729327572
Deaths,Saudi Arabia,Both,All ages,Cirrhosis due to alcohol,Rate,2010,0.5853072651227399,0.8474468471093021,0.374654134147739
Deaths,United States Virgin Islands,Both,All ages,Alcoholic cardiomyopathy,Rate,2000,1.3127835663218788,2.6929946172856267,0.524771579880298
Deaths,Kenya,Both,All ages,Alcohol use disorders,Rate,2000,0.7269571505103325,0.9889122865572386,0.5561686229296356
Deaths,Palestine,Both,All ages,Cirrhosis due to alcohol,Rate,1990,0.5188934166409878,0.9941161388301764,0.26012034272747825
Deaths,Italy,Both,All ages,Liver cancer due to alcohol use,Rate,1990,2.9593041419736785,3.3685270928159436,2.608621708284209
Deaths,Qatar,Both,All ages,Cirrhosis due to alcohol,Rate,2000,0.5784245138609599,0.9052644657869834,0.34457174320430534
Deaths,Mongolia,Both,All ages,Alcohol use disorders,Rate,2000,9.539178390235904,14.182768761454916,7.211652745207656
Deaths,Uzbekistan,Both,All ages,Liver cancer due to alcohol use,Rate,1990,0.3602315132459634,0.5355377510581923,0.2408626320246057
Deaths,Kiribati,Both,All ages,Alcoholic cardiomyopathy,Rate,2000,0.09998686724495037,0.18101218642989314,0.022258657357360923
Deaths,Malawi,Both,All ages,Cirrhosis due to alcohol,Rate,1990,4.1369700144931185,6.208165478965979,2.6634940097336224
Deaths,Republic of Korea,Both,All ages,Cirrhosis due to alcohol,Rate,2000,10.726364400084577,12.575074016769515,8.96094356369516
Deaths,Zimbabwe,Both,All ages,Liver cancer due to alcohol use,Rate,2000,1.4143193768360893,2.0285237715682167,0.9474366074542853
Deaths,Greenland,Both,All ages,Alcoholic cardiomyopathy,Rate,1990,0.7482341207836172,1.4990629682630503,0.16450055932385194
Deaths,Netherlands,Both,All ages,Alcohol use disorders,Rate,1990,1.215234145575153,1.2688289438576037,1.1653100455855028
Deaths,Tunisia,Both,All ages,Liver cancer due to alcohol use,Rate,1990,0.12587910807842217,0.20407182067943078,0.07871835528349777
Deaths,Plurinational State of Bolivia,Both,All ages,Alcohol use disorders,Rate,2010,2.2996580602109398,3.1736890980143637,1.4644263132852833
Deaths,Timor-Leste,Both,All ages,Cirrhosis due to alcohol,Rate,2000,2.1688227583139343,4.7386293813272315,1.0230540285219554
Deaths,Congo,Both,All ages,Cirrhosis due to alcohol,Rate,1990,6.177580422826246,8.825565960922798,4.0347599853186695
Deaths,Poland,Both,All ages,Cirrhosis due to alcohol,Rate,2000,6.758413481092212,7.457876332542716,6.076547364823985
Deaths,Seychelles,Both,All ages,Alcohol use disorders,Rate,2010,0.6164260572702902,0.7177224511640491,0.4566352123828162
Deaths,Fiji,Both,All ages,Alcoholic cardiomyopathy,Rate,2010,0.010646129905472352,0.017956054126728176,0.0017124648759872928
Deaths,Kyrgyzstan,Both,All ages,Cirrhosis due to alcohol,Rate,2000,12.036687297056767,14.770690646123008,9.40410803322221
Deaths,Ireland,Both,All ages,Cirrhosis due to alcohol,Rate,2000,2.8463928683147137,3.3690543822335326,2.353142715600907
Deaths,Brazil,Both,All ages,Alcoholic cardiomyopathy,Rate,1990,1.1682475927436253,1.292146516182408,1.0798820472595076
Deaths,Socialist Republic of Viet Nam,Both,All ages,Alcoholic cardiomyopathy,Rate,1990,0.033539471626977235,0.06359795263937303,0.006534234508836541
Deaths,Sao Tome and Principe,Both,All ages,Liver cancer due to alcohol use,Rate,2000,0.31168911130597227,0.4538960694571257,0.2020237347100346
Deaths,Republic of Cabo Verde,Both,All ages,Alcohol use disorders,Rate,1990,0.5782180315172212,0.8494207928262787,0.3642430098375384
Deaths,Seychelles,Both,All ages,Alcoholic cardiomyopathy,Rate,2010,0.048599954159395636,0.08387076198807632,0.0070656954117154554
Deaths,Belarus,Both,All ages,Cirrhosis due to alcohol,Rate,1990,3.3186880624528707,4.045820873504394,2.5941038788381805
Deaths,Plurinational State of Bolivia,Both,All ages,Liver cancer due to alcohol use,Rate,2000,0.4530333538472608,0.7002197379983317,0.2904092533453536
Deaths,Paraguay,Both,All ages,Alcohol use disorders,Rate,2000,2.13649808169254,2.629757665114788,1.623000478218757
Deaths,Tunisia,Both,All ages,Alcoholic cardiomyopathy,Rate,1990,0.051746585045287834,0.09997622891883971,0.007780739923149725
Deaths,Marshall Islands,Both,All ages,Cirrhosis due to alcohol,Rate,2000,2.231274625059114,3.3424351115930366,1.356419090518568
Deaths,Saint Lucia,Both,All ages,Alcohol use disorders,Rate,2000,3.5745490377692186,3.843904606573846,3.3384786428892106
Deaths,Angola,Both,All ages,Alcohol use disorders,Rate,1990,1.2385799561961783,1.6940766366017623,0.7237649827575788
Deaths,Democratic People's Republic of Korea,Both,All ages,Liver cancer due to alcohol use,Rate,2010,0.642068226036683,1.0571412101180186,0.3729828604600954
Deaths,Guam,Both,All ages,Liver cancer due to alcohol use,Rate,2000,0.32872977042266854,0.47035697820440253,0.22391744603865293
Deaths,Italy,Both,All ages,Alcohol use disorders,Rate,1990,0.6720974298139707,0.6887435938932989,0.6549226748784025
Deaths,Poland,Both,All ages,Alcohol use disorders,Rate,2000,8.110240846837018,8.276544931725283,7.955820833470428
Deaths,South Sudan,Both,All ages,Alcohol use disorders,Rate,1990,1.1958558536611692,1.790465647546486,0.7848545707845818
Deaths,Tajikistan,Both,All ages,Liver cancer due to alcohol use,Rate,1990,0.5360317132658114,0.8941279814507652,0.31695675792747857
Deaths,Romania,Both,All ages,Liver cancer due to alcohol use,Rate,1990,0.6403486387524634,0.8059868677939824,0.47022796833254776
Deaths,Saint Lucia,Both,All ages,Cirrhosis due to alcohol,Rate,1990,7.497916803255069,8.946250225248306,6.074993768749164
Deaths,Sao Tome and Principe,Both,All ages,Alcoholic cardiomyopathy,Rate,2000,0.04113482857879022,0.09058267657229073,0.004831374552491824
Deaths,Saint Lucia,Both,All ages,Alcoholic cardiomyopathy,Rate,2000,1.434307487610409,1.5858405632344168,1.3026075737336273
Deaths,Ecuador,Both,All ages,Cirrhosis due to alcohol,Rate,2010,7.965779412125532,9.630289104343943,6.336665249422134
Deaths,China,Both,All ages,Alcohol use disorders,Rate,1990,0.8228889933371349,1.0501733753384979,0.6536956080912605
Deaths,Kiribati,Both,All ages,Cirrhosis due to alcohol,Rate,2010,2.4092057742883224,3.7554074756157725,1.3807250995560696
Deaths,Singapore,Both,All ages,Alcohol use disorders,Rate,2000,0.08441185260678388,0.08947067496592598,0.07956971877091734
Deaths,Burkina Faso,Both,All ages,Alcoholic cardiomyopathy,Rate,1990,0.08241289815521902,0.20677746224622984,0.008461624065252676
Deaths,Trinidad and Tobago,Both,All ages,Cirrhosis due to alcohol,Rate,2010,4.179873324612835,4.976701269833943,3.33847535681509
Deaths,Mozambique,Both,All ages,Alcohol use disorders,Rate,1990,1.3624025494513614,1.8255473585795123,0.9528954354078392
Deaths,Democratic Republic of the Congo,Both,All ages,Liver cancer due to alcohol use,Rate,2010,0.160815634373265,0.3858018532676046,0.06449677336667274
Deaths,Saint Vincent and the Grenadines,Both,All ages,Cirrhosis due to alcohol,Rate,2000,4.127551902401461,4.9541749008285585,3.3596562178043308
Deaths,Mozambique,Both,All ages,Alcohol use disorders,Rate,2010,1.4704729072798086,1.8772258959926746,1.0064366359940624
Deaths,Malta,Both,All ages,Alcohol use disorders,Rate,2010,0.5759674674222062,0.623937232962292,0.5316403864211032
Deaths,Central African Republic,Both,All ages,Cirrhosis due to alcohol,Rate,1990,7.163106343201453,10.70973937452732,4.14067609033317
Deaths,Socialist Republic of Viet Nam,Both,All ages,Alcoholic cardiomyopathy,Rate,2010,0.05209373282181762,0.10142576902904143,0.008914051348555148
Deaths,Taiwan (Province of China),Both,All ages,Alcohol use disorders,Rate,2010,1.3500697199763108,1.4106580460418001,1.2917217996157129
Deaths,United States Virgin Islands,Both,All ages,Liver cancer due to alcohol use,Rate,1990,0.451585434043906,0.6658067284920578,0.29418170345215233
Deaths,Suriname,Both,All ages,Alcoholic cardiomyopathy,Rate,1990,0.23164750125513556,0.5168664815771802,0.07946390348798277
Deaths,Bolivarian Republic of Venezuela,Both,All ages,Alcohol use disorders,Rate,2000,0.7952321621094997,0.8313602116760117,0.7602273218405876
Deaths,Paraguay,Both,All ages,Liver cancer due to alcohol use,Rate,2010,0.6578075234540682,0.8692916653977882,0.46400069855788106
Deaths,Romania,Both,All ages,Alcoholic cardiomyopathy,Rate,1990,3.059540034797326,3.997239335825044,2.4290640802190593
Deaths,Niger,Both,All ages,Alcohol use disorders,Rate,2000,0.6460259543185409,0.9976663723436268,0.39677260354536487
Deaths,Paraguay,Both,All ages,Cirrhosis due to alcohol,Rate,1990,2.1711563111169108,2.6649505277089456,1.6546155453512659
Deaths,Rwanda,Both,All ages,Liver cancer due to alcohol use,Rate,1990,0.6735276803494512,1.0883807616143515,0.38292067509039324
Deaths,Turkmenistan,Both,All ages,Liver cancer due to alcohol use,Rate,2010,0.7692139491500748,1.0382685818021176,0.544000784212936
Deaths,Italy,Both,All ages,Alcoholic cardiomyopathy,Rate,1990,0.23789161063436395,0.25164879930871153,0.21809837557995843
Deaths,Fiji,Both,All ages,Cirrhosis due to alcohol,Rate,1990,0.9503810180735406,1.472618824946307,0.5715330229116146
Deaths,Tajikistan,Both,All ages,Alcoholic cardiomyopathy,Rate,1990,0.000656013627964012,0.0014733839420381762,4.003861828627317e-05
Deaths,Brazil,Both,All ages,Cirrhosis due to alcohol,Rate,1990,4.7828795294514785,5.159792469548857,4.387296048915517
Deaths,Serbia,Both,All ages,Liver cancer due to alcohol use,Rate,1990,1.8300334387051689,2.587795513008406,1.1979215908826673
Deaths,Saint Vincent and the Grenadines,Both,All ages,Liver cancer due to alcohol use,Rate,2000,0.7150765227759913,0.9171610310616798,0.5411195438505846
Deaths,Sierra Leone,Both,All ages,Liver cancer due to alcohol use,Rate,1990,1.9702970770730381,3.615682326016776,0.6725633711404307
Deaths,Mozambique,Both,All ages,Alcoholic cardiomyopathy,Rate,1990,0.0007965254035294908,0.0047660279500212925,0.00016437635325304114
Deaths,Guam,Both,All ages,Cirrhosis due to alcohol,Rate,1990,2.34888391283143,3.316545658475202,1.5200165775340606
Deaths,Slovakia,Both,All ages,Cirrhosis due to alcohol,Rate,2010,13.96347910580126,16.908305665888197,11.020063961399126
Deaths,Greenland,Both,All ages,Alcohol use disorders,Rate,2000,19.48825459506538,22.95876778479541,15.952687518355315
Deaths,Palestine,Both,All ages,Alcohol use disorders,Rate,2000,0.004376002367414422,0.005554376509591611,0.0025042389878275517
Deaths,Mozambique,Both,All ages,Alcoholic cardiomyopathy,Rate,2010,0.0008085204383845804,0.004813677660705286,0.00017546833540117306
Deaths,Andorra,Both,All ages,Liver cancer due to alcohol use,Rate,2000,5.0014514958427885,7.168491005051006,3.308294496914572
Deaths,Tajikistan,Both,All ages,Cirrhosis due to alcohol,Rate,2000,6.097446535474099,7.795503670071611,4.526003857249397
Deaths,Principality of Monaco,Both,All ages,Alcohol use disorders,Rate,1990,0.28258818505277034,0.37676339655214736,0.19731614628703067
Deaths,Malta,Both,All ages,Liver cancer due to alcohol use,Rate,2000,0.9530298855044667,1.247733584800328,0.6921492033124304
Deaths,Mongolia,Both,All ages,Alcoholic cardiomyopathy,Rate,2010,2.86140862754288,4.8493573389562865,1.4742199871592792
Deaths,Serbia,Both,All ages,Alcohol use disorders,Rate,1990,4.393497294464528,5.570928145168818,3.446961663499242
Deaths,Marshall Islands,Both,All ages,Alcohol use disorders,Rate,2000,0.9566278624923966,1.424045422568248,0.5543990564412359
Deaths,Netherlands,Both,All ages,Alcoholic cardiomyopathy,Rate,1990,2.2478668049806996,2.443601642876729,2.048373765609189
Deaths,China,Both,All ages,Alcoholic cardiomyopathy,Rate,1990,0.040513657394556646,0.09391505237467392,0.014443984523679568
Deaths,Niger,Both,All ages,Alcoholic cardiomyopathy,Rate,2000,0.03891515624924119,0.10884532738733511,0.003953430587286007
Deaths,Trinidad and Tobago,Both,All ages,Alcohol use disorders,Rate,2010,1.9289117663268596,2.0571086790876727,1.8139618313715418
Deaths,Democratic People's Republic of Korea,Both,All ages,Alcohol use disorders,Rate,1990,0.8325232060441854,1.2152028154040788,0.5378123118520048
Deaths,Nigeria,Both,All ages,Liver cancer due to alcohol use,Rate,1990,0.4511517697281813,0.8468800535041368,0.1982600777373412
Deaths,Nigeria,Both,All ages,Alcohol use disorders,Rate,1990,0.8432033557834805,1.2086867923056746,0.5255277921000353
Deaths,Luxembourg,Both,All ages,Cirrhosis due to alcohol,Rate,1990,11.1792839568642,13.076093806460255,9.19411818139104
Deaths,Nigeria,Both,All ages,Alcoholic cardiomyopathy,Rate,1990,0.07728510898028068,0.15732310646784323,0.00865945187823138
Deaths,Canada,Both,All ages,Alcohol use disorders,Rate,1990,2.664798296428585,2.7651805054723337,2.5643291088604094
Deaths,Turkmenistan,Both,All ages,Alcohol use disorders,Rate,1990,2.7974360818539417,3.1285377085774644,2.502430687324492
Deaths,Canada,Both,All ages,Cirrhosis due to alcohol,Rate,2000,1.7500304396333228,2.3238320211802312,1.1957380915044473
Deaths,Turkmenistan,Both,All ages,Alcoholic cardiomyopathy,Rate,1990,0.5750427042156515,0.8520330399886776,0.37346085865841994
Deaths,New Zealand,Both,All ages,Cirrhosis due to alcohol,Rate,1990,0.9205718994218074,1.04672572458042,0.8142635190304292
Deaths,Paraguay,Both,All ages,Alcoholic cardiomyopathy,Rate,2000,0.13411469244025204,0.20708399943360598,0.022006155469533866
Deaths,Sao Tome and Principe,Both,All ages,Cirrhosis due to alcohol,Rate,1990,7.041375560749838,10.179081824975022,4.5486446878662985
Deaths,Turkey,Both,All ages,Alcohol use disorders,Rate,1990,0.2317859736228981,0.33940315422199724,0.14060612966934094
Deaths,Senegal,Both,All ages,Alcohol use disorders,Rate,2000,0.6455359225726464,0.8972073523538432,0.36175146931759766
Deaths,Federated States of Micronesia,Both,All ages,Cirrhosis due to alcohol,Rate,1990,2.3380305209632257,3.550383537122152,1.4382873947276154
Deaths,Plurinational State of Bolivia,Both,All ages,Liver cancer due to alcohol use,Rate,1990,0.4152421844684788,0.6345718822345163,0.25584809602669056
Deaths,Paraguay,Both,All ages,Alcohol use disorders,Rate,1990,1.5168425945793247,2.004584563950613,1.1940852031465423
Deaths,Democratic People's Republic of Korea,Both,All ages,Alcoholic cardiomyopathy,Rate,1990,0.11739262078383995,0.238960349989458,0.04466925381266062
Deaths,Bermuda,Both,All ages,Cirrhosis due to alcohol,Rate,1990,7.009415664224428,8.326829180696306,5.700628252744246
Deaths,Mozambique,Both,All ages,Liver cancer due to alcohol use,Rate,1990,1.4851587225433522,2.5226927143792923,0.8011422292271423
Deaths,Rwanda,Both,All ages,Cirrhosis due to alcohol,Rate,2010,3.44626873731775,5.251701073192084,2.156501969944383
Deaths,Sao Tome and Principe,Both,All ages,Alcohol use disorders,Rate,1990,0.6432048603727792,0.8452256451188539,0.3729988195072707
Deaths,Uzbekistan,Both,All ages,Cirrhosis due to alcohol,Rate,1990,6.841572529551602,8.401895521690639,5.240194575747531
Deaths,Serbia,Both,All ages,Alcoholic cardiomyopathy,Rate,1990,3.5784990168172213,5.817686242435701,1.3022078949123796
Deaths,Luxembourg,Both,All ages,Alcohol use disorders,Rate,1990,4.53978591892021,4.800133999371985,4.30395607180475
Deaths,Taiwan (Province of China),Both,All ages,Cirrhosis due to alcohol,Rate,1990,5.330932772042545,6.779118721636712,4.079612128664599
Deaths,Greenland,Both,All ages,Alcoholic cardiomyopathy,Rate,2000,0.8813731606992824,1.5995124030515095,0.16843591484149065
Deaths,Taiwan (Province of China),Both,All ages,Alcoholic cardiomyopathy,Rate,2010,0.3496292151149546,0.3823917786226998,0.3189509111898587
Deaths,China,Both,All ages,Alcohol use disorders,Rate,2010,1.5013359344588955,1.730845981948834,0.8223384571445468
Deaths,Benin,Both,All ages,Liver cancer due to alcohol use,Rate,1990,1.4216870292596615,2.324121062719018,0.6952287780819112
Deaths,Benin,Both,All ages,Alcohol use disorders,Rate,1990,0.7234452499472565,1.0194094135286755,0.4827026301150155
Deaths,Plurinational State of Bolivia,Both,All ages,Alcoholic cardiomyopathy,Rate,2000,0.007310524195719664,0.014755763097057457,0.00047222842626457485
Deaths,Cambodia,Both,All ages,Cirrhosis due to alcohol,Rate,1990,7.65718083936862,12.016076203147758,4.533911437252295
Deaths,Rwanda,Both,All ages,Cirrhosis due to alcohol,Rate,1990,5.696997532881015,8.099964450081703,3.710553960096953
Deaths,Chad,Both,All ages,Cirrhosis due to alcohol,Rate,1990,4.21487348580478,6.876047144006324,2.413368941910472
Deaths,Antigua and Barbuda,Both,All ages,Cirrhosis due to alcohol,Rate,2010,4.244080045770523,5.064801304079869,3.400866597298213
Deaths,United States of America,Both,All ages,Alcohol use disorders,Rate,1990,2.855285637122891,2.902157422785712,2.8029305649921143
Deaths,Norway,Both,All ages,Cirrhosis due to alcohol,Rate,1990,2.8353431194066245,3.095324852178528,2.5937380901878777
Deaths,Malta,Both,All ages,Alcoholic cardiomyopathy,Rate,2010,0.4771712033612053,0.5447594779178452,0.4214675687128335
Deaths,Algeria,Both,All ages,Liver cancer due to alcohol use,Rate,2010,0.08723258771768756,0.12717882659822308,0.055892704725160176
Deaths,Singapore,Both,All ages,Alcohol use disorders,Rate,1990,0.07230899579883975,0.075981886768927,0.06890560179094286
Deaths,Central African Republic,Both,All ages,Liver cancer due to alcohol use,Rate,2010,0.503215524832845,1.0307433128178511,0.19499490853808454
Deaths,Slovakia,Both,All ages,Alcohol use disorders,Rate,1990,3.6223352102586657,4.315857716367377,2.7162696562247146
Deaths,Trinidad and Tobago,Both,All ages,Cirrhosis due to alcohol,Rate,1990,4.990815838164958,6.028781370251817,4.016035165357025
Deaths,Cameroon,Both,All ages,Alcohol use disorders,Rate,1990,0.86538645910047,1.1149313801616316,0.5953245361122581
Deaths,Rwanda,Both,All ages,Alcohol use disorders,Rate,1990,2.0291679493775927,2.733688048914465,1.251914779411727
Deaths,Seychelles,Both,All ages,Liver cancer due to alcohol use,Rate,1990,1.3701841375413075,1.9615011221803564,0.9261847171176993
Deaths,Netherlands,Both,All ages,Cirrhosis due to alcohol,Rate,2010,2.925151403284702,3.457217748953693,2.3932160231081343
Deaths,Romania,Both,All ages,Cirrhosis due to alcohol,Rate,2000,20.852567267907965,24.711552474583478,16.894123969870027
Deaths,Belarus,Both,All ages,Cirrhosis due to alcohol,Rate,2000,6.410507302474711,7.666587552803803,5.053046123097318
Deaths,Luxembourg,Both,All ages,Liver cancer due to alcohol use,Rate,1990,2.0515281534205783,2.4824849692552715,1.638889084403477
Deaths,Mongolia,Both,All ages,Cirrhosis due to alcohol,Rate,2000,10.071540399792031,13.15324186871543,7.367641690182402
Deaths,Federated States of Micronesia,Both,All ages,Cirrhosis due to alcohol,Rate,2000,2.1560049462084776,3.249970925807284,1.3176928104492247
Deaths,Plurinational State of Bolivia,Both,All ages,Alcoholic cardiomyopathy,Rate,1990,0.0072139507766686255,0.015360792039536528,0.0004934340068998591
Deaths,Seychelles,Both,All ages,Alcohol use disorders,Rate,1990,0.6117954493864638,0.7271689094954185,0.4050170553435198
Deaths,Austria,Both,All ages,Alcohol use disorders,Rate,2000,4.05397448266824,4.200057888248799,3.8936895035249948
Deaths,Slovenia,Both,All ages,Alcohol use disorders,Rate,1990,6.216338954634878,6.693783581580551,5.797844300386065
Deaths,Syrian Arab Republic,Both,All ages,Liver cancer due to alcohol use,Rate,1990,0.23455204936104007,0.3866303086230812,0.1328560981773868
Deaths,Paraguay,Both,All ages,Alcoholic cardiomyopathy,Rate,1990,0.13088578012725846,0.2249655342575749,0.019170777005746157
Deaths,India,Both,All ages,Liver cancer due to alcohol use,Rate,2000,0.3316807081698725,0.4043700530617844,0.2698888853346654
Deaths,New Zealand,Both,All ages,Liver cancer due to alcohol use,Rate,1990,0.975481650608147,1.110178588329881,0.8450206581017536
Deaths,Mongolia,Both,All ages,Cirrhosis due to alcohol,Rate,1990,9.613831478815294,12.533550774098757,7.1251660033610715
Deaths,Yemen,Both,All ages,Liver cancer due to alcohol use,Rate,2010,0.05483693370189598,0.10896724853671161,0.02645693585340102
Deaths,Uzbekistan,Both,All ages,Alcohol use disorders,Rate,2010,0.9546858711794874,1.0374277023393295,0.8737900171952088
Deaths,Burkina Faso,Both,All ages,Liver cancer due to alcohol use,Rate,2000,2.402423602639731,4.559620797825132,0.9702796113374962
Deaths,Burkina Faso,Both,All ages,Alcohol use disorders,Rate,2000,0.9483551419329442,1.2426641983230131,0.6345138208656468
Deaths,Austria,Both,All ages,Alcoholic cardiomyopathy,Rate,2000,4.602034685273942,5.044949660334574,4.139832164198649
Deaths,Republic of Nauru,Both,All ages,Cirrhosis due to alcohol,Rate,1990,2.9738857069190914,4.823764061636248,1.5416780079566677
Deaths,Indonesia,Both,All ages,Cirrhosis due to alcohol,Rate,1990,5.2580009360431825,7.759922333570055,3.7652823350691533
Deaths,Canada,Both,All ages,Liver cancer due to alcohol use,Rate,2000,1.7642616527036645,2.1242317274814844,1.439100969151566
Deaths,Somalia,Both,All ages,Liver cancer due to alcohol use,Rate,1990,0.4875584413455398,0.9748735255924524,0.16372528281607668
Deaths,Netherlands,Both,All ages,Alcohol use disorders,Rate,2000,2.0974810835954973,2.173851160164143,2.02101905448294
Deaths,Ecuador,Both,All ages,Alcohol use disorders,Rate,1990,4.1548031874451,4.331221501553482,3.9733328500504355
Deaths,Seychelles,Both,All ages,Alcoholic cardiomyopathy,Rate,1990,0.039274554833555145,0.0665852947364044,0.006576062238392989
Deaths,Tunisia,Both,All ages,Liver cancer due to alcohol use,Rate,2000,0.1600652591416197,0.2350158179587321,0.10295655670849968
Deaths,Palestine,Both,All ages,Alcoholic cardiomyopathy,Rate,2000,0.021513016973027325,0.036971709143035596,0.0032430162625148133
Deaths,Algeria,Both,All ages,Alcoholic cardiomyopathy,Rate,2010,0.045193927246618956,0.09500351194693281,0.011059280612102372
Deaths,United States of America,Both,All ages,Alcoholic cardiomyopathy,Rate,1990,1.781511568669868,1.9032850454139452,1.6441987097745996
Deaths,Timor-Leste,Both,All ages,Liver cancer due to alcohol use,Rate,2000,0.22839079594582487,0.3930281521687737,0.12836342560950817
Deaths,Singapore,Both,All ages,Alcoholic cardiomyopathy,Rate,2000,0.06854731546152659,0.07632656459005463,0.06116263855524137
Deaths,Uzbekistan,Both,All ages,Liver cancer due to alcohol use,Rate,2000,0.4992165379253013,0.7490332534015499,0.32283967264106145
Deaths,Somalia,Both,All ages,Alcohol use disorders,Rate,2010,0.9861976041519902,1.5102145093957586,0.6438976407571418
Deaths,Fiji,Both,All ages,Alcohol use disorders,Rate,1990,0.09487100136746794,0.12859699923090304,0.05479073655301595
Deaths,Colombia,Both,All ages,Liver cancer due to alcohol use,Rate,2010,0.4593503258178555,0.5911703832661979,0.34936034985269376
Deaths,Colombia,Both,All ages,Alcohol use disorders,Rate,2010,0.19303031739248988,0.20381737281658222,0.18396157459497664
Deaths,Ecuador,Both,All ages,Alcoholic cardiomyopathy,Rate,1990,0.0064846920750741355,0.009651614563948157,0.004530978958428964
Deaths,Commonwealth of the Bahamas,Both,All ages,Liver cancer due to alcohol use,Rate,2010,0.7307117333537567,0.9322848668711062,0.5573177915809024
Deaths,Somalia,Both,All ages,Alcoholic cardiomyopathy,Rate,1990,0.0011478529151817784,0.005323953118367818,0.00015897326635775063
Deaths,Senegal,Both,All ages,Cirrhosis due to alcohol,Rate,1990,2.737399750035151,4.153131391765846,1.6657973839752984
Deaths,Tunisia,Both,All ages,Alcoholic cardiomyopathy,Rate,2000,0.061463417968289344,0.12321494773260935,0.01168058417499117
Deaths,South Sudan,Both,All ages,Cirrhosis due to alcohol,Rate,2000,3.4860255088782335,6.1051750772782984,2.049250893101215
Deaths,Luxembourg,Both,All ages,Alcoholic cardiomyopathy,Rate,1990,1.7505198455768758,1.912337738275628,1.6091915941384864
Deaths,Netherlands,Both,All ages,Alcoholic cardiomyopathy,Rate,2000,2.171157049325757,2.3139605436770427,2.0302705465358906
Deaths,Ecuador,Both,All ages,Alcohol use disorders,Rate,2000,3.7885722699286037,4.137003510932188,3.381756999144707
Deaths,Angola,Both,All ages,Cirrhosis due to alcohol,Rate,1990,5.956555565029385,8.816831370779783,3.6454758359073463
Deaths,Samoa,Both,All ages,Liver cancer due to alcohol use,Rate,1990,0.3570584969448153,0.5610585768809987,0.21578966872427444
Deaths,Barbados,Both,All ages,Liver cancer due to alcohol use,Rate,1990,0.8108276981632548,1.0836906666947308,0.6059235097274025
Deaths,Peru,Both,All ages,Cirrhosis due to alcohol,Rate,1990,8.16300318419433,10.261076280197647,6.167180772284812
Deaths,Republic of Cabo Verde,Both,All ages,Cirrhosis due to alcohol,Rate,1990,2.9218817731631495,4.796517440919327,1.8049124197834088
Deaths,China,Both,All ages,Cirrhosis due to alcohol,Rate,2000,0.8402943790771138,1.0301497150484646,0.7049004254399476
Deaths,Ecuador,Both,All ages,Alcoholic cardiomyopathy,Rate,2000,0.001863304335147894,0.0023471977264261034,0.001475395808235087
Deaths,Nepal,Both,All ages,Alcohol use disorders,Rate,2000,0.3826261542158979,0.5572966293740356,0.017868930047554785
Deaths,Canada,Both,All ages,Alcoholic cardiomyopathy,Rate,1990,0.9201013915903549,1.0699446526380127,0.7877141034341774
Deaths,Gabon,Both,All ages,Liver cancer due to alcohol use,Rate,1990,1.1693785451571912,2.392954958370976,0.47093458614415323
Deaths,Luxembourg,Both,All ages,Liver cancer due to alcohol use,Rate,2000,2.0779576567848363,2.5850501490696463,1.601983268088105
Deaths,Slovakia,Both,All ages,Alcoholic cardiomyopathy,Rate,1990,0.9056956742424955,1.5537321131058983,0.3450621666818682
Deaths,Slovenia,Both,All ages,Alcoholic cardiomyopathy,Rate,1990,5.098676748642076,6.867663941021723,3.4171815207860896
Deaths,Rwanda,Both,All ages,Alcoholic cardiomyopathy,Rate,1990,0.001089016173431935,0.005134412398267051,0.0002105295808425723
Deaths,Sierra Leone,Both,All ages,Cirrhosis due to alcohol,Rate,2000,3.4345815075998614,5.191297702214614,2.1252873543724444
Deaths,Andorra,Both,All ages,Liver cancer due to alcohol use,Rate,1990,4.232616495071736,6.429430628119967,2.7881707265355815
Deaths,Colombia,Both,All ages,Alcoholic cardiomyopathy,Rate,2010,0.0473080366169309,0.05183842977419581,0.043090772223240634
Deaths,Albania,Both,All ages,Cirrhosis due to alcohol,Rate,1990,2.8444837868709962,3.6664794204106363,2.1689939531024733
Deaths,Norway,Both,All ages,Cirrhosis due to alcohol,Rate,2000,2.7313200344112287,2.997015709399076,2.4817151428446618
Deaths,United Arab Emirates,Both,All ages,Cirrhosis due to alcohol,Rate,1990,0.26447871517038063,0.4424490120600446,0.15221066724969753
Deaths,United Republic of Tanzania,Both,All ages,Alcohol use disorders,Rate,1990,1.2094356951706895,1.6862224700153963,0.8680759356188852
Deaths,Somalia,Both,All ages,Alcohol use disorders,Rate,1990,1.0712794771429253,1.6221303936384661,0.67749895109197
Deaths,Bahrain,Both,All ages,Alcohol use disorders,Rate,2010,0.11737453161564163,0.19492284055226844,0.09154257385877076
Deaths,Uzbekistan,Both,All ages,Alcoholic cardiomyopathy,Rate,2010,0.004603427300172792,0.006120687201596804,0.0034285331134844724
Deaths,Turkey,Both,All ages,Alcohol use disorders,Rate,2000,0.20995138108226655,0.2727879636279666,0.1508737117618121
Deaths,Equatorial Guinea,Both,All ages,Liver cancer due to alcohol use,Rate,2010,0.1972803244842886,0.36441989282493986,0.1035623121308355
Deaths,Equatorial Guinea,Both,All ages,Alcohol use disorders,Rate,2010,0.6868997877070584,1.028836824298957,0.3699964256864758
Deaths,Democratic People's Republic of Korea,Both,All ages,Liver cancer due to alcohol use,Rate,1990,0.578089472973494,0.9932056027063054,0.2977342476755331
Deaths,Singapore,Both,All ages,Alcoholic cardiomyopathy,Rate,1990,0.17478813815655592,0.19177099092523042,0.15857286009166982
Deaths,Peru,Both,All ages,Cirrhosis due to alcohol,Rate,2000,8.390869601543015,10.338933603487028,6.745424676522711
Deaths,Nepal,Both,All ages,Alcoholic cardiomyopathy,Rate,2000,0.06068003335700408,0.1576390264448905,0.013521229205739824
Deaths,Samoa,Both,All ages,Liver cancer due to alcohol use,Rate,2000,0.426078336502703,0.6644606228344782,0.2677486671728318
Deaths,Syrian Arab Republic,Both,All ages,Alcoholic cardiomyopathy,Rate,1990,0.04659611969192601,0.08598788347448554,0.009690200651583603
Deaths,Northern Mariana Islands,Both,All ages,Liver cancer due to alcohol use,Rate,1990,0.22643431880235523,0.3391856634350404,0.14057477451321726
Deaths,Luxembourg,Both,All ages,Alcoholic cardiomyopathy,Rate,2000,1.6268482892817988,1.7943115021297067,1.4792326480539681
Deaths,Latvia,Both,All ages,Liver cancer due to alcohol use,Rate,2010,1.7757115120600966,2.2033499155961223,1.3383533728884611
Deaths,Burkina Faso,Both,All ages,Alcoholic cardiomyopathy,Rate,2000,0.06183221560192418,0.15759369824723657,0.00689103584267999
Deaths,Gabon,Both,All ages,Alcoholic cardiomyopathy,Rate,1990,0.0021588762106006633,0.010896820699656072,0.00036855755444614155
Deaths,Equatorial Guinea,Both,All ages,Alcoholic cardiomyopathy,Rate,2010,0.000788917489970136,0.0047427875910040565,0.00012492805611710232
Deaths,Barbados,Both,All ages,Alcoholic cardiomyopathy,Rate,1990,1.7091533746152439,2.001767969237409,1.3896877738489384
Deaths,Norway,Both,All ages,Alcohol use disorders,Rate,2010,5.678178158773087,5.900466552446927,5.45972668061202
Deaths,Republic of Cabo Verde,Both,All ages,Liver cancer due to alcohol use,Rate,1990,1.0473989097998442,1.824593706764868,0.6330552426944878
Deaths,Rwanda,Both,All ages,Liver cancer due to alcohol use,Rate,2000,0.6190194106348543,0.9295018426817742,0.3984182823334916
Deaths,Commonwealth of the Bahamas,Both,All ages,Alcoholic cardiomyopathy,Rate,2010,3.1805458299270515,3.5116000699241385,2.85915010772819
Deaths,United Republic of Tanzania,Both,All ages,Cirrhosis due to alcohol,Rate,2010,3.059824949973937,4.311923012054514,1.943331677781374
Deaths,Oman,Both,All ages,Liver cancer due to alcohol use,Rate,2000,0.139836019686544,0.21691012517269387,0.08615968824459033
Deaths,Qatar,Both,All ages,Liver cancer due to alcohol use,Rate,1990,0.23072472982507167,0.3667783574583547,0.13866476760603705
Deaths,Sierra Leone,Both,All ages,Alcoholic cardiomyopathy,Rate,1990,0.07736345724378882,0.1893519839461003,0.009248068246398634
Deaths,Democratic Republic of the Congo,Both,All ages,Liver cancer due to alcohol use,Rate,1990,0.2530490858638035,0.550412455181035,0.10577387208358774
Deaths,Principality of Monaco,Both,All ages,Cirrhosis due to alcohol,Rate,2000,8.175418346602132,10.890138489866922,5.925907192204053
Deaths,United States of America,Both,All ages,Cirrhosis due to alcohol,Rate,1990,4.410536713882588,4.8777149785881555,3.986339128011618
Deaths,South Sudan,Both,All ages,Alcohol use disorders,Rate,2000,1.0069704878340993,1.5291028100378556,0.6720200787052341
Deaths,Algeria,Both,All ages,Liver cancer due to alcohol use,Rate,1990,0.05733828822316043,0.0898372575522653,0.03497100598475841
Deaths,Oman,Both,All ages,Cirrhosis due to alcohol,Rate,2000,0.36390359190101673,0.5479659081814268,0.21162613082562493
Deaths,Malta,Both,All ages,Cirrhosis due to alcohol,Rate,1990,4.037140661532822,4.831462256053209,3.2689039402749818
Deaths,Pakistan,Both,All ages,Cirrhosis due to alcohol,Rate,2000,1.3871025024890007,2.192899945708342,0.7927904798629704
Deaths,Uganda,Both,All ages,Cirrhosis due to alcohol,Rate,1990,3.4300871173787404,5.015440432296009,2.108884037480432
Deaths,Democratic People's Republic of Korea,Both,All ages,Liver cancer due to alcohol use,Rate,2000,0.6468007918625147,1.0990522943343632,0.3264838401259199
Deaths,Malaysia,Both,All ages,Liver cancer due to alcohol use,Rate,1990,0.3121436672505721,0.4670714756267082,0.2025598116371561
Deaths,Tunisia,Both,All ages,Alcohol use disorders,Rate,1990,0.1315368388312509,0.1700805827395056,0.05607606199414269
Deaths,Brazil,Both,All ages,Alcohol use disorders,Rate,2000,3.4932019712119993,3.5704702312450527,3.4170682577574847
Deaths,United States of America,Both,All ages,Alcohol use disorders,Rate,2000,3.085223852126006,3.134904373934817,3.0212610283394965
Deaths,Fiji,Both,All ages,Alcoholic cardiomyopathy,Rate,1990,0.00899186303250974,0.015307980386666963,0.0015973234345454084
Deaths,New Zealand,Both,All ages,Alcoholic cardiomyopathy,Rate,1990,1.955011283742788,2.4506318441275465,1.6150578633877486
Deaths,Qatar,Both,All ages,Alcohol use disorders,Rate,1990,0.240515431410145,0.3167793088414146,0.08255794713160111
Deaths,Gabon,Both,All ages,Cirrhosis due to alcohol,Rate,2010,5.635097414941805,8.258514695144758,3.65513705952567
Deaths,Brazil,Both,All ages,Alcoholic cardiomyopathy,Rate,2000,1.2033810023417768,1.261200715294682,1.1436692540715456
Deaths,Trinidad and Tobago,Both,All ages,Liver cancer due to alcohol use,Rate,1990,0.4844642221416445,0.6348919199110741,0.3558386813211223
Deaths,Plurinational State of Bolivia,Both,All ages,Alcohol use disorders,Rate,1990,3.222715636646596,4.48779405609257,1.938714209996582
Deaths,Algeria,Both,All ages,Alcoholic cardiomyopathy,Rate,1990,0.041778025724133395,0.08726153928051235,0.007648566667114585
Deaths,Bahrain,Both,All ages,Liver cancer due to alcohol use,Rate,2000,0.24741249351819244,0.3707243091283782,0.16181597004739537
Deaths,Belgium,Both,All ages,Cirrhosis due to alcohol,Rate,2000,6.909862720946025,8.091922547667442,5.762916314657743
Deaths,Solomon Islands,Both,All ages,Alcohol use disorders,Rate,1990,0.8704424025731875,1.2967809128515784,0.31212798427597066
Deaths,Republic of the Gambia,Both,All ages,Liver cancer due to alcohol use,Rate,1990,1.8210960082761651,2.7023717748211835,1.1608979841910052
Deaths,Taiwan (Province of China),Both,All ages,Liver cancer due to alcohol use,Rate,2000,0.7399225613375326,1.0335633187692503,0.5180648212432223
Deaths,United Arab Emirates,Both,All ages,Cirrhosis due to alcohol,Rate,2000,0.2525703703189881,0.40209572434957735,0.1492075325129221
Deaths,Belize,Both,All ages,Alcohol use disorders,Rate,1990,1.1766539300267524,1.2753134809194617,1.0808462143151407
Deaths,Lithuania,Both,All ages,Liver cancer due to alcohol use,Rate,2000,1.2065795223938605,1.535771000127483,0.9294530878262338
Deaths,Solomon Islands,Both,All ages,Alcoholic cardiomyopathy,Rate,1990,0.03065742572434441,0.06414622362931585,0.0027663252407077437
Deaths,Albania,Both,All ages,Cirrhosis due to alcohol,Rate,2000,2.935258218880668,3.810016177122664,2.2672380485752366
Deaths,Federated States of Micronesia,Both,All ages,Liver cancer due to alcohol use,Rate,1990,0.29760939897639493,0.5145953037532752,0.16377735475313232
Deaths,Seychelles,Both,All ages,Liver cancer due to alcohol use,Rate,2000,0.8113350523332538,1.1295355023801252,0.5650843226150317
Deaths,Fiji,Both,All ages,Alcohol use disorders,Rate,2000,0.10442589145740042,0.12831929385332447,0.06292268361200323
Deaths,Latvia,Both,All ages,Alcoholic cardiomyopathy,Rate,2010,27.699478137765016,29.53854041596935,25.711065599070594
Deaths,Democratic People's Republic of Korea,Both,All ages,Cirrhosis due to alcohol,Rate,1990,1.8070012300455707,2.9436695734726737,1.1152533498725976
Deaths,Romania,Both,All ages,Liver cancer due to alcohol use,Rate,2000,0.9363060064215093,1.1453076456706994,0.7178480974514869
Deaths,Taiwan (Province of China),Both,All ages,Alcohol use disorders,Rate,1990,0.8760028767252551,0.9167067107406734,0.8400230969015701
Deaths,Nigeria,Both,All ages,Cirrhosis due to alcohol,Rate,2000,3.687988898919709,5.415604334739974,2.5000957609865075
Deaths,Belize,Both,All ages,Alcoholic cardiomyopathy,Rate,1990,0.1639375505370962,0.22637338189421904,0.1006865193310794
Deaths,Bahrain,Both,All ages,Alcoholic cardiomyopathy,Rate,2000,0.09701434126284494,0.1436902190171119,0.017772227148978793
Deaths,Saudi Arabia,Both,All ages,Liver cancer due to alcohol use,Rate,1990,0.13080483413038946,0.2332714285608583,0.0694407663617247
Deaths,Gabon,Both,All ages,Alcohol use disorders,Rate,2010,1.3321728337902605,1.7984011616971145,0.7992063729613167
Deaths,Malta,Both,All ages,Alcohol use disorders,Rate,2000,0.5023715766849525,0.5459963435417966,0.4655247937275773
Deaths,Slovakia,Both,All ages,Cirrhosis due to alcohol,Rate,1990,13.557515490505914,16.74560542411291,10.73520105742142
Deaths,Andorra,Both,All ages,Alcohol use disorders,Rate,2010,0.43474705877586056,0.5589484044941679,0.2986058428706854
Deaths,Indonesia,Both,All ages,Liver cancer due to alcohol use,Rate,1990,0.3109492831177466,0.48802051543956976,0.21876114141074307
Deaths,Republic of Palau,Both,All ages,Alcohol use disorders,Rate,1990,0.7379496766936494,1.008979767702843,0.4681243993351095
Deaths,Australia,Both,All ages,Liver cancer due to alcohol use,Rate,2000,1.5193298453288295,1.9183162748289682,1.1802699172506954
Deaths,Australia,Both,All ages,Alcohol use disorders,Rate,2000,1.6509603301090525,1.7192276576032954,1.5867514065154322
Deaths,Paraguay,Both,All ages,Liver cancer due to alcohol use,Rate,1990,0.4289414057664934,0.5745758697236844,0.3136892998166034
Deaths,Tajikistan,Both,All ages,Alcohol use disorders,Rate,2010,2.2642263824792304,3.3461375629269297,1.5526533323195282
Deaths,Timor-Leste,Both,All ages,Alcoholic cardiomyopathy,Rate,2000,0.028373441324145186,0.06529826721907714,0.005145417141942175
Deaths,Saudi Arabia,Both,All ages,Alcohol use disorders,Rate,1990,0.0162166694746295,0.021457426970931996,0.010249066438197316
Deaths,Trinidad and Tobago,Both,All ages,Alcoholic cardiomyopathy,Rate,1990,0.2755140606132622,0.34084039919690884,0.20791953168516292
Deaths,Guam,Both,All ages,Cirrhosis due to alcohol,Rate,2000,2.377597396963864,3.2761876407623176,1.6492598096624331
Deaths,China,Both,All ages,Alcoholic cardiomyopathy,Rate,2010,0.1157255995662228,0.18681407619013315,0.0243972444957916
Deaths,Qatar,Both,All ages,Alcoholic cardiomyopathy,Rate,1990,0.021589950205963108,0.04659118266400922,0.004130240053397123
Deaths,Benin,Both,All ages,Alcoholic cardiomyopathy,Rate,1990,0.04438722447330582,0.10301262834548636,0.005510142006544878
Deaths,Congo,Both,All ages,Liver cancer due to alcohol use,Rate,1990,0.8703222810059947,1.6152944755753122,0.39074875832495054
Deaths,Bosnia and Herzegovina,Both,All ages,Liver cancer due to alcohol use,Rate,1990,1.8558256344028712,2.598626131468319,1.331619971870028
Deaths,Taiwan (Province of China),Both,All ages,Alcoholic cardiomyopathy,Rate,1990,0.35397153677507553,0.380501321776677,0.32649571752482154
Deaths,Egypt,Both,All ages,Cirrhosis due to alcohol,Rate,2010,1.6030795444583785,2.621738148347625,0.9447723218978267
Deaths,Malta,Both,All ages,Alcoholic cardiomyopathy,Rate,2000,0.6212287663893525,0.6880655089096249,0.5553845042126013
Deaths,United States of America,Both,All ages,Alcoholic cardiomyopathy,Rate,2000,2.0173779861103247,2.097387139788734,1.9271426337725508
Deaths,Kiribati,Both,All ages,Cirrhosis due to alcohol,Rate,1990,2.3843362791095855,3.7828083280695792,1.379775864669773
Deaths,Greenland,Both,All ages,Liver cancer due to alcohol use,Rate,1990,1.3844116241375606,1.8868000178860216,0.960061064190578
Deaths,Malta,Both,All ages,Alcohol use disorders,Rate,1990,0.40514066993352604,0.436432526435785,0.37174653130147356
Deaths,Turkmenistan,Both,All ages,Liver cancer due to alcohol use,Rate,1990,0.6120377256069709,0.8701677990906865,0.4109390699721527
Deaths,United Republic of Tanzania,Both,All ages,Cirrhosis due to alcohol,Rate,1990,3.423371351383156,4.938750465995961,2.2236483686204336
Deaths,Andorra,Both,All ages,Alcoholic cardiomyopathy,Rate,2010,1.4565695583693152,2.2841294019767115,0.4880242538960485
Deaths,Papua New Guinea,Both,All ages,Liver cancer due to alcohol use,Rate,2010,0.15086886305578093,0.4098939399631698,0.06543698285139248
Deaths,Paraguay,Both,All ages,Cirrhosis due to alcohol,Rate,2000,2.5360079622704363,3.2963518652116526,1.9446396063260178
Deaths,Federated States of Micronesia,Both,All ages,Alcoholic cardiomyopathy,Rate,1990,0.056073828543459055,0.10955320059270969,0.005588777336834662
Deaths,Turkmenistan,Both,All ages,Liver cancer due to alcohol use,Rate,2000,0.6030277061319956,0.813430005601307,0.41863053931149496
Deaths,Seychelles,Both,All ages,Alcohol use disorders,Rate,2000,1.063066771483338,1.2419480872816904,0.49807611613837144
Deaths,Turkey,Both,All ages,Cirrhosis due to alcohol,Rate,1990,0.41044193428456116,0.6638104200110696,0.25315505001258637
Deaths,Saudi Arabia,Both,All ages,Alcoholic cardiomyopathy,Rate,1990,0.04298900467272315,0.07421159082790804,0.006197259437338672
Deaths,Turkey,Both,All ages,Liver cancer due to alcohol use,Rate,2010,0.33676806031590073,0.4897197694430454,0.23108431833973597
Deaths,Trinidad and Tobago,Both,All ages,Alcohol use disorders,Rate,1990,1.4655993267013172,1.554991942139482,1.3777724918870207
Deaths,Mongolia,Both,All ages,Liver cancer due to alcohol use,Rate,2000,5.864978534990884,9.195493796007637,3.4164649554938
Deaths,Seychelles,Both,All ages,Alcoholic cardiomyopathy,Rate,2000,0.0488391834136385,0.08672046882699562,0.00655915155745975
Deaths,Slovenia,Both,All ages,Cirrhosis due to alcohol,Rate,1990,14.79319928388876,17.71789983993277,12.001952895219583
Deaths,Algeria,Both,All ages,Cirrhosis due to alcohol,Rate,1990,0.32746257099462106,0.5693742242685232,0.19519667413132163
Deaths,Cameroon,Both,All ages,Alcohol use disorders,Rate,2000,0.966869706261433,1.293163242520125,0.6173896510192723
Deaths,Republic of Cabo Verde,Both,All ages,Alcoholic cardiomyopathy,Rate,1990,0.009864760257581122,0.025190348889824667,0.0014669462885136863
Deaths,Plurinational State of Bolivia,Both,All ages,Alcohol use disorders,Rate,2000,2.8841051238592152,3.855423367842536,1.9087907210340975
Deaths,Austria,Both,All ages,Cirrhosis due to alcohol,Rate,2010,10.052855006887063,11.663603547645593,8.276375497552873
Deaths,Papua New Guinea,Both,All ages,Alcoholic cardiomyopathy,Rate,2010,0.033765205141037195,0.07963541099808089,0.004888533102132949
Deaths,Mongolia,Both,All ages,Liver cancer due to alcohol use,Rate,1990,5.384122175205942,8.655329020489884,3.2274955311840676
Deaths,Indonesia,Both,All ages,Alcoholic cardiomyopathy,Rate,1990,0.03006819945894053,0.05773404834456007,0.0063879086216622185
Deaths,Bosnia and Herzegovina,Both,All ages,Alcoholic cardiomyopathy,Rate,1990,1.9262713073486657,3.425430333285014,0.5546484609472032
Deaths,Democratic People's Republic of Korea,Both,All ages,Cirrhosis due to alcohol,Rate,2010,2.0939902680075084,3.4979567409774037,1.1321098317762073
Deaths,Seychelles,Both,All ages,Cirrhosis due to alcohol,Rate,1990,5.652483039006777,7.556991684220829,3.9684160251712863
Deaths,Ecuador,Both,All ages,Liver cancer due to alcohol use,Rate,2010,0.49452141885870393,0.6616746960392247,0.3591135653571104
Deaths,Saudi Arabia,Both,All ages,Cirrhosis due to alcohol,Rate,1990,0.8175213853023542,1.6813512728282496,0.40694524385519115
Deaths,Papua New Guinea,Both,All ages,Alcohol use disorders,Rate,1990,0.7690242387493478,1.2503526289753992,0.2781624659475087
Deaths,Angola,Both,All ages,Alcohol use disorders,Rate,2000,1.0613211834813656,1.4279635460322606,0.6673497508660257
Deaths,Ecuador,Both,All ages,Cirrhosis due to alcohol,Rate,1990,6.255690422899484,7.414884953784492,5.051803416561343
Deaths,Togo,Both,All ages,Liver cancer due to alcohol use,Rate,1990,0.5342867538539464,0.8575186123671077,0.3318695640935092
Deaths,Syrian Arab Republic,Both,All ages,Cirrhosis due to alcohol,Rate,1990,0.4094282929784624,0.6430708168638634,0.2357515640503611
Deaths,Lithuania,Both,All ages,Alcohol use disorders,Rate,2010,14.208937362445495,15.035016096683844,13.417079390055322
Deaths,Fiji,Both,All ages,Alcoholic cardiomyopathy,Rate,2000,0.009864245271513233,0.015540110417555385,0.0015991046508432264
Deaths,Suriname,Both,All ages,Liver cancer due to alcohol use,Rate,2000,0.5531879574709145,0.7333866422111915,0.39271409908508603
Deaths,Suriname,Both,All ages,Alcohol use disorders,Rate,2000,2.1466055679705125,2.5073092142141444,1.325626044555341
Deaths,Benin,Both,All ages,Cirrhosis due to alcohol,Rate,2000,2.909584156507415,4.392411620349243,1.784252242229765
Deaths,Central African Republic,Both,All ages,Liver cancer due to alcohol use,Rate,1990,0.8589998025867951,1.657398071872218,0.32973125959006117
Deaths,Algeria,Both,All ages,Alcohol use disorders,Rate,1990,0.1308056118792418,0.16639830349820942,0.058134121243766726
Deaths,Norway,Both,All ages,Alcoholic cardiomyopathy,Rate,2010,0.5415649927517183,0.5674016402210029,0.5145021066415651
Deaths,Norway,Both,All ages,Liver cancer due to alcohol use,Rate,1990,0.7328498733200766,0.8439634293146838,0.6509029101627188
Deaths,Australia,Both,All ages,Liver cancer due to alcohol use,Rate,1990,0.9009630982128444,1.1120271815446892,0.6881891285125166
Deaths,Australia,Both,All ages,Alcohol use disorders,Rate,1990,1.602601366381102,1.6692432350739914,1.532341796139253
Deaths,Turkmenistan,Both,All ages,Cirrhosis due to alcohol,Rate,2010,12.39310694540597,14.944805986973863,9.768369520702208
Deaths,Costa Rica,Both,All ages,Alcohol use disorders,Rate,2010,1.100049369045875,1.157691917350479,1.0404627727368188
Deaths,Republic of Côte d'Ivoire,Both,All ages,Liver cancer due to alcohol use,Rate,1990,0.4659212030473783,0.7345129947901425,0.26032393168959533
Deaths,Principality of Monaco,Both,All ages,Liver cancer due to alcohol use,Rate,1990,2.7210846733279483,3.895136534831767,1.6978743866163917
Deaths,Slovakia,Both,All ages,Liver cancer due to alcohol use,Rate,2000,2.6919210393689488,3.6271030431982942,1.9633293863157226
Deaths,Somalia,Both,All ages,Alcohol use disorders,Rate,2000,1.1073749642411197,1.6773558005526767,0.7076991177322143
Deaths,Principality of Monaco,Both,All ages,Cirrhosis due to alcohol,Rate,1990,8.313719620978445,10.71089499848254,5.958889474249386
Deaths,Netherlands,Both,All ages,Cirrhosis due to alcohol,Rate,2000,3.3302137616515095,3.913911102082272,2.751409055582071
Deaths,Madagascar,Both,All ages,Cirrhosis due to alcohol,Rate,2000,2.7978487561400702,4.539036906766494,1.6558739280498562
Deaths,Barbados,Both,All ages,Alcohol use disorders,Rate,2010,2.105816506422417,2.2740367428414623,1.9584894237630062
Deaths,Samoa,Both,All ages,Cirrhosis due to alcohol,Rate,1990,1.4625457306708318,2.283583277540709,0.8391707609783325
Deaths,Zambia,Both,All ages,Liver cancer due to alcohol use,Rate,2010,0.5047956993447484,1.0256848920300008,0.257478095336702
Deaths,Australia,Both,All ages,Liver cancer due to alcohol use,Rate,2010,2.3225667448031113,2.8842199675093596,1.8001016484634982
Deaths,Australia,Both,All ages,Alcohol use disorders,Rate,2010,1.8976988288066285,1.9870975938171227,1.8020814993270553
Deaths,Lao People's Democratic Republic,Both,All ages,Alcohol use disorders,Rate,1990,0.7840175184127741,1.2220342133276885,0.41338185963656227
Deaths,Syrian Arab Republic,Both,All ages,Alcohol use disorders,Rate,1990,0.27237518649764125,0.3577903299901867,0.1723599039786028
Deaths,Austria,Both,All ages,Alcohol use disorders,Rate,1990,3.2153518518308393,3.339605736974708,3.0884145180652514
Deaths,Romania,Both,All ages,Alcoholic cardiomyopathy,Rate,2000,3.007310434786166,3.3743816129557054,2.694697240532503
Deaths,Lithuania,Both,All ages,Liver cancer due to alcohol use,Rate,1990,0.8677760964700943,1.1109698902345748,0.6440330069944864
Deaths,Suriname,Both,All ages,Alcoholic cardiomyopathy,Rate,2000,0.3027081055565899,0.5840876496745194,0.0946829419625454
Deaths,Tonga,Both,All ages,Cirrhosis due to alcohol,Rate,1990,2.5692575278534147,3.8837466741722624,1.5308994696132274
Deaths,Bahrain,Both,All ages,Liver cancer due to alcohol use,Rate,1990,0.3046953551894228,0.4608199027953584,0.19461592896337784
Deaths,Togo,Both,All ages,Alcohol use disorders,Rate,1990,0.6409203632317553,0.8403570599301019,0.4329840227763899
Deaths,Lithuania,Both,All ages,Alcoholic cardiomyopathy,Rate,2000,8.3752489427278,9.05592494580707,7.665886247794749
Deaths,Congo,Both,All ages,Alcohol use disorders,Rate,2010,1.2735980760973349,1.654536068890153,0.8363083596396406
Deaths,Cuba,Both,All ages,Cirrhosis due to alcohol,Rate,1990,4.154422177940342,4.968919819522429,3.394216973670214
Deaths,Solomon Islands,Both,All ages,Alcohol use disorders,Rate,2000,0.9400662000712284,1.3921898589721178,0.43566434885942507
Deaths,Mongolia,Both,All ages,Alcoholic cardiomyopathy,Rate,2000,2.379335459083084,4.271730597998312,1.2014483750233222
Deaths,Austria,Both,All ages,Alcoholic cardiomyopathy,Rate,1990,9.291268749946033,10.192447795902952,8.281833884354459
Deaths,Barbados,Both,All ages,Liver cancer due to alcohol use,Rate,2000,0.8581493652903792,1.0962409800556536,0.6429751033568742
Deaths,Sweden,Both,All ages,Liver cancer due to alcohol use,Rate,1990,1.7924256664069995,2.046315904160673,1.563263898791234
Deaths,Maldives,Both,All ages,Alcohol use disorders,Rate,1990,0.12300775910209352,0.16398389796574803,0.052785923560356156
Deaths,Republic of Palau,Both,All ages,Alcoholic cardiomyopathy,Rate,1990,0.03435676980596595,0.06513944962677966,0.0034349975551611475
Deaths,Solomon Islands,Both,All ages,Alcoholic cardiomyopathy,Rate,2000,0.02883525140302793,0.06366779496415118,0.0031941259495403083
Deaths,Egypt,Both,All ages,Alcohol use disorders,Rate,2000,0.0744485619421933,0.09005766098037844,0.026845271507503838
Deaths,Burundi,Both,All ages,Cirrhosis due to alcohol,Rate,1990,5.510792465666896,8.308865879095986,3.447871437222352
Deaths,Congo,Both,All ages,Alcoholic cardiomyopathy,Rate,2010,0.0014946889979463858,0.008474278350292918,0.00026683119267297315
Deaths,Bahrain,Both,All ages,Alcoholic cardiomyopathy,Rate,1990,0.0865385911416913,0.13794380748377427,0.018648401530847066
Deaths,Lithuania,Both,All ages,Alcoholic cardiomyopathy,Rate,1990,3.92576665579353,4.7445895718582145,3.0500164879954927
Deaths,Mongolia,Both,All ages,Alcoholic cardiomyopathy,Rate,1990,2.108304079874522,3.863679380176242,0.9767828775949392
Deaths,Republic of Moldova,Both,All ages,Alcohol use disorders,Rate,2000,8.01197222960107,8.414648103903271,7.635312965086481
Deaths,Burkina Faso,Both,All ages,Cirrhosis due to alcohol,Rate,1990,3.4922169319898986,5.017027340057496,2.214097010563557
Deaths,Barbados,Both,All ages,Alcoholic cardiomyopathy,Rate,2000,1.929050945983759,2.130920059740951,1.7231943274996484
Deaths,Portugal,Both,All ages,Cirrhosis due to alcohol,Rate,2010,9.005262907023903,10.533958651455464,7.51758231705093
Deaths,Somalia,Both,All ages,Cirrhosis due to alcohol,Rate,1990,4.5979504997737,7.1305626210809585,2.492295754471547
Deaths,Peru,Both,All ages,Alcohol use disorders,Rate,2010,0.7221085276326943,1.1388965778591447,0.5617541884400785
Deaths,Turkey,Both,All ages,Alcoholic cardiomyopathy,Rate,2010,0.01216918515485437,0.02189829868199218,0.00206795863402811
Deaths,Andorra,Both,All ages,Cirrhosis due to alcohol,Rate,1990,6.528841583488637,9.508229993732671,4.2052664926226395
Deaths,Maldives,Both,All ages,Alcoholic cardiomyopathy,Rate,1990,0.040823339120702073,0.08062906797071302,0.010485280189061152
Deaths,Bulgaria,Both,All ages,Alcohol use disorders,Rate,1990,2.909019930631803,3.168045558263152,2.678092826993823
Deaths,Australia,Both,All ages,Alcoholic cardiomyopathy,Rate,1990,1.246249781101088,1.347724267622983,1.1440545736447323
Deaths,Marshall Islands,Both,All ages,Liver cancer due to alcohol use,Rate,1990,0.1335284183186923,0.2577267268925078,0.06821382238388657
Deaths,Lao People's Democratic Republic,Both,All ages,Liver cancer due to alcohol use,Rate,2010,0.9266319540014453,1.3881656618730613,0.5644076632149919
Deaths,Spain,Both,All ages,Liver cancer due to alcohol use,Rate,2010,2.783072442379342,3.7129632859164463,2.0142090117825187
Deaths,Samoa,Both,All ages,Alcohol use disorders,Rate,2010,0.7649176332660466,1.0754728738367916,0.4290302912947532
Deaths,Taiwan (Province of China),Both,All ages,Alcohol use disorders,Rate,2000,0.7093365997680185,0.7436380485676457,0.6745308554454107
Deaths,Lao People's Democratic Republic,Both,All ages,Alcoholic cardiomyopathy,Rate,2010,0.0351256808656466,0.06618201255965823,0.007370133631290947
Deaths,Spain,Both,All ages,Alcoholic cardiomyopathy,Rate,2010,0.5893032693129518,0.6609545552971895,0.5263013695428465
Deaths,Australia,Both,All ages,Alcoholic cardiomyopathy,Rate,2000,1.921007056900029,2.043788594682792,1.7842278137514245
Deaths,Uzbekistan,Both,All ages,Alcohol use disorders,Rate,2000,2.8601853458640125,3.105130764376151,2.6153211349179104
Deaths,Uzbekistan,Both,All ages,Alcohol use disorders,Rate,1990,2.053187021722165,2.21219059810106,1.8930022993364544
Deaths,Syrian Arab Republic,Both,All ages,Liver cancer due to alcohol use,Rate,2000,0.24199834615777516,0.3712454526148244,0.15360317463393325
Deaths,Trinidad and Tobago,Both,All ages,Cirrhosis due to alcohol,Rate,2000,4.110708865601485,4.852559121656253,3.332013056387094
Deaths,Belarus,Both,All ages,Liver cancer due to alcohol use,Rate,2010,1.7987742761780188,2.247895930291058,1.3972104644601608
Deaths,Belarus,Both,All ages,Alcohol use disorders,Rate,2010,32.52351496728666,33.89368930836072,31.24527872351634
Deaths,Malta,Both,All ages,Alcoholic cardiomyopathy,Rate,1990,0.5851005130591688,0.6475203958400444,0.5250781859643435
Deaths,Taiwan (Province of China),Both,All ages,Alcoholic cardiomyopathy,Rate,2000,0.3419439367740707,0.36858556654963665,0.3131484746155639
Deaths,Principality of Monaco,Both,All ages,Alcoholic cardiomyopathy,Rate,1990,7.247974261152579,11.065170418166886,2.3365588956433063
Deaths,Netherlands,Both,All ages,Liver cancer due to alcohol use,Rate,1990,0.6904216702777825,0.8319726114896319,0.5386239286989766
Deaths,Socialist Republic of Viet Nam,Both,All ages,Alcohol use disorders,Rate,2000,0.6767862038761211,0.8685451370679813,0.34995045259873153
Deaths,Chad,Both,All ages,Alcohol use disorders,Rate,1990,0.6466994213986741,0.9705680631753721,0.42878597651522515
Deaths,Marshall Islands,Both,All ages,Liver cancer due to alcohol use,Rate,2010,0.21498700042062283,0.383900207745197,0.11394060922916037
Deaths,Qatar,Both,All ages,Alcohol use disorders,Rate,2000,0.2518718498325056,0.32539545450852103,0.10040530245093937
Deaths,Trinidad and Tobago,Both,All ages,Alcohol use disorders,Rate,2000,1.885360649573467,1.9977167171862171,1.7698302796604015
Deaths,Serbia,Both,All ages,Alcohol use disorders,Rate,2000,4.621762512656622,5.327044205014726,4.009485201125559
Deaths,Plurinational State of Bolivia,Both,All ages,Cirrhosis due to alcohol,Rate,1990,9.59338518685255,13.597770529474067,5.1788921573661515
Deaths,Commonwealth of the Bahamas,Both,All ages,Cirrhosis due to alcohol,Rate,2010,4.850550519050375,5.9102544288434515,3.810127820967533
Deaths,Central African Republic,Both,All ages,Cirrhosis due to alcohol,Rate,2000,6.425576792729107,9.671841383833973,3.8033417242275926
Deaths,Samoa,Both,All ages,Alcoholic cardiomyopathy,Rate,2010,0.03810136394826478,0.07814188296945743,0.005230486634279538
Deaths,Equatorial Guinea,Both,All ages,Liver cancer due to alcohol use,Rate,1990,0.21243917377959895,0.5881641822957552,0.08820431825308796
Deaths,Equatorial Guinea,Both,All ages,Alcohol use disorders,Rate,1990,1.3956179533761954,2.0069273774949545,0.8067383387682049
Deaths,Democratic Republic of the Congo,Both,All ages,Alcohol use disorders,Rate,1990,1.0233321027520885,1.3577100712497168,0.6267457005812256
Deaths,Bahrain,Both,All ages,Alcohol use disorders,Rate,1990,0.40823038569064773,0.49939224438173596,0.1717645993120978
Deaths,El Salvador,Both,All ages,Cirrhosis due to alcohol,Rate,2010,6.29393452334695,7.753171736104849,4.9876750046090095
Deaths,Tajikistan,Both,All ages,Alcohol use disorders,Rate,2000,2.5919545000747113,3.219801476945376,2.014265711360577
Deaths,Kiribati,Both,All ages,Cirrhosis due to alcohol,Rate,2000,2.34427268210253,3.665791400021707,1.4235550802839976
Deaths,Malaysia,Both,All ages,Cirrhosis due to alcohol,Rate,1990,2.024450402109722,2.7431000741467977,1.4115707876326673
Deaths,Sweden,Both,All ages,Alcohol use disorders,Rate,2010,4.564143466385789,4.7535427439513676,4.361976740124393
Deaths,Republic of Niue,Both,All ages,Liver cancer due to alcohol use,Rate,2000,0.8236937976843743,1.2901333512700501,0.5031206448451226
Deaths,Republic of Cabo Verde,Both,All ages,Cirrhosis due to alcohol,Rate,2000,3.0679448932052997,4.464455933043963,1.9905250395969207
Deaths,Belize,Both,All ages,Cirrhosis due to alcohol,Rate,2010,4.120978878639136,5.013954745711372,3.342608790461767
Deaths,Uzbekistan,Both,All ages,Alcoholic cardiomyopathy,Rate,2000,0.0038034458845662457,0.0055006846072966,0.0024892737367885535
Deaths,Belarus,Both,All ages,Alcoholic cardiomyopathy,Rate,2010,11.412958021854255,12.637799828547715,10.604608992107572
Deaths,Israel,Both,All ages,Liver cancer due to alcohol use,Rate,2000,0.6030053238381899,0.8088915167806308,0.4388218913002266
Deaths,Uzbekistan,Both,All ages,Alcoholic cardiomyopathy,Rate,1990,0.00324937406575117,0.004767530832406803,0.002059099662104772
Deaths,Tonga,Both,All ages,Cirrhosis due to alcohol,Rate,2000,2.634233864993495,3.694014163076764,1.6764843146805923
Deaths,Tajikistan,Both,All ages,Alcohol use disorders,Rate,1990,2.4767546937253937,2.950051298962109,1.9738537714974405
Deaths,Solomon Islands,Both,All ages,Cirrhosis due to alcohol,Rate,2010,2.256141536821217,3.5230764918122994,1.3274061459813367
Deaths,Equatorial Guinea,Both,All ages,Alcoholic cardiomyopathy,Rate,1990,0.002234654072959311,0.011339882163046293,0.00044795497002625363
Deaths,Tunisia,Both,All ages,Cirrhosis due to alcohol,Rate,1990,0.5646363073498295,0.9398133161563653,0.32487157358156826
Deaths,Republic of Moldova,Both,All ages,Alcoholic cardiomyopathy,Rate,2000,2.0700420853782098,2.25734475078034,1.880516306605418
Deaths,Afghanistan,Both,All ages,Cirrhosis due to alcohol,Rate,2010,0.5819595690899358,0.991271152749485,0.3067968401129602
Deaths,Republic of Moldova,Both,All ages,Alcohol use disorders,Rate,1990,7.621064824485625,7.931179904568294,7.3118314663898145
Deaths,Croatia,Both,All ages,Liver cancer due to alcohol use,Rate,1990,1.3478437453383938,1.7289002321493638,1.0336941416912926
Deaths,Belgium,Both,All ages,Cirrhosis due to alcohol,Rate,1990,7.163193792375123,8.415281307954444,5.958464106756168
Deaths,Cambodia,Both,All ages,Cirrhosis due to alcohol,Rate,2000,7.487514824859239,11.165431785844584,4.690006680322839
Deaths,Egypt,Both,All ages,Alcohol use disorders,Rate,1990,0.09532323629323296,0.11148014021286926,0.036494503631149956
Deaths,Cameroon,Both,All ages,Cirrhosis due to alcohol,Rate,1990,3.289579824577347,4.884253790606507,2.0183708959776667
Deaths,Myanmar,Both,All ages,Cirrhosis due to alcohol,Rate,1990,5.347285974102223,8.936493915019335,2.9197308362653462
Deaths,Belize,Both,All ages,Alcohol use disorders,Rate,2000,2.300061867427307,2.4754874650862373,2.134703008520218
Deaths,Central African Republic,Both,All ages,Liver cancer due to alcohol use,Rate,2000,0.7502785858631417,1.4281803110977733,0.3281010649231237
Deaths,United Republic of Tanzania,Both,All ages,Cirrhosis due to alcohol,Rate,2000,3.4231380529382056,4.69208564563012,2.2922365820827917
Deaths,New Zealand,Both,All ages,Alcohol use disorders,Rate,2000,0.868286677774905,0.9241071423391823,0.8120796815855281
Deaths,Peru,Both,All ages,Alcoholic cardiomyopathy,Rate,2010,0.004965292561013372,0.008933602736721964,0.0006711535621637417
Deaths,Yemen,Both,All ages,Liver cancer due to alcohol use,Rate,1990,0.0843488339348424,0.17329427297533226,0.028273388512715464
Deaths,Republic of Niue,Both,All ages,Liver cancer due to alcohol use,Rate,1990,0.5205755067567828,0.8369294400349199,0.30875020488727084
Deaths,Malaysia,Both,All ages,Alcohol use disorders,Rate,2010,0.42647268719375137,0.6651819646166767,0.26198864831112295
Deaths,Egypt,Both,All ages,Cirrhosis due to alcohol,Rate,1990,1.788306814557644,2.5915766090240178,1.1258195123099506
Deaths,New Zealand,Both,All ages,Alcohol use disorders,Rate,1990,1.1290016906004021,1.18936335385755,1.062941107042603
Deaths,Democratic Republic of the Congo,Both,All ages,Alcoholic cardiomyopathy,Rate,1990,0.0017264796845253443,0.008995891270052705,0.00032212646707433933
Deaths,Portugal,Both,All ages,Liver cancer due to alcohol use,Rate,1990,1.135110365251991,1.4131465905080425,0.879540243645667
Deaths,Portugal,Both,All ages,Alcohol use disorders,Rate,1990,1.244766665463888,1.305698180650467,1.1920883282904926
Deaths,Bahrain,Both,All ages,Cirrhosis due to alcohol,Rate,1990,0.5424676806678028,0.8108841387286589,0.34130103731611017
Deaths,Croatia,Both,All ages,Cirrhosis due to alcohol,Rate,1990,15.317778911324906,18.411681988277333,12.307695138714214
Deaths,Guam,Both,All ages,Alcohol use disorders,Rate,1990,0.8207423830246252,1.073529378199183,0.35345981048338765
Deaths,Qatar,Both,All ages,Alcoholic cardiomyopathy,Rate,2000,0.037633206241148624,0.06593853698188804,0.004661722386103224
Deaths,Republic of Nauru,Both,All ages,Alcohol use disorders,Rate,1990,1.1986472469606084,1.916638713891444,0.6202742828377157
Deaths,United Arab Emirates,Both,All ages,Alcohol use disorders,Rate,2010,0.23318131157077207,0.3123336791724051,0.15902810028119313
Deaths,Switzerland,Both,All ages,Cirrhosis due to alcohol,Rate,2010,4.837380434790672,5.637648636404931,4.000728738890648
Deaths,Socialist Republic of Viet Nam,Both,All ages,Alcoholic cardiomyopathy,Rate,2000,0.03825458932020119,0.07155784461035244,0.006626464083561085
Deaths,Togo,Both,All ages,Alcoholic cardiomyopathy,Rate,1990,0.04701530151349926,0.10810951909464143,0.0049384315993194474
Deaths,United Republic of Tanzania,Both,All ages,Liver cancer due to alcohol use,Rate,2010,0.43199952451708734,0.6796508508231798,0.2735168785908168
Deaths,Equatorial Guinea,Both,All ages,Cirrhosis due to alcohol,Rate,1990,6.076152803673163,9.26245055583064,3.414559146192377
Deaths,Marshall Islands,Both,All ages,Alcoholic cardiomyopathy,Rate,1990,0.03825928651164516,0.07585123228464809,0.004020130880376736
Deaths,Republic of Moldova,Both,All ages,Cirrhosis due to alcohol,Rate,2010,42.47839059512651,50.504439028174566,34.057110827084934
Deaths,Uganda,Both,All ages,Liver cancer due to alcohol use,Rate,1990,0.779890235008346,1.130737072495064,0.5036482112089321
Deaths,Chad,Both,All ages,Alcoholic cardiomyopathy,Rate,1990,0.0582109128107156,0.15129938538499654,0.007413195239148962
Deaths,Netherlands,Both,All ages,Cirrhosis due to alcohol,Rate,1990,2.963074729527664,3.467441271149659,2.4467465647462108
Deaths,United Republic of Tanzania,Both,All ages,Alcoholic cardiomyopathy,Rate,2010,0.0007281138603301306,0.00496997527121558,0.00012740018892915447
Deaths,Norway,Both,All ages,Alcohol use disorders,Rate,1990,6.989946564861477,7.217473188424567,6.788758181290075
Deaths,Belgium,Both,All ages,Liver cancer due to alcohol use,Rate,1990,1.712082469088379,2.1639015028998387,1.3064917585086053
Deaths,United Arab Emirates,Both,All ages,Alcoholic cardiomyopathy,Rate,2010,0.02833509903154762,0.05651671328797178,0.0063909059495229495
Deaths,Guam,Both,All ages,Alcoholic cardiomyopathy,Rate,1990,0.10459689479347575,0.22810971513217645,0.03133031630931321
Deaths,Antigua and Barbuda,Both,All ages,Liver cancer due to alcohol use,Rate,1990,0.8006612412688245,1.0557850038876153,0.5834634269745564
Deaths,Antigua and Barbuda,Both,All ages,Alcohol use disorders,Rate,1990,5.9678349452398125,6.403014059432922,5.499307174201909
Deaths,Marshall Islands,Both,All ages,Alcoholic cardiomyopathy,Rate,2010,0.041965766394385734,0.08454954459021354,0.005673471991572306
Deaths,Costa Rica,Both,All ages,Liver cancer due to alcohol use,Rate,1990,0.807848522339997,1.0406448881318298,0.6068875054532316
Deaths,Turkmenistan,Both,All ages,Cirrhosis due to alcohol,Rate,1990,7.4097129011939105,9.077934476432906,5.593149798262731
Deaths,Gabon,Both,All ages,Cirrhosis due to alcohol,Rate,1990,7.734474839528225,11.051919224223985,4.836786395707806
Deaths,Costa Rica,Both,All ages,Liver cancer due to alcohol use,Rate,2000,0.7694120833764871,0.9959950859248773,0.5703523832879284
Deaths,Croatia,Both,All ages,Alcoholic cardiomyopathy,Rate,1990,2.2767805157035106,2.5364706219889324,2.0542694380355857
Deaths,Angola,Both,All ages,Liver cancer due to alcohol use,Rate,2000,0.6499712027611703,1.919666235284154,0.08367541081605274
Deaths,Antigua and Barbuda,Both,All ages,Cirrhosis due to alcohol,Rate,1990,6.370923228589082,7.7404598681383625,5.0138260238436185
Deaths,Botswana,Both,All ages,Alcohol use disorders,Rate,1990,0.811069829214848,1.2045214112955955,0.48781013358055453
Deaths,Belize,Both,All ages,Alcoholic cardiomyopathy,Rate,2000,0.37106835024944784,0.4123449434137253,0.3326965465277373
Deaths,Algeria,Both,All ages,Liver cancer due to alcohol use,Rate,2000,0.06751047140852733,0.10241045638551048,0.042561366463341424
Deaths,Finland,Both,All ages,Liver cancer due to alcohol use,Rate,2000,1.6921271780062326,2.180571474729695,1.2660993191423764
Deaths,Botswana,Both,All ages,Cirrhosis due to alcohol,Rate,2010,2.8701002267762914,4.19281532825795,1.878232587379049
Deaths,Costa Rica,Both,All ages,Alcoholic cardiomyopathy,Rate,1990,0.25343848780615935,0.2960665186253457,0.21595952508478405
Deaths,Puerto Rico,Both,All ages,Cirrhosis due to alcohol,Rate,1990,11.573418695056953,13.828082841528495,9.420355311789695
Deaths,Eritrea,Both,All ages,Alcohol use disorders,Rate,2000,1.3943787336429714,1.8670481869577418,0.9095369494094842
Deaths,Republic of Moldova,Both,All ages,Alcoholic cardiomyopathy,Rate,1990,1.5164298279824764,1.7552591004687779,1.3098837258441647
Deaths,Costa Rica,Both,All ages,Alcoholic cardiomyopathy,Rate,2000,0.2870088921980154,0.3183150799101061,0.25652795812015994
Deaths,Iraq,Both,All ages,Liver cancer due to alcohol use,Rate,2010,0.175866216288969,0.2726667785815317,0.10836995932816142
Deaths,Saudi Arabia,Both,All ages,Cirrhosis due to alcohol,Rate,2000,0.6510842787227946,0.9664342643373252,0.4031214807775802
Deaths,Norway,Both,All ages,Alcoholic cardiomyopathy,Rate,1990,0.562433567186849,0.5911907405775874,0.5343034090505245
Deaths,Principality of Monaco,Both,All ages,Liver cancer due to alcohol use,Rate,2000,4.788430654071585,7.33775074279957,3.056276092685964
Deaths,Congo,Both,All ages,Alcohol use disorders,Rate,1990,1.5169580812695105,2.1105569882156976,0.9632276468293168
Deaths,Djibouti,Both,All ages,Liver cancer due to alcohol use,Rate,1990,0.23757043018371415,0.4354296273985234,0.1219596759451391
Deaths,Botswana,Both,All ages,Alcoholic cardiomyopathy,Rate,1990,0.0025821964967054933,0.008946428592082075,0.0004728272344346224
Deaths,Yemen,Both,All ages,Cirrhosis due to alcohol,Rate,2010,0.39559418336780255,0.7040968877962266,0.19832452461684935
Deaths,Cuba,Both,All ages,Cirrhosis due to alcohol,Rate,2000,4.263746906701587,5.0398230721388595,3.5009134218492055
Deaths,Gabon,Both,All ages,Alcohol use disorders,Rate,1990,1.5610708799277888,2.0005337655671833,0.9934726583660163
Deaths,Russian Federation,Both,All ages,Cirrhosis due to alcohol,Rate,1990,5.162470543020152,5.627844882192881,4.725322237815307
Deaths,Ghana,Both,All ages,Liver cancer due to alcohol use,Rate,1990,0.837116905545344,1.3766132629595509,0.5020416080015107
Deaths,Ghana,Both,All ages,Alcohol use disorders,Rate,1990,0.9302190953954396,1.2524668259378255,0.6581705880853218
Deaths,Islamic Republic of Iran,Both,All ages,Cirrhosis due to alcohol,Rate,2000,0.535487831082353,0.7240336954645632,0.42080738030104314
Deaths,Mauritius,Both,All ages,Liver cancer due to alcohol use,Rate,2000,0.22918532035633593,0.30615581288109095,0.16397599643689906
Deaths,Angola,Both,All ages,Alcoholic cardiomyopathy,Rate,2000,0.0016896245113893877,0.009281912963485522,0.000308557903783848
Deaths,Indonesia,Both,All ages,Cirrhosis due to alcohol,Rate,2000,5.70186875797274,7.2955769301332785,4.448446260485729
Deaths,Lesotho,Both,All ages,Cirrhosis due to alcohol,Rate,1990,3.6259878258772824,7.012277536545269,1.8787088928523963
Deaths,Afghanistan,Both,All ages,Alcohol use disorders,Rate,1990,0.27812329568528793,0.4209328076669646,0.10243110698729659
Deaths,Republic of Côte d'Ivoire,Both,All ages,Cirrhosis due to alcohol,Rate,1990,3.410051944802332,4.910144772427041,2.21108390944746
Deaths,Zambia,Both,All ages,Liver cancer due to alcohol use,Rate,1990,0.7642956311355937,1.1266813872862522,0.5012803831631011
Deaths,Democratic Republic of the Congo,Both,All ages,Cirrhosis due to alcohol,Rate,2010,3.721431868495537,5.586862361529575,2.2645162104144485
Deaths,Islamic Republic of Iran,Both,All ages,Cirrhosis due to alcohol,Rate,1990,0.5450600147908774,0.761452479659681,0.3995220704369771
Deaths,Russian Federation,Both,All ages,Cirrhosis due to alcohol,Rate,2000,10.745380254321763,11.642586269881319,9.854479118718812
Deaths,Republic of the Gambia,Both,All ages,Alcohol use disorders,Rate,1990,0.7856925394490767,1.1020296114281667,0.47016002656639005
Deaths,Finland,Both,All ages,Alcoholic cardiomyopathy,Rate,2000,4.9200799840455165,5.151280681019367,4.6397142564928755
Deaths,Eritrea,Both,All ages,Alcoholic cardiomyopathy,Rate,2000,0.0009204812600337442,0.004984240126590017,0.00017563516415926146
Deaths,Mauritania,Both,All ages,Alcohol use disorders,Rate,2000,0.581964546224756,0.8603744908960055,0.34706657398036683
Deaths,El Salvador,Both,All ages,Alcohol use disorders,Rate,1990,17.4874669432035,19.55880938007049,11.427557983412557
Deaths,United Republic of Tanzania,Both,All ages,Liver cancer due to alcohol use,Rate,1990,0.568841636380987,0.8413054964430913,0.3586889601129935
Deaths,China,Both,All ages,Alcohol use disorders,Rate,2000,1.0272139647379794,1.1530369724983653,0.815445911518956
Deaths,Slovenia,Both,All ages,Alcohol use disorders,Rate,2000,7.567569801755185,8.037415357004328,7.112512988369719
Deaths,El Salvador,Both,All ages,Alcohol use disorders,Rate,2000,15.045662666848516,16.344005825499504,11.704765260938265
Deaths,Ecuador,Both,All ages,Cirrhosis due to alcohol,Rate,2000,6.266226109007645,7.504357940105796,4.959719320494483
Deaths,Syrian Arab Republic,Both,All ages,Alcoholic cardiomyopathy,Rate,2000,0.04456905730717654,0.0818302783614174,0.00939403778900231
Deaths,Australia,Both,All ages,Alcoholic cardiomyopathy,Rate,2010,1.4347126342238434,1.5329460952432084,1.3325426111219258
Deaths,Ghana,Both,All ages,Alcoholic cardiomyopathy,Rate,1990,0.20943920877274744,0.4684479122226182,0.03393591572020233
Deaths,Mauritania,Both,All ages,Alcoholic cardiomyopathy,Rate,2000,0.037231968506888036,0.0905813967689644,0.004106550129200321
Deaths,Federated States of Micronesia,Both,All ages,Alcohol use disorders,Rate,1990,0.9607040152677364,1.474918523727136,0.5384052794162314
Deaths,Portugal,Both,All ages,Alcoholic cardiomyopathy,Rate,1990,0.5367090837365879,0.5865037182464619,0.4900263236624146
Deaths,Israel,Both,All ages,Alcoholic cardiomyopathy,Rate,2000,0.11990696113471362,0.13162795334056535,0.10799477551314549
Deaths,China,Both,All ages,Alcoholic cardiomyopathy,Rate,2000,0.05838402985948328,0.14349167557436543,0.018855353245443286
Deaths,Estonia,Both,All ages,Cirrhosis due to alcohol,Rate,2010,10.159225207298183,11.837929758520843,8.31047105650694
Deaths,Portugal,Both,All ages,Cirrhosis due to alcohol,Rate,1990,14.71032334328268,17.1459496483474,12.143803924507367
Deaths,Uganda,Both,All ages,Alcohol use disorders,Rate,2010,0.9239105216943713,1.1948712076742882,0.6848972221938222
Deaths,Grenada,Both,All ages,Liver cancer due to alcohol use,Rate,1990,0.5919925603053788,0.8226477383554853,0.4125936891498066
Deaths,Afghanistan,Both,All ages,Alcohol use disorders,Rate,2000,0.22243875528935347,0.3350060331906604,0.07690649550624855
Deaths,Central African Republic,Both,All ages,Alcohol use disorders,Rate,2000,1.431002912482829,2.1196731719739583,0.7846944813938104
Deaths,Ethiopia,Both,All ages,Cirrhosis due to alcohol,Rate,2000,3.7370754505119024,4.9370486276875445,2.7396858352640847
Deaths,Sweden,Both,All ages,Alcoholic cardiomyopathy,Rate,1990,0.41567116403103,0.45556813248632966,0.3782958046919317
Deaths,Sierra Leone,Both,All ages,Liver cancer due to alcohol use,Rate,2000,1.7823516792009768,3.1571565874152347,0.721085655723744
Deaths,Sweden,Both,All ages,Liver cancer due to alcohol use,Rate,2000,0.8935699922505517,1.0248985533699557,0.7791778835115855
Deaths,Croatia,Both,All ages,Liver cancer due to alcohol use,Rate,2000,2.0896098709591437,2.618128397517006,1.6272580265537562
Deaths,United Arab Emirates,Both,All ages,Liver cancer due to alcohol use,Rate,1990,0.20881422431494784,0.3259086850771443,0.12136733511435288
Deaths,Eritrea,Both,All ages,Alcohol use disorders,Rate,1990,1.4142420147824493,1.8946345237529951,0.9393404701585426
Deaths,Estonia,Both,All ages,Alcohol use disorders,Rate,2010,15.878897381442757,16.794346896769557,14.894527066236565
Deaths,Niger,Both,All ages,Cirrhosis due to alcohol,Rate,2000,2.6364614227235315,4.5847878599481735,1.4831787980509012
Deaths,Tokelau,Both,All ages,Alcoholic cardiomyopathy,Rate,2000,0.06232818477577994,0.12172561906671825,0.007174986829980104
Deaths,Croatia,Both,All ages,Alcoholic cardiomyopathy,Rate,2000,7.719800472502903,8.654703127648883,6.823810012044873
Deaths,Grenada,Both,All ages,Alcoholic cardiomyopathy,Rate,1990,1.3332733967674182,1.5805564228429005,1.1313679221939361
Deaths,Guinea,Both,All ages,Cirrhosis due to alcohol,Rate,1990,4.064801374892493,6.596751945731721,2.3135138593348072
Deaths,Namibia,Both,All ages,Cirrhosis due to alcohol,Rate,1990,3.5093884944875997,6.195717387006635,1.9408478652308807
Deaths,Kingdom of Eswatini,Both,All ages,Liver cancer due to alcohol use,Rate,2000,2.0158086183992934,3.383925998138401,0.994187152783917
Deaths,Bangladesh,Both,All ages,Cirrhosis due to alcohol,Rate,1990,4.907861042778664,6.7655059255362024,3.3600958555619864
Deaths,Czech Republic,Both,All ages,Alcohol use disorders,Rate,1990,3.0001218586441176,3.1626191853082743,2.8331041641825156
Deaths,Estonia,Both,All ages,Liver cancer due to alcohol use,Rate,1990,1.3933439145890356,1.8347937583754266,1.0370752065128799
Deaths,Turkmenistan,Both,All ages,Cirrhosis due to alcohol,Rate,2000,8.592056480952941,10.446463940334057,6.759035121635087
Deaths,New Zealand,Both,All ages,Alcohol use disorders,Rate,2010,1.1085642464441394,1.1756476366012585,1.0430369392012244
Deaths,United Republic of Tanzania,Both,All ages,Alcoholic cardiomyopathy,Rate,1990,0.0009121325180589988,0.005368638458542193,0.00017140057810945058
Deaths,Zambia,Both,All ages,Alcohol use disorders,Rate,1990,1.0710368564171728,1.4090237604953593,0.7947333608159624
Deaths,Principality of Monaco,Both,All ages,Alcoholic cardiomyopathy,Rate,2000,5.532463401422871,8.374373615165023,2.2491235715495694
Deaths,Malaysia,Both,All ages,Alcoholic cardiomyopathy,Rate,2010,0.0006628802798636298,0.0015168460631460258,6.794190982108893e-05
Deaths,Lao People's Democratic Republic,Both,All ages,Liver cancer due to alcohol use,Rate,1990,1.1307753981898787,1.8094083711061069,0.6740007455394417
Deaths,Spain,Both,All ages,Liver cancer due to alcohol use,Rate,2000,2.993124188700579,3.873774552305787,2.2020724928498105
Deaths,Slovakia,Both,All ages,Cirrhosis due to alcohol,Rate,2000,12.74816176218551,15.220531971086581,10.343814179043473
Deaths,Denmark,Both,All ages,Liver cancer due to alcohol use,Rate,2010,1.9282305189128204,2.446026008720789,1.4508151414088037
Deaths,Cambodia,Both,All ages,Liver cancer due to alcohol use,Rate,1990,0.574215902875075,1.2254539582617638,0.25354177242003484
Deaths,Cambodia,Both,All ages,Alcohol use disorders,Rate,1990,0.5954975871030957,0.8054780623902046,0.3648698543191857
Deaths,Guinea,Both,All ages,Alcohol use disorders,Rate,1990,0.7336372533083091,1.134103791563527,0.4577925252411492
Deaths,Myanmar,Both,All ages,Liver cancer due to alcohol use,Rate,1990,0.2745653686589783,0.5879677467364376,0.1260855803462983
Deaths,Ecuador,Both,All ages,Liver cancer due to alcohol use,Rate,1990,0.45771369650792254,0.6270127719582809,0.33274667765318144
Deaths,Guatemala,Both,All ages,Cirrhosis due to alcohol,Rate,1990,7.332118515346489,8.956071700451853,5.746693741206068
Deaths,Central African Republic,Both,All ages,Alcoholic cardiomyopathy,Rate,2000,0.0018826306655824955,0.008616144660703231,0.00037660954888818547
Deaths,Bermuda,Both,All ages,Liver cancer due to alcohol use,Rate,2000,0.9451710319694434,1.1613971852515121,0.7419682532111571
Deaths,Lao People's Democratic Republic,Both,All ages,Alcoholic cardiomyopathy,Rate,1990,0.03747868270031815,0.07332177991144624,0.008199667805503467
Deaths,Papua New Guinea,Both,All ages,Liver cancer due to alcohol use,Rate,1990,0.20115978812116556,0.5727337464523774,0.08881015149314124
Deaths,Bangladesh,Both,All ages,Cirrhosis due to alcohol,Rate,2000,4.264460406577454,5.851809982936146,2.938359507988293
Deaths,Malaysia,Both,All ages,Liver cancer due to alcohol use,Rate,2000,0.44885979267979265,0.6567828197266895,0.29459542965840574
Deaths,Guatemala,Both,All ages,Cirrhosis due to alcohol,Rate,2000,7.7270220367724445,9.496567416481545,6.123005867260823
Deaths,Latvia,Both,All ages,Liver cancer due to alcohol use,Rate,1990,1.1889409589155644,1.5354919964746996,0.8721766955660488
Deaths,Commonwealth of the Bahamas,Both,All ages,Liver cancer due to alcohol use,Rate,1990,0.7951173214308469,1.0445162510489445,0.6115758981627697
Deaths,Albania,Both,All ages,Liver cancer due to alcohol use,Rate,2010,2.8902754480530803,4.2367081302121,1.9348442746898167
Deaths,Albania,Both,All ages,Alcohol use disorders,Rate,2010,0.4775038510739832,0.6470216707912465,0.3270858376219125
Deaths,Mozambique,Both,All ages,Alcohol use disorders,Rate,2000,1.3190557405526346,1.7511531361600163,0.9281475980342099
Deaths,Spain,Both,All ages,Cirrhosis due to alcohol,Rate,1990,12.0960514441211,13.916087104709236,10.201149050921071
Deaths,Bermuda,Both,All ages,Alcoholic cardiomyopathy,Rate,2000,0.6089219594790324,0.6925705554521843,0.5350392052689037
Deaths,Congo,Both,All ages,Cirrhosis due to alcohol,Rate,2000,5.241154101983582,7.709205277473207,3.36708350102296
Deaths,Tuvalu,Both,All ages,Alcohol use disorders,Rate,2000,1.198828223778096,1.602353331086688,0.6793252875095024
Deaths,Uganda,Both,All ages,Alcoholic cardiomyopathy,Rate,2010,0.00047683048343303,0.0027751625330702714,9.519163156775152e-05
Deaths,Cambodia,Both,All ages,Alcoholic cardiomyopathy,Rate,1990,0.024207451601972987,0.047421808263225756,0.006114107878388567
Deaths,Congo,Both,All ages,Alcoholic cardiomyopathy,Rate,1990,0.001889888290848108,0.00873847035875996,0.00037953042241693535
Deaths,Republic of Niue,Both,All ages,Cirrhosis due to alcohol,Rate,1990,2.828417633091419,4.204007207520827,1.6991275610174876
Deaths,Latvia,Both,All ages,Cirrhosis due to alcohol,Rate,2010,10.49100071387352,12.30073245502868,8.628318264575457
Deaths,Sweden,Both,All ages,Alcoholic cardiomyopathy,Rate,2000,1.117225657151347,1.1917618683760287,1.0393720191659486
Deaths,Czech Republic,Both,All ages,Alcoholic cardiomyopathy,Rate,1990,0.2855697571677757,0.3400969783855137,0.23756227299205557
Deaths,Federated States of Micronesia,Both,All ages,Alcohol use disorders,Rate,2010,1.0256932728505939,1.5307711460825357,0.5715947749434762
Deaths,Czech Republic,Both,All ages,Alcohol use disorders,Rate,2000,2.612805521962204,2.736732042348866,2.4795420114176476
Deaths,Paraguay,Both,All ages,Liver cancer due to alcohol use,Rate,2000,0.380119114301408,0.5021857437702473,0.2786365768028182
Deaths,Jordan,Both,All ages,Liver cancer due to alcohol use,Rate,2000,0.07295649393719193,0.11414965481646401,0.044446220769178243
Deaths,Guinea-Bissau,Both,All ages,Cirrhosis due to alcohol,Rate,1990,5.156270408967313,7.898058565981864,3.0577039407249127
Deaths,Italy,Both,All ages,Alcohol use disorders,Rate,2000,0.41686210729137285,0.42918205157759265,0.4028506336501774
Deaths,Switzerland,Both,All ages,Alcohol use disorders,Rate,1990,3.9052763914214434,4.211628919591174,3.5411058785091423
Deaths,Socialist Republic of Viet Nam,Both,All ages,Cirrhosis due to alcohol,Rate,2010,5.228424199449551,7.1489411676358525,3.7550794077417864
Deaths,Zambia,Both,All ages,Alcoholic cardiomyopathy,Rate,1990,0.0006631668350040616,0.003456679068681137,0.00012296346159396178
Deaths,Spain,Both,All ages,Alcohol use disorders,Rate,1990,0.9535480156743248,0.992716451973406,0.9174674923609374
Deaths,Antigua and Barbuda,Both,All ages,Alcoholic cardiomyopathy,Rate,1990,0.10267822529172353,0.12198187489548591,0.0835663467063401
Deaths,Democratic Republic of the Congo,Both,All ages,Liver cancer due to alcohol use,Rate,2000,0.20670270964218934,0.4998914014143922,0.08956001414611676
Deaths,Northern Mariana Islands,Both,All ages,Alcohol use disorders,Rate,2000,2.1259389299265075,2.963994242001361,1.3046358319389832
Deaths,Colombia,Both,All ages,Liver cancer due to alcohol use,Rate,1990,0.4178098087861331,0.5387344665226208,0.3161943945063369
Deaths,Colombia,Both,All ages,Alcohol use disorders,Rate,1990,0.33539818596355,0.35266626729352846,0.3177361346567779
Deaths,Slovenia,Both,All ages,Alcoholic cardiomyopathy,Rate,2000,3.891632910479147,5.310633455255991,2.6779742078923485
Deaths,Zimbabwe,Both,All ages,Alcohol use disorders,Rate,2000,0.2746657581982927,0.3831629818965987,0.19307062154110521
Deaths,Republic of the Gambia,Both,All ages,Alcoholic cardiomyopathy,Rate,1990,0.058890221546524214,0.1401060163644513,0.005448401818446329
Deaths,Cook Islands,Both,All ages,Alcohol use disorders,Rate,2000,2.1696504764816593,2.7367673575117135,1.5127421351081496
Deaths,Chad,Both,All ages,Liver cancer due to alcohol use,Rate,1990,1.3138759770044623,2.6858882037373166,0.5088638012764071
Deaths,Democratic People's Republic of Korea,Both,All ages,Cirrhosis due to alcohol,Rate,2000,1.9112545735771926,3.2139244037632624,1.0741576743604493
Deaths,Tonga,Both,All ages,Liver cancer due to alcohol use,Rate,1990,1.402526289684596,2.3278281470657056,0.8111868961849303
Deaths,Papua New Guinea,Both,All ages,Cirrhosis due to alcohol,Rate,1990,0.9428789772689291,1.6024651758407729,0.51070173788267
Deaths,Democratic Republic of the Congo,Both,All ages,Cirrhosis due to alcohol,Rate,1990,4.255462813179841,6.374678782396395,2.6273037428419044
Deaths,Sudan,Both,All ages,Liver cancer due to alcohol use,Rate,1990,0.2661781506537512,0.515132499148316,0.11861943329036585
Deaths,Uganda,Both,All ages,Alcohol use disorders,Rate,1990,1.1050619941106883,1.561879068072035,0.7814868344489533
Deaths,Ecuador,Both,All ages,Liver cancer due to alcohol use,Rate,2000,0.2989615012687526,0.4080823141927577,0.21701157999682272
Deaths,Albania,Both,All ages,Alcoholic cardiomyopathy,Rate,2010,0.8937191849019599,1.5889206880754192,0.23806141291074617
Deaths,Antigua and Barbuda,Both,All ages,Cirrhosis due to alcohol,Rate,2000,4.332135830611784,5.124690893646373,3.492996248943693
Deaths,Belize,Both,All ages,Liver cancer due to alcohol use,Rate,2010,0.39515238073302184,0.5067203123112769,0.2985431369992679
Deaths,Republic of Nauru,Both,All ages,Alcohol use disorders,Rate,2000,1.298002653698112,2.1453739980397,0.6192340521078156
Deaths,Maldives,Both,All ages,Cirrhosis due to alcohol,Rate,2010,1.2174312037035304,1.6498636650566434,0.8602126215027599
Deaths,Honduras,Both,All ages,Liver cancer due to alcohol use,Rate,2010,0.3760056827383387,0.6316338593833796,0.22613006953458464
Deaths,Denmark,Both,All ages,Alcoholic cardiomyopathy,Rate,2010,1.1834663482008612,1.2827140645723685,1.0793554937469012
Deaths,Northern Mariana Islands,Both,All ages,Alcohol use disorders,Rate,1990,2.3010983526155635,3.2632394248749304,1.3972806191169727
Deaths,Papua New Guinea,Both,All ages,Alcoholic cardiomyopathy,Rate,1990,0.0440239672463232,0.09732010691339395,0.004072966953008304
Deaths,Peru,Both,All ages,Liver cancer due to alcohol use,Rate,1990,0.2873174754103433,0.3975264573492098,0.18744335620030197
Deaths,Congo,Both,All ages,Alcohol use disorders,Rate,2000,1.4313844839642307,1.859330127314506,0.9520940719494675
Deaths,Marshall Islands,Both,All ages,Liver cancer due to alcohol use,Rate,2000,0.1531628533470694,0.2788596919161232,0.0799868654010948
Deaths,Spain,Both,All ages,Alcoholic cardiomyopathy,Rate,2000,0.7405244554413986,0.8095506421711457,0.6653928704368566
Deaths,Malaysia,Both,All ages,Alcohol use disorders,Rate,1990,0.4408312152691949,0.6526682971278138,0.2714547589326783
Deaths,Sierra Leone,Both,All ages,Alcoholic cardiomyopathy,Rate,2000,0.06501866911865682,0.15688582165640033,0.007593784530825809
Deaths,Turkey,Both,All ages,Liver cancer due to alcohol use,Rate,1990,0.24601901302645346,0.38289764687137295,0.15347202526307852
Deaths,Latvia,Both,All ages,Alcoholic cardiomyopathy,Rate,1990,9.375695846450578,11.010069506891286,8.01041667107943
Deaths,Comoros,Both,All ages,Liver cancer due to alcohol use,Rate,2010,0.37377463212749895,0.6127190147018875,0.2129915027674742
Deaths,Tuvalu,Both,All ages,Alcoholic cardiomyopathy,Rate,2000,0.06132949368653279,0.1213126724741383,0.008328080463547266
Deaths,Maldives,Both,All ages,Alcohol use disorders,Rate,2000,0.10764145786277128,0.1331619372712024,0.07022196068606257
Deaths,Sudan,Both,All ages,Alcohol use disorders,Rate,1990,0.1640779287983903,0.23817792536787102,0.07776897115203163
Deaths,Zambia,Both,All ages,Cirrhosis due to alcohol,Rate,2010,3.944087749363734,5.55872256568638,2.581304873069861
Deaths,Republic of Côte d'Ivoire,Both,All ages,Liver cancer due to alcohol use,Rate,2000,0.4959345793646326,0.7234113033385491,0.3362822347490413
Deaths,Algeria,Both,All ages,Alcoholic cardiomyopathy,Rate,2000,0.0420295591282141,0.08424524554208723,0.0091858761928589
Deaths,Northern Mariana Islands,Both,All ages,Alcoholic cardiomyopathy,Rate,1990,0.1261559231574854,0.2352090826558436,0.026951478837143824
Deaths,Northern Mariana Islands,Both,All ages,Alcoholic cardiomyopathy,Rate,2000,0.09845093906731903,0.1795766258522348,0.024273494962374444
Deaths,Estonia,Both,All ages,Alcoholic cardiomyopathy,Rate,1990,7.569937868045113,9.259739252476262,5.862792454958779
Deaths,Zimbabwe,Both,All ages,Alcoholic cardiomyopathy,Rate,2000,0.014284889238069738,0.04434147303431556,0.002203942526665175
Deaths,Indonesia,Both,All ages,Alcohol use disorders,Rate,1990,0.07601017930823485,0.09345293483210865,0.05179843015010335
Deaths,Sweden,Both,All ages,Cirrhosis due to alcohol,Rate,1990,4.572117550078526,4.949261103674419,4.159932199636457
Deaths,Congo,Both,All ages,Alcoholic cardiomyopathy,Rate,2000,0.00168460313900183,0.007982621199527922,0.00033870711619704753
Deaths,Andorra,Both,All ages,Alcohol use disorders,Rate,2000,0.4686455063183915,0.6208694412393021,0.31317530053286446
Deaths,Jordan,Both,All ages,Liver cancer due to alcohol use,Rate,1990,0.06390181770774034,0.11131932854770644,0.0347794180673452
Deaths,Finland,Both,All ages,Alcohol use disorders,Rate,2010,12.242643034602652,12.704565573951193,11.72558507841542
Deaths,Switzerland,Both,All ages,Alcoholic cardiomyopathy,Rate,1990,1.986707224800883,2.2843336648227335,1.726191470580069
Deaths,Republic of Palau,Both,All ages,Cirrhosis due to alcohol,Rate,2000,2.529092918211393,3.9662699561070696,1.4061370274599894
Deaths,Republic of Palau,Both,All ages,Cirrhosis due to alcohol,Rate,1990,2.2677026881341154,3.5095698352097457,1.3174119139672194
Deaths,United States of America,Both,All ages,Liver cancer due to alcohol use,Rate,2010,1.4831477936787223,1.6497873022800498,1.3388633059398911
Deaths,Malawi,Both,All ages,Liver cancer due to alcohol use,Rate,2000,0.5492977500027645,0.792258323001936,0.35114448322538305
Deaths,Papua New Guinea,Both,All ages,Liver cancer due to alcohol use,Rate,2000,0.16502749988026608,0.438982329653921,0.072701538662543
Deaths,Colombia,Both,All ages,Alcoholic cardiomyopathy,Rate,1990,0.032780632973654335,0.0361008604134699,0.029289530330421674
Deaths,Bhutan,Both,All ages,Liver cancer due to alcohol use,Rate,2010,0.5755526827393014,0.8876451554525931,0.35376241434116124
Deaths,Lao People's Democratic Republic,Both,All ages,Liver cancer due to alcohol use,Rate,2000,0.9610514932911618,1.4863800232568516,0.5791874603505404
Deaths,Ghana,Both,All ages,Cirrhosis due to alcohol,Rate,1990,3.048602160794331,4.481740212095001,1.8565151268091409
Deaths,Myanmar,Both,All ages,Liver cancer due to alcohol use,Rate,2000,0.29722252061483123,0.6579170704778478,0.1476322764687117
Deaths,Botswana,Both,All ages,Cirrhosis due to alcohol,Rate,1990,3.066575586216284,5.638043380249331,1.7239753327648948
Deaths,Marshall Islands,Both,All ages,Alcoholic cardiomyopathy,Rate,2000,0.039524362010670784,0.08508108478716352,0.004677980448898011
Deaths,Iraq,Both,All ages,Liver cancer due to alcohol use,Rate,1990,0.16421789247266605,0.25450242017425045,0.1022944315400624
Deaths,Uganda,Both,All ages,Alcoholic cardiomyopathy,Rate,1990,0.0008910925762041457,0.004699458587883939,0.00016900492953954863
Deaths,Commonwealth of the Bahamas,Both,All ages,Cirrhosis due to alcohol,Rate,1990,6.64214557456902,8.052646227620759,5.243614443096929
Deaths,Mozambique,Both,All ages,Alcoholic cardiomyopathy,Rate,2000,0.0007943912264643971,0.004457923266801518,0.00015403859637483158
Deaths,Commonwealth of the Bahamas,Both,All ages,Alcohol use disorders,Rate,1990,2.4111397996540314,2.6499328601129024,2.2020900308946305
Deaths,Egypt,Both,All ages,Liver cancer due to alcohol use,Rate,2010,0.7167153715572298,1.0693239998280177,0.43777743897771815
Deaths,Luxembourg,Both,All ages,Cirrhosis due to alcohol,Rate,2000,9.34716089479262,10.946498224913887,7.639631025550155
Deaths,Islamic Republic of Iran,Both,All ages,Liver cancer due to alcohol use,Rate,1990,0.07193246105768927,0.09888809147365468,0.0551082435693162
Deaths,Zambia,Both,All ages,Liver cancer due to alcohol use,Rate,2000,1.0332075494563049,1.7541896462768825,0.5688447090477936
Deaths,Bulgaria,Both,All ages,Liver cancer due to alcohol use,Rate,2010,4.004802855516362,4.910812651471537,3.1098963921717013
Deaths,Samoa,Both,All ages,Alcohol use disorders,Rate,1990,0.7592964190495467,1.0478982802599253,0.3929270422434876
Deaths,Commonwealth of the Bahamas,Both,All ages,Liver cancer due to alcohol use,Rate,2000,0.7207239941614988,0.9274070758200574,0.5416049864851321
Deaths,Belarus,Both,All ages,Liver cancer due to alcohol use,Rate,1990,1.0994145100860657,1.4498899554563283,0.8008313234242147
Deaths,Belarus,Both,All ages,Alcohol use disorders,Rate,1990,13.313812740464005,13.82077264347827,12.735087069731737
Deaths,Cambodia,Both,All ages,Liver cancer due to alcohol use,Rate,2010,0.758503940014215,1.5069898991799318,0.389592364709162
Deaths,Cambodia,Both,All ages,Alcohol use disorders,Rate,2010,0.6779988983351386,0.9142160859081823,0.4450777714122379
Deaths,Bosnia and Herzegovina,Both,All ages,Cirrhosis due to alcohol,Rate,2010,6.816914732925735,8.860166836028279,5.267550175238435
Deaths,Federated States of Micronesia,Both,All ages,Alcohol use disorders,Rate,2000,0.9998695412336565,1.5100970657933823,0.5602772080587813
Deaths,Togo,Both,All ages,Alcohol use disorders,Rate,2000,0.8163181701234096,1.0683347606642055,0.5684277131010619
Deaths,Republic of Cabo Verde,Both,All ages,Liver cancer due to alcohol use,Rate,2000,1.1798051347532659,1.8282395156053917,0.7541221741902732
Deaths,Austria,Both,All ages,Liver cancer due to alcohol use,Rate,1990,2.3341305434501907,2.730410699509893,1.9235838940994234
Deaths,Maldives,Both,All ages,Alcoholic cardiomyopathy,Rate,2000,0.037700591911223304,0.06428047902967292,0.009885479753062186
Deaths,Serbia,Both,All ages,Cirrhosis due to alcohol,Rate,2010,7.548891004388897,9.561542405185746,5.952363066567327
Deaths,Cook Islands,Both,All ages,Alcoholic cardiomyopathy,Rate,2000,0.0005066806720718912,0.0008402190743772273,2.7454891170163575e-05
Deaths,Switzerland,Both,All ages,Alcohol use disorders,Rate,2000,3.7988209609191856,3.965906988873692,3.6411656531938528
Deaths,Oman,Both,All ages,Alcoholic cardiomyopathy,Rate,2010,0.005521317280669487,0.010694462891684752,0.0008950974748438859
Deaths,Israel,Both,All ages,Alcohol use disorders,Rate,2010,0.9316947542657188,0.9822834189882801,0.8834807368347456
Deaths,Cyprus,Both,All ages,Liver cancer due to alcohol use,Rate,1990,1.1620019377115525,1.6634143650384754,0.7591059675137594
Deaths,Cyprus,Both,All ages,Alcohol use disorders,Rate,1990,0.8448823950113185,1.0272435839643876,0.6351387070171418
Deaths,Mauritius,Both,All ages,Alcohol use disorders,Rate,2010,3.9102730285710168,4.196399712912633,3.647257208322242
Deaths,Burundi,Both,All ages,Liver cancer due to alcohol use,Rate,1990,0.500674003623533,1.0193359209291375,0.2586831106003871
Deaths,Kuwait,Both,All ages,Liver cancer due to alcohol use,Rate,2000,0.10096849119126967,0.14629547662352252,0.0676209676593389
Deaths,Kuwait,Both,All ages,Alcohol use disorders,Rate,2000,0.2525800983243551,0.2712697943002739,0.23473706449464937
Deaths,Suriname,Both,All ages,Cirrhosis due to alcohol,Rate,2010,7.427475544411159,9.017031511646692,6.021170825459939
Deaths,Grenada,Both,All ages,Liver cancer due to alcohol use,Rate,2000,0.6408080439703936,0.8320016316739154,0.48437584466092637
Deaths,Bosnia and Herzegovina,Both,All ages,Alcohol use disorders,Rate,2010,4.358366821676645,6.082929973459746,3.6416389851285116
Deaths,Malawi,Both,All ages,Alcoholic cardiomyopathy,Rate,2000,0.0008242044944327776,0.004070073537027953,0.00018993427057851551
Deaths,Tokelau,Both,All ages,Liver cancer due to alcohol use,Rate,1990,0.3713231474083315,0.73183071333629,0.18591472417490448
Deaths,United States Virgin Islands,Both,All ages,Cirrhosis due to alcohol,Rate,2000,8.17638295200921,10.074999633809984,6.357759369599802
Deaths,Republic of Niue,Both,All ages,Cirrhosis due to alcohol,Rate,2000,3.270847328740295,4.8535141044541,1.9112544105647018
Deaths,Greenland,Both,All ages,Cirrhosis due to alcohol,Rate,2000,2.4000056970311103,3.389764115609532,1.5843066539833957
Deaths,Mali,Both,All ages,Liver cancer due to alcohol use,Rate,1990,1.8944741474213653,2.784254959148487,1.1977259730350236
Deaths,Fiji,Both,All ages,Liver cancer due to alcohol use,Rate,2010,0.3759358110094749,0.5652760928976581,0.233154346475884
Deaths,Switzerland,Both,All ages,Liver cancer due to alcohol use,Rate,2010,2.921727572404339,3.6391943024304183,2.2286727122511683
Deaths,Republic of Côte d'Ivoire,Both,All ages,Alcohol use disorders,Rate,1990,0.9502856971667067,1.3191024516981602,0.6392690993113596
Deaths,Togo,Both,All ages,Alcoholic cardiomyopathy,Rate,2000,0.048525215876284826,0.11284117116096838,0.005274327839501507
Deaths,Finland,Both,All ages,Liver cancer due to alcohol use,Rate,1990,1.428586178561748,1.8499335144482438,1.0619342648221384
Deaths,Switzerland,Both,All ages,Alcoholic cardiomyopathy,Rate,2000,2.1188982952212614,2.2955186777533454,1.9265316651439153
Deaths,Rwanda,Both,All ages,Cirrhosis due to alcohol,Rate,2000,5.028298287469378,6.820293805821547,3.3333533001811966
Deaths,Kuwait,Both,All ages,Liver cancer due to alcohol use,Rate,1990,0.12676607092591463,0.18726212650375695,0.08444833833964244
Deaths,Kuwait,Both,All ages,Alcohol use disorders,Rate,1990,0.25453916894441525,0.28020922868766757,0.22971976428241406
Deaths,Kyrgyzstan,Both,All ages,Liver cancer due to alcohol use,Rate,2010,0.38942600099171126,0.535691240444261,0.27363591857187475
Deaths,Kyrgyzstan,Both,All ages,Alcohol use disorders,Rate,2010,7.366258969430124,8.015558098471665,6.77163964879326
Deaths,Tokelau,Both,All ages,Alcoholic cardiomyopathy,Rate,1990,0.08038091550682731,0.17522860760365583,0.009763608926065662
Deaths,Latvia,Both,All ages,Alcohol use disorders,Rate,1990,11.002722426978737,11.583846401072215,10.482744584897663
Deaths,Commonwealth of the Bahamas,Both,All ages,Alcoholic cardiomyopathy,Rate,1990,0.9324125996645957,1.1408774944915714,0.7349274423058602
Deaths,Barbados,Both,All ages,Cirrhosis due to alcohol,Rate,1990,6.076755955541931,7.2606254883914545,4.95075081546561
Deaths,Andorra,Both,All ages,Alcoholic cardiomyopathy,Rate,2000,1.714127518215177,3.017062942758936,0.6304365308138515
Deaths,Republic of the Gambia,Both,All ages,Alcohol use disorders,Rate,2000,0.8684512457690462,1.1509811159693375,0.5608583832405654
Deaths,Papua New Guinea,Both,All ages,Alcoholic cardiomyopathy,Rate,2000,0.04017836498266231,0.08386778410126852,0.004901689500058779
Deaths,Tunisia,Both,All ages,Alcohol use disorders,Rate,2000,0.14157997870708672,0.18021551206901765,0.06397454886965849
Deaths,Andorra,Both,All ages,Alcohol use disorders,Rate,1990,0.4188308319145497,0.6061093462313719,0.2748921427033973
Deaths,Hungary,Both,All ages,Liver cancer due to alcohol use,Rate,2000,1.3521294978338885,1.7036296429909896,1.059992242700348
Deaths,Bulgaria,Both,All ages,Alcoholic cardiomyopathy,Rate,2010,0.5217596313521737,0.5851006537045655,0.4640429529976686
Deaths,Ukraine,Both,All ages,Liver cancer due to alcohol use,Rate,2010,1.4141152877836625,1.639983047742508,1.228576531500769
Deaths,Djibouti,Both,All ages,Alcohol use disorders,Rate,2010,1.350925703857121,2.167523138032267,0.8123636436666093
Deaths,Jordan,Both,All ages,Alcohol use disorders,Rate,2010,0.04084259123600211,0.05055482694969793,0.027749057234165216
Deaths,Lao People's Democratic Republic,Both,All ages,Alcoholic cardiomyopathy,Rate,2000,0.03484379742193616,0.06852502230897331,0.008111996048293326
Deaths,Andorra,Both,All ages,Alcoholic cardiomyopathy,Rate,1990,1.4300433524695837,2.5139626639017525,0.5340750424808338
Deaths,Mexico,Both,All ages,Alcohol use disorders,Rate,2010,2.9228768139833567,2.99128124899366,2.8556322760005397
Deaths,Zambia,Both,All ages,Cirrhosis due to alcohol,Rate,1990,4.266121921503563,6.549098649839923,2.8009903249635992
Deaths,Lithuania,Both,All ages,Alcohol use disorders,Rate,1990,15.226191755394593,15.95413433563276,14.514622041406495
Deaths,Sweden,Both,All ages,Alcohol use disorders,Rate,2000,6.220970360064111,6.452711688853775,5.982728040324249
Deaths,United Kingdom of Great Britain and Northern Ireland,Both,All ages,Cirrhosis due to alcohol,Rate,1990,3.372747302117709,3.694508488472022,3.0565528540498446
Deaths,Kyrgyzstan,Both,All ages,Alcoholic cardiomyopathy,Rate,2010,6.817527332193621,7.520089021959662,6.169795374485565
Deaths,Mauritius,Both,All ages,Alcohol use disorders,Rate,2000,5.778870587511933,6.115180681812736,5.442859312023035
Deaths,Commonwealth of the Bahamas,Both,All ages,Alcoholic cardiomyopathy,Rate,2000,1.2264655824551327,1.3860475335485036,1.0748712547418076
Deaths,Angola,Both,All ages,Liver cancer due to alcohol use,Rate,2010,0.5903727714613473,1.8625788705605646,0.08442485784949705
Deaths,Senegal,Both,All ages,Liver cancer due to alcohol use,Rate,2000,0.7683911862042838,1.13611544179048,0.4523569356181778
Deaths,Samoa,Both,All ages,Alcohol use disorders,Rate,2000,0.7866796666215612,1.1248804371348873,0.4058508501454658
Deaths,France,Both,All ages,Cirrhosis due to alcohol,Rate,2010,7.140934211949847,8.373642312334203,5.868461593182723
Deaths,Brazil,Both,All ages,Liver cancer due to alcohol use,Rate,2010,0.5542037558728462,0.6258515240322262,0.49028929863388904
Deaths,Malaysia,Both,All ages,Alcoholic cardiomyopathy,Rate,1990,0.0011455544864742448,0.0022622662950372873,5.0375242415045426e-05
Deaths,Mauritius,Both,All ages,Alcoholic cardiomyopathy,Rate,2010,0.11579268818698808,0.1317482229412894,0.10223322490957495
Deaths,South Sudan,Both,All ages,Alcoholic cardiomyopathy,Rate,2010,0.0005283360745288875,0.00362640224114833,0.00010134306224605927
Deaths,Cuba,Both,All ages,Alcohol use disorders,Rate,2010,3.416114987631399,3.5751942149966798,3.2688590510333464
Deaths,Burundi,Both,All ages,Alcoholic cardiomyopathy,Rate,1990,0.0011309683306275466,0.005793363667245372,0.00022200597744034595
Deaths,Republic of Nauru,Both,All ages,Liver cancer due to alcohol use,Rate,1990,0.4115873429320762,0.6291724278505729,0.24697109195605932
Deaths,Vanuatu,Both,All ages,Liver cancer due to alcohol use,Rate,1990,0.2162600265741396,0.44609090638831456,0.11697073023354465
Deaths,Vanuatu,Both,All ages,Alcohol use disorders,Rate,1990,0.7358742486281628,1.0347072000638153,0.373253064613067
Deaths,Sierra Leone,Both,All ages,Alcohol use disorders,Rate,2010,0.7721814679064007,1.00892924025316,0.5344900618843454
Deaths,Senegal,Both,All ages,Alcoholic cardiomyopathy,Rate,2000,0.047774761546061605,0.11286051534168423,0.0050805250942992505
Deaths,Finland,Both,All ages,Alcoholic cardiomyopathy,Rate,1990,4.857516623662129,5.5015610748869355,4.214743299581266
Deaths,United Kingdom of Great Britain and Northern Ireland,Both,All ages,Cirrhosis due to alcohol,Rate,2000,5.670733192648993,6.210204914774212,5.111098572579096
Deaths,Gabon,Both,All ages,Liver cancer due to alcohol use,Rate,2000,1.1224150051795878,2.0823844980651747,0.5330951376415967
Deaths,Republic of Cabo Verde,Both,All ages,Alcoholic cardiomyopathy,Rate,2000,0.010078083095997037,0.023237536884842622,0.0010593796576959316
Deaths,Lao People's Democratic Republic,Both,All ages,Cirrhosis due to alcohol,Rate,1990,5.42063656075636,8.737069217784816,3.1484776557756744
Deaths,Mozambique,Both,All ages,Cirrhosis due to alcohol,Rate,2010,1.9489047635307406,2.7865323520909815,1.2886294871591313
Deaths,Mauritius,Both,All ages,Alcoholic cardiomyopathy,Rate,2000,0.7794569059614772,0.8621367362947727,0.6994869066282162
Deaths,Slovenia,Both,All ages,Liver cancer due to alcohol use,Rate,2010,2.972999153467041,3.8298007982215267,2.251903534746692
Deaths,Australia,Both,All ages,Cirrhosis due to alcohol,Rate,2010,1.6109246745586048,2.021093774321813,1.2508178183772085
Deaths,Grenada,Both,All ages,Alcoholic cardiomyopathy,Rate,2000,1.225617595234053,1.392667171750705,1.0895425534911924
Deaths,Benin,Both,All ages,Cirrhosis due to alcohol,Rate,2010,2.5776457054605832,4.056139751419737,1.579773771384485
Deaths,Greenland,Both,All ages,Alcoholic cardiomyopathy,Rate,2010,1.2875797355821479,2.0639198876863984,0.1842462034517268
Deaths,Belarus,Both,All ages,Alcoholic cardiomyopathy,Rate,1990,8.992194448879552,11.023067580570538,7.311065919745052
Deaths,Papua New Guinea,Both,All ages,Cirrhosis due to alcohol,Rate,2000,0.8023995128350269,1.2733909903783984,0.45742724466944473
Deaths,Afghanistan,Both,All ages,Cirrhosis due to alcohol,Rate,1990,1.5701027151236409,2.747723893546388,0.7778626119269915
Deaths,Djibouti,Both,All ages,Alcoholic cardiomyopathy,Rate,2010,0.0008984505741624701,0.005546849703333644,0.00015753501316105554
Deaths,Dominica,Both,All ages,Liver cancer due to alcohol use,Rate,2010,1.2748426609682868,1.720671803554205,0.914298378414337
Deaths,Barbados,Both,All ages,Alcohol use disorders,Rate,1990,1.746375633902034,1.8853263927302475,1.6200236372529406
Deaths,Yemen,Both,All ages,Alcohol use disorders,Rate,1990,0.12466610401371957,0.19586001656267196,0.0460544947159744
Deaths,Republic of the Gambia,Both,All ages,Alcoholic cardiomyopathy,Rate,2000,0.052264603317347086,0.1262103557961711,0.006360158481136626
Deaths,Bulgaria,Both,All ages,Liver cancer due to alcohol use,Rate,2000,3.841999225661467,4.865063807499476,2.848593526550243
Deaths,Republic of Côte d'Ivoire,Both,All ages,Alcoholic cardiomyopathy,Rate,1990,0.061930007520873104,0.13104747829868732,0.006093514816001887
Deaths,Turkey,Both,All ages,Alcoholic cardiomyopathy,Rate,1990,0.01269046335764374,0.029214207773942572,0.0025169406496688427
Deaths,Austria,Both,All ages,Liver cancer due to alcohol use,Rate,2000,3.357316012686784,3.9982580730078374,2.787463832121907
Deaths,Commonwealth of the Bahamas,Both,All ages,Cirrhosis due to alcohol,Rate,2000,5.689935853457665,6.929938252147302,4.490656984936059
Deaths,Bahrain,Both,All ages,Alcohol use disorders,Rate,2000,0.49177831435259306,0.5937832581702404,0.19192196288731644
Deaths,Eritrea,Both,All ages,Cirrhosis due to alcohol,Rate,2010,4.164475854715572,6.282301007361222,2.4999786437544387
Deaths,Albania,Both,All ages,Liver cancer due to alcohol use,Rate,2000,2.56759592491995,3.702991138067012,1.6473150394398783
Deaths,Albania,Both,All ages,Alcohol use disorders,Rate,2000,0.4627072726068159,0.5864233317605881,0.3552883943084858
Deaths,Costa Rica,Both,All ages,Alcohol use disorders,Rate,1990,1.5595526784461022,1.6533357002998228,1.467337907085999
Deaths,Botswana,Both,All ages,Liver cancer due to alcohol use,Rate,2010,0.7037385289804411,1.8242148954859438,0.287181997774501
Deaths,Equatorial Guinea,Both,All ages,Liver cancer due to alcohol use,Rate,2000,0.15751185810000012,0.3500643482464775,0.07069887012469117
Deaths,Equatorial Guinea,Both,All ages,Alcohol use disorders,Rate,2000,0.8973155733191959,1.240799346950887,0.5443604465607568
Deaths,Malaysia,Both,All ages,Alcohol use disorders,Rate,2000,0.4405662008474374,0.6520750828296281,0.28266907190500995
Deaths,Guam,Both,All ages,Cirrhosis due to alcohol,Rate,2010,2.815485610356929,3.907687860542293,1.9218569282547997
Deaths,Austria,Both,All ages,Cirrhosis due to alcohol,Rate,1990,13.782454323739703,16.05077040688586,11.511416298185482
Deaths,Turkey,Both,All ages,Liver cancer due to alcohol use,Rate,2000,0.24434245701848883,0.3657052044743829,0.15820753777601237
Deaths,Angola,Both,All ages,Alcoholic cardiomyopathy,Rate,2010,0.0013716139010006105,0.00788638282894465,0.00026888269931668325
Deaths,South Africa,Both,All ages,Liver cancer due to alcohol use,Rate,2010,1.0808997027652194,1.2519386261187668,0.9231940053282925
Deaths,Democratic Republic of the Congo,Both,All ages,Cirrhosis due to alcohol,Rate,2000,3.930953773894037,5.778266076208628,2.415161556123406
Deaths,Republic of Palau,Both,All ages,Liver cancer due to alcohol use,Rate,1990,0.6821156139340769,1.1364660996214224,0.40215337131297035
Deaths,Bulgaria,Both,All ages,Liver cancer due to alcohol use,Rate,1990,4.432986697542607,5.671135625143953,3.1854228418762913
Deaths,Austria,Both,All ages,Cirrhosis due to alcohol,Rate,2000,10.93111206924015,12.836547885430978,9.099787954080886
Deaths,India,Both,All ages,Alcohol use disorders,Rate,2010,1.4743643854619366,1.6768021309128482,0.8469944184506477
Deaths,Kiribati,Both,All ages,Liver cancer due to alcohol use,Rate,2010,0.34719845272438143,0.5228213992758545,0.22479147518140277
Deaths,Kiribati,Both,All ages,Alcohol use disorders,Rate,2010,0.4117850230988139,0.5585818705986825,0.28367311292000913
Deaths,Samoa,Both,All ages,Alcoholic cardiomyopathy,Rate,2000,0.04247784946457069,0.08573921916322139,0.005641632296813701
Deaths,Mozambique,Both,All ages,Cirrhosis due to alcohol,Rate,2000,1.8699838942394507,2.7289260713838157,1.1674486241575714
Deaths,Equatorial Guinea,Both,All ages,Alcoholic cardiomyopathy,Rate,2000,0.001280501943967256,0.007100482414433106,0.00021120799156855888
Deaths,Italy,Both,All ages,Cirrhosis due to alcohol,Rate,2010,5.023289973391033,5.730353474425762,4.386298466201054
Deaths,China,Both,All ages,Cirrhosis due to alcohol,Rate,2010,0.7924398509820619,0.9720643041521622,0.652433650976993
Deaths,Sri Lanka,Both,All ages,Liver cancer due to alcohol use,Rate,2010,0.3196285674363342,0.4374733081285533,0.2205272098320892
Deaths,Gabon,Both,All ages,Alcoholic cardiomyopathy,Rate,2000,0.0018693583930897157,0.009361531706347927,0.0003401016562769944
Deaths,Ghana,Both,All ages,Cirrhosis due to alcohol,Rate,2000,3.4213055364251317,4.958323145482866,2.2588537778309195
Deaths,Mexico,Both,All ages,Alcoholic cardiomyopathy,Rate,2010,0.13216309807016538,0.13730565092096758,0.12644987637496471
Deaths,Republic of Moldova,Both,All ages,Liver cancer due to alcohol use,Rate,2010,1.1083683194675533,1.38832196369445,0.8483833836658881
Deaths,Austria,Both,All ages,Liver cancer due to alcohol use,Rate,2010,4.8908020401575545,5.857852409298303,3.98405928407769
Deaths,Solomon Islands,Both,All ages,Liver cancer due to alcohol use,Rate,1990,0.30858550748976066,0.7570201295005359,0.09468362323870273
Deaths,Cambodia,Both,All ages,Liver cancer due to alcohol use,Rate,2000,0.618757043861364,1.3128586656392367,0.29577063771206835
Deaths,Cambodia,Both,All ages,Alcohol use disorders,Rate,2000,0.6138882586300215,0.8138072802114261,0.37805708040871927
Deaths,Vanuatu,Both,All ages,Alcoholic cardiomyopathy,Rate,1990,0.03980175385566308,0.0770925660107287,0.005131056941066101
Deaths,Estonia,Both,All ages,Cirrhosis due to alcohol,Rate,1990,4.166770861901171,5.038803480324594,3.377957319559544
Deaths,Philippines,Both,All ages,Liver cancer due to alcohol use,Rate,2000,0.8470336812685405,1.0628652752791357,0.6342593656718253
Deaths,Philippines,Both,All ages,Alcohol use disorders,Rate,2000,0.542745274433465,0.6157686053917584,0.3291684508276414
Deaths,Yemen,Both,All ages,Alcoholic cardiomyopathy,Rate,1990,0.05021873225340963,0.12016646071435905,0.009722128056810931
Deaths,Cyprus,Both,All ages,Alcoholic cardiomyopathy,Rate,1990,0.5834323368184683,1.0950048061319375,0.13904686652672307
Deaths,Albania,Both,All ages,Alcoholic cardiomyopathy,Rate,2000,0.7405414087457663,1.1756578588208497,0.2461895210442592
Deaths,Sierra Leone,Both,All ages,Alcohol use disorders,Rate,2000,0.7662082280767005,0.9892151870104628,0.49164316923109036
Deaths,Paraguay,Both,All ages,Alcohol use disorders,Rate,2010,3.025467040592074,3.74378953308583,2.0436916921858277
Deaths,Kuwait,Both,All ages,Alcoholic cardiomyopathy,Rate,1990,0.1283081261314454,0.16926773276527893,0.09672877990407579
Deaths,Cambodia,Both,All ages,Alcoholic cardiomyopathy,Rate,2010,0.029371352062082936,0.054213346674358856,0.00612108338969657
Deaths,Comoros,Both,All ages,Alcohol use disorders,Rate,1990,1.0427267456283997,1.5804275770853842,0.6433397917369238
Deaths,Kiribati,Both,All ages,Alcoholic cardiomyopathy,Rate,2010,0.09436932723715358,0.175952417649225,0.022489699246425455
Deaths,Papua New Guinea,Both,All ages,Cirrhosis due to alcohol,Rate,2010,0.755758430387026,1.1886114145147422,0.4643125756330781
Deaths,Qatar,Both,All ages,Cirrhosis due to alcohol,Rate,2010,0.34429810205025296,0.5366406070038654,0.20669070330427333
Deaths,Estonia,Both,All ages,Alcohol use disorders,Rate,1990,12.585030682755598,13.289481222414231,11.89020401103249
Deaths,Jordan,Both,All ages,Alcoholic cardiomyopathy,Rate,2010,0.0021393479539710274,0.003268180787760785,0.0003208033076154234
Deaths,Turkey,Both,All ages,Cirrhosis due to alcohol,Rate,2000,0.35098739976290577,0.547696301752351,0.21311391034804827
Deaths,Belize,Both,All ages,Liver cancer due to alcohol use,Rate,1990,0.27219057486212556,0.3710206324361237,0.19323867815082627
Deaths,Iraq,Both,All ages,Alcohol use disorders,Rate,1990,0.002998393376650171,0.0038348899205987116,0.0019581300070642365
Deaths,Denmark,Both,All ages,Cirrhosis due to alcohol,Rate,1990,7.009299538061046,8.118092640940684,5.826659416849063
Deaths,Namibia,Both,All ages,Liver cancer due to alcohol use,Rate,1990,0.1713420826807711,0.3451723479837612,0.07723660723904556
Deaths,Cuba,Both,All ages,Alcoholic cardiomyopathy,Rate,2010,3.017855868692033,3.1922070580095996,2.837046573868215
Deaths,Barbados,Both,All ages,Alcohol use disorders,Rate,2000,2.34965393775558,2.538763467172764,2.171121265261462
Deaths,Switzerland,Both,All ages,Liver cancer due to alcohol use,Rate,1990,2.7067131593596088,3.3564545863816866,2.098593902096136
Deaths,Republic of the Gambia,Both,All ages,Cirrhosis due to alcohol,Rate,1990,2.5477356184316506,4.079690445780249,1.46434797194775
Deaths,Guinea,Both,All ages,Liver cancer due to alcohol use,Rate,1990,2.003855481156083,3.0997924676069237,1.3259008320746535
Deaths,Peru,Both,All ages,Alcohol use disorders,Rate,1990,1.4489118303848156,1.7734183346502095,0.9302071862161756
Deaths,Croatia,Both,All ages,Alcohol use disorders,Rate,2010,6.414425672309993,6.954296789014484,5.870321173173722
Deaths,Belize,Both,All ages,Cirrhosis due to alcohol,Rate,1990,3.806844778021386,4.576840065566025,3.030890614814417
Deaths,Bulgaria,Both,All ages,Alcoholic cardiomyopathy,Rate,2000,0.6625674505435724,0.7638768246896299,0.5762339202160223
Deaths,United Arab Emirates,Both,All ages,Alcohol use disorders,Rate,1990,0.2575280134694143,0.363669971514167,0.15634937590001985
Deaths,Lesotho,Both,All ages,Liver cancer due to alcohol use,Rate,2010,1.7413468589917604,4.723376257691469,0.67317426546861
Deaths,Samoa,Both,All ages,Alcoholic cardiomyopathy,Rate,1990,0.04443896899944276,0.09388983649297161,0.005227136063465878
Deaths,Chad,Both,All ages,Alcohol use disorders,Rate,2000,0.7765485889860892,1.0732803693664665,0.5164529119218154
Deaths,Kuwait,Both,All ages,Cirrhosis due to alcohol,Rate,2010,0.21729285558895595,0.30458746287395755,0.14142694856246274
Deaths,Egypt,Both,All ages,Cirrhosis due to alcohol,Rate,2000,1.5529955167566392,2.2512153195806075,0.9850867868415879
Deaths,United Kingdom of Great Britain and Northern Ireland,Both,All ages,Alcohol use disorders,Rate,2010,2.358578217847444,2.397159124566051,2.3185578412180177
Deaths,Nicaragua,Both,All ages,Cirrhosis due to alcohol,Rate,2010,5.871011457126696,7.1734902408121535,4.612616020425405
Deaths,Jordan,Both,All ages,Alcohol use disorders,Rate,1990,0.04884073170310097,0.06245671881829269,0.030933907600847934
Deaths,North Macedonia,Both,All ages,Alcohol use disorders,Rate,2000,1.5040123542887678,1.7788906061516392,1.101330126943837
Deaths,Maldives,Both,All ages,Cirrhosis due to alcohol,Rate,1990,2.1325599970427698,3.108746847131642,1.3264250921403773
Deaths,India,Both,All ages,Alcoholic cardiomyopathy,Rate,2010,0.0713851356879105,0.17100494029934496,0.013767648687303591
Deaths,Malaysia,Both,All ages,Alcoholic cardiomyopathy,Rate,2000,0.0013786377759127672,0.0023985159163767643,4.8901307669424014e-05
Deaths,Solomon Islands,Both,All ages,Cirrhosis due to alcohol,Rate,2000,2.0065333542112302,3.3770205593149076,1.1544447780790836
Deaths,Bulgaria,Both,All ages,Alcoholic cardiomyopathy,Rate,1990,0.2805045895261393,0.3285422975404923,0.23708993982085008
Deaths,Gabon,Both,All ages,Cirrhosis due to alcohol,Rate,2000,6.334435772509741,9.113793473816962,3.92885848081764
Deaths,Lesotho,Both,All ages,Alcohol use disorders,Rate,2010,1.3312532452416614,1.8751839425112695,0.822088362945897
Deaths,Republic of Nauru,Both,All ages,Alcoholic cardiomyopathy,Rate,1990,0.056025949362285866,0.11342293262944049,0.007341174395760012
Deaths,Peru,Both,All ages,Alcohol use disorders,Rate,2000,1.6454455176205753,1.966832760259155,0.958710402926121
Deaths,Afghanistan,Both,All ages,Liver cancer due to alcohol use,Rate,2010,0.1453049600322484,0.24120908116599035,0.08048707225223303
Deaths,Iraq,Both,All ages,Alcoholic cardiomyopathy,Rate,1990,0.00459728058164483,0.009192827616675387,0.0005628502365614733
Deaths,North Macedonia,Both,All ages,Alcoholic cardiomyopathy,Rate,2000,2.8762310967286333,4.82636585015944,0.8687864510458715
Deaths,South Africa,Both,All ages,Alcoholic cardiomyopathy,Rate,2010,0.0036216063375285315,0.004781593003101772,0.00035144085089937636
Deaths,Republic of Moldova,Both,All ages,Cirrhosis due to alcohol,Rate,1990,29.781001187689842,35.60849280808483,22.995246316907224
Deaths,Albania,Both,All ages,Liver cancer due to alcohol use,Rate,1990,2.1614473789120785,3.1190405302930273,1.3565836669748126
Deaths,Albania,Both,All ages,Alcohol use disorders,Rate,1990,0.3754954189665265,0.5123835455656123,0.28466217468969435
Deaths,Gabon,Both,All ages,Alcohol use disorders,Rate,2000,1.5203029947106415,1.9205413063561663,0.9147581596500907
Deaths,Colombia,Both,All ages,Liver cancer due to alcohol use,Rate,2000,0.2994141424366001,0.38782684094459635,0.2250787360434069
Deaths,Colombia,Both,All ages,Alcohol use disorders,Rate,2000,0.2437011177695625,0.2557018808053539,0.2324133454527976
Deaths,Turkey,Both,All ages,Alcoholic cardiomyopathy,Rate,2000,0.012848725167069381,0.028755728409524034,0.0025629769618786356
Deaths,Comoros,Both,All ages,Alcoholic cardiomyopathy,Rate,1990,0.000997453868509516,0.006170993179915566,0.0001789744763750553
Deaths,Philippines,Both,All ages,Alcoholic cardiomyopathy,Rate,2000,0.060690216411783605,0.10878648788460464,0.012385116912598823
Deaths,Dominican Republic,Both,All ages,Liver cancer due to alcohol use,Rate,2010,0.37273146910167587,0.5077094362124691,0.26592652462262345
Deaths,Dominican Republic,Both,All ages,Alcohol use disorders,Rate,2010,0.9843795011531684,1.3854909771403587,0.6969212443242139
Deaths,Honduras,Both,All ages,Alcohol use disorders,Rate,2000,3.1005717585536217,4.495463421235971,2.013589181896563
Deaths,Burundi,Both,All ages,Alcohol use disorders,Rate,2010,1.0580790079192415,1.5798271641040726,0.7564984401571927
Deaths,Cameroon,Both,All ages,Liver cancer due to alcohol use,Rate,2010,1.069683803219851,1.956104548004895,0.6123899115582212
Deaths,Central African Republic,Both,All ages,Alcohol use disorders,Rate,2010,1.2801733050470445,1.8978131202489703,0.7130515751732314
Deaths,Marshall Islands,Both,All ages,Cirrhosis due to alcohol,Rate,2010,2.6255034072823444,4.061673822641919,1.5630308614974457
Deaths,El Salvador,Both,All ages,Liver cancer due to alcohol use,Rate,2010,0.2626915178750116,0.3468880877841551,0.18506475576103243
Deaths,Mongolia,Both,All ages,Alcohol use disorders,Rate,2010,19.46844763835597,24.424052257630034,14.539196032801073
Deaths,Marshall Islands,Both,All ages,Alcohol use disorders,Rate,2010,1.0493533676951337,1.55758206452879,0.5725570923638801
Deaths,Indonesia,Both,All ages,Alcohol use disorders,Rate,2010,0.09855246759753412,0.12004762256716257,0.06324913337953521
Deaths,France,Both,All ages,Alcohol use disorders,Rate,1990,5.490773611417543,5.681602855696069,5.318035069672563
Deaths,Cameroon,Both,All ages,Alcoholic cardiomyopathy,Rate,2010,0.03631253021633076,0.08292250489496243,0.004909504917659426
Deaths,Togo,Both,All ages,Cirrhosis due to alcohol,Rate,2000,2.465774268389023,3.6303905829402536,1.4190932255078097
Deaths,Paraguay,Both,All ages,Alcoholic cardiomyopathy,Rate,2010,0.10842110355487336,0.22106304166586407,0.024039956311436673
Deaths,Bulgaria,Both,All ages,Cirrhosis due to alcohol,Rate,2010,15.9211171935409,18.882985951215957,12.888502768791883
Deaths,Central African Republic,Both,All ages,Alcoholic cardiomyopathy,Rate,2010,0.0016766484255300237,0.008062335423349679,0.0003529281990577774
Deaths,Argentina,Both,All ages,Liver cancer due to alcohol use,Rate,1990,0.1957222372267912,0.25198902361771813,0.14518598262277335
Deaths,Maldives,Both,All ages,Liver cancer due to alcohol use,Rate,1990,0.5446127838080173,0.8201283077221414,0.33556719840275184
Deaths,Burundi,Both,All ages,Cirrhosis due to alcohol,Rate,2000,4.8622039465712685,7.243242059656676,2.991594918548801
Deaths,Albania,Both,All ages,Alcoholic cardiomyopathy,Rate,1990,0.5629046936826703,0.9033327813580058,0.25045066991486076
Deaths,Lithuania,Both,All ages,Cirrhosis due to alcohol,Rate,1990,3.226848300949496,3.999240833997322,2.555220829456515
Deaths,Togo,Both,All ages,Cirrhosis due to alcohol,Rate,2010,2.911126919578143,4.324596756912245,1.7978643599152402
Deaths,Bhutan,Both,All ages,Alcohol use disorders,Rate,2000,0.428526229899675,0.7457518767966503,0.019122337516640695
Deaths,Denmark,Both,All ages,Alcohol use disorders,Rate,1990,7.458549294328484,7.815384852832759,7.071449972118068
Deaths,Plurinational State of Bolivia,Both,All ages,Liver cancer due to alcohol use,Rate,2010,0.6027206503945154,0.9137668320597735,0.380143381395478
Deaths,Sri Lanka,Both,All ages,Alcoholic cardiomyopathy,Rate,2010,0.08590948102814167,0.15892874170680452,0.020736767224615062
Deaths,Honduras,Both,All ages,Alcoholic cardiomyopathy,Rate,2000,0.12737766931493139,0.2590304434643454,0.024690894134338212
Deaths,Federated States of Micronesia,Both,All ages,Cirrhosis due to alcohol,Rate,2010,2.357175965750332,3.640562441229764,1.4071668396863
Deaths,United Kingdom of Great Britain and Northern Ireland,Both,All ages,Liver cancer due to alcohol use,Rate,1990,1.0844534152471332,1.2198219952247733,0.9635966451911028
Deaths,Republic of Cabo Verde,Both,All ages,Alcohol use disorders,Rate,2010,0.793459062324384,1.087661482198944,0.5338342198805222
Deaths,Taiwan (Province of China),Both,All ages,Liver cancer due to alcohol use,Rate,2010,1.2344953052551086,1.7418054960695806,0.859121380121202
Deaths,Colombia,Both,All ages,Cirrhosis due to alcohol,Rate,1990,1.89289035439615,2.276080991917426,1.5112793589708038
Deaths,Congo,Both,All ages,Cirrhosis due to alcohol,Rate,2010,4.490883779549844,6.671973569363,2.8567742320751446
Deaths,Switzerland,Both,All ages,Cirrhosis due to alcohol,Rate,2000,5.508749281045061,6.470565553632067,4.575731241175865
Deaths,Sri Lanka,Both,All ages,Cirrhosis due to alcohol,Rate,2000,6.467282837856203,8.786545024210627,4.399641090036697
Deaths,Belarus,Both,All ages,Cirrhosis due to alcohol,Rate,2010,15.480222410615358,18.183264072476913,12.369795010917002
Deaths,South Sudan,Both,All ages,Alcohol use disorders,Rate,2010,0.8560226608555547,1.4017137544560085,0.547244360498252
Deaths,Colombia,Both,All ages,Alcoholic cardiomyopathy,Rate,2000,0.06011959517227286,0.06650161847244009,0.05456624712637383
Deaths,Nepal,Both,All ages,Cirrhosis due to alcohol,Rate,2010,6.357144856288355,9.798038977152936,4.048282119430119
Deaths,Plurinational State of Bolivia,Both,All ages,Alcoholic cardiomyopathy,Rate,2010,0.00756160457619476,0.014963058568919175,0.0004908386631184814
Deaths,Azerbaijan,Both,All ages,Liver cancer due to alcohol use,Rate,2000,1.1665830153969359,1.8924801793793533,0.6685516631071762
Deaths,Cuba,Both,All ages,Liver cancer due to alcohol use,Rate,1990,0.5987169918219624,0.7848820574374209,0.446580195598755
Deaths,Spain,Both,All ages,Liver cancer due to alcohol use,Rate,1990,1.869942141051868,2.407397027785239,1.3895973206263634
Deaths,Jordan,Both,All ages,Alcoholic cardiomyopathy,Rate,1990,0.003358794757515782,0.005514288206389786,0.0002789549755043806
Deaths,Libya,Both,All ages,Liver cancer due to alcohol use,Rate,2000,0.23130930645865383,0.3454127576212381,0.14243806512899412
Deaths,Cameroon,Both,All ages,Liver cancer due to alcohol use,Rate,2000,1.4302652517932821,2.5243820533334915,0.8376658902345507
Deaths,Croatia,Both,All ages,Alcohol use disorders,Rate,1990,6.298068026713784,6.7858575670819405,5.797246018307981
Deaths,South Sudan,Both,All ages,Liver cancer due to alcohol use,Rate,2000,0.3742444649148063,0.6439791594698325,0.20169295252034564
Deaths,Croatia,Both,All ages,Alcohol use disorders,Rate,2000,5.29809796097206,5.90692981754761,4.760650838979282
Deaths,Haiti,Both,All ages,Liver cancer due to alcohol use,Rate,2000,0.20714584920774676,0.4207891060765184,0.10294130882315829
Deaths,Guinea,Both,All ages,Alcoholic cardiomyopathy,Rate,1990,0.059194037645244946,0.13574083777421492,0.008572882677181665
Deaths,Argentina,Both,All ages,Alcohol use disorders,Rate,2010,1.7995527672608076,1.8712963713585005,1.7279508762520053
Deaths,Germany,Both,All ages,Liver cancer due to alcohol use,Rate,2000,2.7304814855555435,3.20604783067662,2.2514024669942443
Deaths,Egypt,Both,All ages,Alcoholic cardiomyopathy,Rate,2010,0.0007377360514301185,0.0017318053292643763,0.00026053326719316735
Deaths,Belgium,Both,All ages,Alcohol use disorders,Rate,2000,3.6626632227086997,3.8181185260050747,3.5108742004348144
Deaths,Belarus,Both,All ages,Liver cancer due to alcohol use,Rate,2000,1.3253631015208567,1.7009665330819443,1.0057029029854916
Deaths,Belarus,Both,All ages,Alcohol use disorders,Rate,2000,25.830917893648245,27.01188406082962,24.761645761041418
Deaths,Chad,Both,All ages,Cirrhosis due to alcohol,Rate,2010,3.7158060101460904,5.71040461973578,2.2895936156413246
Deaths,Namibia,Both,All ages,Alcoholic cardiomyopathy,Rate,2000,0.0025554554448053253,0.006210784482261338,0.0005081758964549624
Deaths,Peru,Both,All ages,Alcoholic cardiomyopathy,Rate,1990,0.004289631508064634,0.008536111566288156,0.0006412035324275704
Deaths,Somalia,Both,All ages,Liver cancer due to alcohol use,Rate,2000,0.536061189977131,1.0238419918742048,0.19796623060207394
Deaths,Malta,Both,All ages,Liver cancer due to alcohol use,Rate,2010,1.4949571661930163,1.9433865265773187,1.106158311324481
Deaths,New Zealand,Both,All ages,Cirrhosis due to alcohol,Rate,2010,0.841711496605362,0.9508121271757618,0.741089920404948
Deaths,South Sudan,Both,All ages,Alcoholic cardiomyopathy,Rate,2000,0.000696692067336825,0.0038428811292912117,0.00012890895618301924
Deaths,Ecuador,Both,All ages,Alcohol use disorders,Rate,2010,2.381909966774579,2.662728569240523,2.149655200054169
Deaths,Netherlands,Both,All ages,Liver cancer due to alcohol use,Rate,2000,0.9864599129488423,1.195559290420223,0.7854065999650411
Deaths,El Salvador,Both,All ages,Alcoholic cardiomyopathy,Rate,2010,0.026707884244187255,0.05395850575850303,0.004009697192882588
Deaths,Belgium,Both,All ages,Alcohol use disorders,Rate,1990,2.576374417011681,2.693727870676512,2.4747779162086205
Deaths,Czech Republic,Both,All ages,Cirrhosis due to alcohol,Rate,2010,10.341168553814175,12.339731231344325,8.49175481352197
Deaths,Thailand,Both,All ages,Alcohol use disorders,Rate,2010,1.6788646157425045,2.0954792225494994,1.334564327973329
Deaths,Ecuador,Both,All ages,Alcoholic cardiomyopathy,Rate,2010,0.009607597765872678,0.012012585246895828,0.007762246980524391
Deaths,Djibouti,Both,All ages,Liver cancer due to alcohol use,Rate,2000,0.3276916812328018,0.5523651419507425,0.17847915755958538
Deaths,Comoros,Both,All ages,Liver cancer due to alcohol use,Rate,1990,0.3794420371650806,0.6196653668668716,0.19622051196224113
Deaths,Belgium,Both,All ages,Alcohol use disorders,Rate,2010,4.099769464351724,4.275382813491623,3.9235565350203756
Deaths,Egypt,Both,All ages,Liver cancer due to alcohol use,Rate,1990,0.48872311462797824,0.8747640312580547,0.2738909755484846
Deaths,United Kingdom of Great Britain and Northern Ireland,Both,All ages,Alcoholic cardiomyopathy,Rate,2010,0.7505414998425722,0.7741653386622726,0.7172776606478675
Deaths,Somalia,Both,All ages,Alcoholic cardiomyopathy,Rate,2000,0.0010304451857049966,0.005077381582644052,0.0001172807795681129
Deaths,Solomon Islands,Both,All ages,Liver cancer due to alcohol use,Rate,2010,0.31406036263920933,0.5973191654418107,0.16313585278837883
Deaths,Namibia,Both,All ages,Alcoholic cardiomyopathy,Rate,1990,0.0023852971165447922,0.00645091446199145,0.0005008716613860447
Deaths,Lesotho,Both,All ages,Alcoholic cardiomyopathy,Rate,2010,0.0024639135918093137,0.006161712411021496,0.0004792651739552102
Deaths,United Arab Emirates,Both,All ages,Alcohol use disorders,Rate,2000,0.2705938099454351,0.36596654473066054,0.18026132119269872
Deaths,Djibouti,Both,All ages,Cirrhosis due to alcohol,Rate,1990,2.813682991921274,4.967073595451335,1.6602628111246136
Deaths,United Kingdom of Great Britain and Northern Ireland,Both,All ages,Alcohol use disorders,Rate,1990,0.9499185500934689,0.9672069284174194,0.9349629666588389
Deaths,Bosnia and Herzegovina,Both,All ages,Cirrhosis due to alcohol,Rate,1990,6.2708711187985955,8.024947127430648,4.728571465870567
Deaths,Russian Federation,Both,All ages,Alcohol use disorders,Rate,2010,23.092739721013164,23.32344765809584,22.80247038605127
Deaths,Jordan,Both,All ages,Cirrhosis due to alcohol,Rate,1990,0.281333878334043,0.45933040633609373,0.16411462051593684
Deaths,Bosnia and Herzegovina,Both,All ages,Cirrhosis due to alcohol,Rate,2000,7.074170804274414,9.244779539230896,5.162050837898017
Deaths,Belize,Both,All ages,Liver cancer due to alcohol use,Rate,2000,0.4216173854843627,0.5491914835993549,0.315057009520911
Deaths,Egypt,Both,All ages,Alcoholic cardiomyopathy,Rate,1990,0.0010943833044975058,0.0021813487704771474,0.00032650678237010854
Deaths,Tokelau,Both,All ages,Cirrhosis due to alcohol,Rate,2000,2.364454942012763,3.785119424779371,1.4410817154380628
Deaths,Latvia,Both,All ages,Cirrhosis due to alcohol,Rate,1990,3.9374852393858135,4.68599739490235,3.1135145576178958
Deaths,Puerto Rico,Both,All ages,Liver cancer due to alcohol use,Rate,1990,0.8863662012637412,1.182031880674495,0.6473346125179461
Deaths,Puerto Rico,Both,All ages,Alcohol use disorders,Rate,1990,6.537118568891372,6.839423099781297,6.236039941141994
Deaths,Mexico,Both,All ages,Cirrhosis due to alcohol,Rate,2000,10.515575930284133,11.347320140030874,9.686228338284941
Deaths,Botswana,Both,All ages,Liver cancer due to alcohol use,Rate,1990,0.419361211612534,0.8038220459970303,0.18307450336005968
Deaths,Haiti,Both,All ages,Alcoholic cardiomyopathy,Rate,2000,0.8935091835841282,1.8846095924581998,0.35125904102379657
Deaths,Cambodia,Both,All ages,Alcoholic cardiomyopathy,Rate,2000,0.025510589612083925,0.04760920430684988,0.005673404413688431
Deaths,Bhutan,Both,All ages,Alcoholic cardiomyopathy,Rate,2000,0.055584124252371955,0.17910232424485936,0.01027607243180116
Deaths,Belgium,Both,All ages,Alcoholic cardiomyopathy,Rate,2000,1.3880586463559283,1.4894857522316398,1.280349512052955
Deaths,Republic of Niue,Both,All ages,Alcohol use disorders,Rate,1990,1.0706079859088948,1.4746417051552345,0.6165357161568871
Deaths,Belgium,Both,All ages,Alcoholic cardiomyopathy,Rate,1990,0.8760100371751511,0.961341128929873,0.7933375212730523
Deaths,Lao People's Democratic Republic,Both,All ages,Cirrhosis due to alcohol,Rate,2010,4.041999402417716,6.562478355743566,2.4732483951273867
Deaths,Montenegro,Both,All ages,Cirrhosis due to alcohol,Rate,2000,3.9357215033123287,4.8771966595837855,3.118364095297344
Deaths,United Arab Emirates,Both,All ages,Alcoholic cardiomyopathy,Rate,1990,0.04772037644825134,0.10028160579321438,0.01107141060345242
Deaths,Guinea-Bissau,Both,All ages,Alcohol use disorders,Rate,1990,1.0777708980824816,1.687023728395253,0.6111454031861925
Deaths,Comoros,Both,All ages,Cirrhosis due to alcohol,Rate,2010,2.992658341389056,4.741197221636076,1.8677017712425648
Deaths,Sri Lanka,Both,All ages,Alcohol use disorders,Rate,2000,4.199562825044872,4.601523774437742,1.942785757226123
Deaths,Maldives,Both,All ages,Cirrhosis due to alcohol,Rate,2000,1.6725005329008018,2.2921058369034886,1.1164027157734333
Deaths,Sierra Leone,Both,All ages,Cirrhosis due to alcohol,Rate,2010,2.8828421930585924,4.367934153392064,1.8647946367713062
Deaths,Spain,Both,All ages,Alcoholic cardiomyopathy,Rate,1990,0.8236050791245176,0.9092500783289535,0.7361542289867153
Deaths,Belarus,Both,All ages,Alcoholic cardiomyopathy,Rate,2000,10.698358508471433,12.390666881223533,9.00093902662411
Deaths,Brunei Darussalam,Both,All ages,Cirrhosis due to alcohol,Rate,2010,1.1877800012266466,1.5933490440695968,0.8294014673833852
Deaths,Guatemala,Both,All ages,Alcohol use disorders,Rate,2010,9.948565563917837,10.25681839551021,9.631044856540203
Deaths,Bosnia and Herzegovina,Both,All ages,Alcohol use disorders,Rate,2000,6.164878997844342,8.026868433523044,4.62303747389603
Deaths,Argentina,Both,All ages,Cirrhosis due to alcohol,Rate,2000,4.1611162830543815,5.138245859648227,3.1535670017546296
Deaths,Solomon Islands,Both,All ages,Cirrhosis due to alcohol,Rate,1990,2.0343016390662645,3.6391266349187554,1.0481253264275736
Deaths,Republic of San Marino,Both,All ages,Liver cancer due to alcohol use,Rate,1990,1.1809421519367047,1.6388052632962755,0.8353419318434363
Deaths,Kingdom of Eswatini,Both,All ages,Alcohol use disorders,Rate,2010,1.083930396800475,1.6203672602969696,0.612939896020425
Deaths,Bhutan,Both,All ages,Liver cancer due to alcohol use,Rate,1990,0.341894195420087,0.5635994974866346,0.1780212744862183
Deaths,Argentina,Both,All ages,Alcoholic cardiomyopathy,Rate,2010,0.3434805847744769,0.37867407573525824,0.3061555065232107
Deaths,Tonga,Both,All ages,Alcohol use disorders,Rate,1990,0.5752648064907903,0.8079234308625692,0.28050441679449273
Deaths,Cameroon,Both,All ages,Alcoholic cardiomyopathy,Rate,2000,0.05595564415800464,0.12455277667620969,0.006613366876729005
Deaths,Peru,Both,All ages,Alcoholic cardiomyopathy,Rate,2000,0.0035551597020047174,0.007592869664450959,0.0007319248008803335
Deaths,Belgium,Both,All ages,Alcoholic cardiomyopathy,Rate,2010,1.0661135292816142,1.1477192906409948,0.9733100172189306
Deaths,Samoa,Both,All ages,Liver cancer due to alcohol use,Rate,2010,0.40772471203458577,0.633420630280342,0.26179906276615283
Deaths,Barbados,Both,All ages,Liver cancer due to alcohol use,Rate,2010,1.0178193535739186,1.2641544757662144,0.7625591146477084
Deaths,Peru,Both,All ages,Cirrhosis due to alcohol,Rate,2010,8.54077448835804,10.600095870795554,6.634951014529013
Deaths,Sierra Leone,Both,All ages,Liver cancer due to alcohol use,Rate,2010,0.9902056359646971,1.6535223203688572,0.5144175640321316
Deaths,South Africa,Both,All ages,Alcohol use disorders,Rate,2000,1.3954773942875227,1.524235384223975,0.9131371082429237
Deaths,Greece,Both,All ages,Alcohol use disorders,Rate,2000,0.33093482349957576,0.34893697165698007,0.31308616770057135
Deaths,Tajikistan,Both,All ages,Cirrhosis due to alcohol,Rate,2010,5.764848704664445,7.408321344930691,4.20602729309782
Deaths,Cyprus,Both,All ages,Cirrhosis due to alcohol,Rate,1990,5.661460158856118,7.570317468352889,4.120861129816001
Deaths,United Republic of Tanzania,Both,All ages,Liver cancer due to alcohol use,Rate,2000,0.5561194881153002,0.8674613482050944,0.3587425267476547
Deaths,Islamic Republic of Iran,Both,All ages,Alcohol use disorders,Rate,1990,0.17143556125814585,0.19890326089071728,0.12225912423120763
Deaths,Dominican Republic,Both,All ages,Alcoholic cardiomyopathy,Rate,2010,0.5853417486332982,0.9095857195918793,0.11433771238413179
Deaths,Burundi,Both,All ages,Alcohol use disorders,Rate,1990,1.5225842528214082,2.0746333117877347,1.0190560964255122
Deaths,Belize,Both,All ages,Cirrhosis due to alcohol,Rate,2000,5.048177837729562,6.013751323876654,4.043391213487729
Deaths,Afghanistan,Both,All ages,Alcoholic cardiomyopathy,Rate,2010,0.03927221783007845,0.09799726451976576,0.009370778717247463
Deaths,Solomon Islands,Both,All ages,Liver cancer due to alcohol use,Rate,2000,0.325619756038841,0.6646440141834588,0.1394387660543291
Deaths,Republic of Palau,Both,All ages,Liver cancer due to alcohol use,Rate,2000,0.9091441228607379,1.427891706375336,0.5647952424545064
Deaths,Libya,Both,All ages,Alcoholic cardiomyopathy,Rate,2000,0.029789417991804595,0.05374385580424493,0.005548542633206404
Deaths,Cyprus,Both,All ages,Cirrhosis due to alcohol,Rate,2000,5.115175965855903,6.63058905685344,3.7654322344069313
Deaths,Bosnia and Herzegovina,Both,All ages,Alcohol use disorders,Rate,1990,6.331482691583186,7.207159934818412,4.810292311223025
Deaths,United Republic of Tanzania,Both,All ages,Alcoholic cardiomyopathy,Rate,2000,0.0008107960131857719,0.004386169253071043,0.0001524599394422909
Deaths,Chad,Both,All ages,Alcoholic cardiomyopathy,Rate,2000,0.050984794090296034,0.13133912364800732,0.006945032365674336
Deaths,Cuba,Both,All ages,Alcohol use disorders,Rate,1990,1.7012782211930817,1.7778309541012953,1.6280894297125994
Deaths,Russian Federation,Both,All ages,Alcoholic cardiomyopathy,Rate,2010,51.642554060929264,52.54500797914979,50.76498905670167
Deaths,Czech Republic,Both,All ages,Liver cancer due to alcohol use,Rate,2010,2.720694851784234,3.400146023753357,2.102263921214373
Deaths,Georgia,Both,All ages,Alcohol use disorders,Rate,2000,1.57590890248262,1.7980797609557877,1.3834101767521656
Deaths,Greece,Both,All ages,Alcoholic cardiomyopathy,Rate,2000,0.18971826053630028,0.22710166251022315,0.1619140570316303
Deaths,Cyprus,Both,All ages,Cirrhosis due to alcohol,Rate,2010,4.055999005898283,4.9682285861775926,3.246695202154827
Deaths,Kenya,Both,All ages,Liver cancer due to alcohol use,Rate,2000,0.2793985192185874,0.5129404847382152,0.18462411433023654
Deaths,Dominica,Both,All ages,Cirrhosis due to alcohol,Rate,2010,5.218787414967355,6.381915648957475,4.034987985156406
Deaths,Sierra Leone,Both,All ages,Alcoholic cardiomyopathy,Rate,2010,0.03529859158720402,0.08263358800805749,0.004873227271571738
Deaths,Costa Rica,Both,All ages,Cirrhosis due to alcohol,Rate,1990,3.6909716366597762,4.425378468899833,2.9474606906890446
Deaths,Yemen,Both,All ages,Cirrhosis due to alcohol,Rate,1990,0.5899307813900961,1.1802968022143303,0.27919258425984145
Deaths,Niger,Both,All ages,Liver cancer due to alcohol use,Rate,2000,0.8595722755733765,1.5995333340079199,0.4212441664826594
Deaths,Islamic Republic of Iran,Both,All ages,Alcoholic cardiomyopathy,Rate,1990,0.035006322963173596,0.07566901954490733,0.006796325029921409
Deaths,India,Both,All ages,Cirrhosis due to alcohol,Rate,2000,5.66317479119097,6.887232751376152,4.7674269400008535
Deaths,Republic of Niue,Both,All ages,Alcoholic cardiomyopathy,Rate,1990,0.0708044346522851,0.12619902455427848,0.007122209166359
Deaths,Islamic Republic of Iran,Both,All ages,Alcohol use disorders,Rate,2010,0.17556560027154738,0.187494687438967,0.1367523012332877
Deaths,Georgia,Both,All ages,Alcoholic cardiomyopathy,Rate,2000,0.7129040601410581,0.8734398942411581,0.5638685397990515
Deaths,Jamaica,Both,All ages,Alcohol use disorders,Rate,2000,0.3521099223126607,0.3745456337868208,0.32865347371376397
Deaths,Thailand,Both,All ages,Cirrhosis due to alcohol,Rate,2000,4.902618857800195,6.805813547091232,3.3978804545220163
Deaths,Republic of Cabo Verde,Both,All ages,Liver cancer due to alcohol use,Rate,2010,1.2346362926015815,1.696753793842258,0.8465989979027367
Deaths,Morocco,Both,All ages,Alcohol use disorders,Rate,2000,0.1452571715049189,0.19443431661816893,0.07618378490555344
Deaths,United States Virgin Islands,Both,All ages,Liver cancer due to alcohol use,Rate,2000,0.6844208471276486,0.9482093916861111,0.47100932131633655
Deaths,Kazakhstan,Both,All ages,Cirrhosis due to alcohol,Rate,2000,9.586502095270372,11.614895438209798,7.5237765667484275
Deaths,China,Both,All ages,Liver cancer due to alcohol use,Rate,2000,0.7906504881977344,0.980288210597248,0.6359066185091057
Deaths,Kingdom of Eswatini,Both,All ages,Cirrhosis due to alcohol,Rate,2000,3.8516447888710292,5.53551356061129,2.448849842011337
Deaths,United Arab Emirates,Both,All ages,Alcoholic cardiomyopathy,Rate,2000,0.045757454155269765,0.08866161729161674,0.010868136226818054
Deaths,Tonga,Both,All ages,Alcoholic cardiomyopathy,Rate,1990,0.029492887421295,0.05786431318729881,0.003696151171839703
Deaths,Egypt,Both,All ages,Liver cancer due to alcohol use,Rate,2000,0.5920443458906626,0.9320943565866388,0.35953305554291554
Deaths,Principality of Monaco,Both,All ages,Liver cancer due to alcohol use,Rate,2010,6.189781631012015,9.293863859201474,4.170120799056703
Deaths,United Kingdom of Great Britain and Northern Ireland,Both,All ages,Alcoholic cardiomyopathy,Rate,1990,0.6399002066029059,0.6568057293742058,0.6168161218507074
Deaths,Liberia,Both,All ages,Liver cancer due to alcohol use,Rate,2000,1.816877431953642,2.994745724291053,0.9174364161163074
Deaths,Burkina Faso,Both,All ages,Liver cancer due to alcohol use,Rate,2010,1.911427304791784,3.6261264745211808,0.6920209998314886
Deaths,Burkina Faso,Both,All ages,Alcohol use disorders,Rate,2010,0.9233144684949307,1.1819668159214982,0.6483775017872556
Deaths,Ukraine,Both,All ages,Cirrhosis due to alcohol,Rate,2010,17.895548683215285,19.737170356068926,15.99490041334448
Deaths,Chile,Both,All ages,Cirrhosis due to alcohol,Rate,2010,7.32075046630196,9.08003371028815,5.591268378443289
Deaths,Republic of Moldova,Both,All ages,Liver cancer due to alcohol use,Rate,1990,1.2056016651995116,1.4795421792021277,0.944738028623371
Deaths,Kuwait,Both,All ages,Cirrhosis due to alcohol,Rate,1990,0.1654926104645901,0.24318208984820777,0.10364897421135043
Deaths,Iraq,Both,All ages,Liver cancer due to alcohol use,Rate,2000,0.13012400289920625,0.2013892879555242,0.08146321028004702
Deaths,Indonesia,Both,All ages,Alcohol use disorders,Rate,2000,0.0874044995425406,0.10308633512831764,0.057080283631595834
Deaths,Kingdom of Eswatini,Both,All ages,Alcoholic cardiomyopathy,Rate,2010,0.002278699737800693,0.005895717526475319,0.0004457808838012992
Deaths,Lesotho,Both,All ages,Liver cancer due to alcohol use,Rate,1990,0.6009482039342748,1.3033084486428452,0.18606504216391118
Deaths,Latvia,Both,All ages,Liver cancer due to alcohol use,Rate,2000,1.5759394968681872,2.0271007943377075,1.1731160267439928
Deaths,Togo,Both,All ages,Alcohol use disorders,Rate,2010,0.9712674371244517,1.330249685237006,0.6253586996219025
Deaths,Botswana,Both,All ages,Cirrhosis due to alcohol,Rate,2000,3.4539153819158916,5.585210749187889,2.1264403397710643
Deaths,Burkina Faso,Both,All ages,Alcoholic cardiomyopathy,Rate,2010,0.039718280052376015,0.09215651872424047,0.005181193892704179
Deaths,Islamic Republic of Iran,Both,All ages,Alcoholic cardiomyopathy,Rate,2010,0.05117547315329984,0.11370349070583152,0.007887983737499544
Deaths,Cuba,Both,All ages,Alcoholic cardiomyopathy,Rate,1990,0.34272036884600116,0.3933020837887973,0.2944216476647111
Deaths,El Salvador,Both,All ages,Cirrhosis due to alcohol,Rate,1990,5.839145070857288,7.192991336802768,4.61041485161317
Deaths,Dominica,Both,All ages,Liver cancer due to alcohol use,Rate,1990,0.7884569515846227,1.1045965425465452,0.5211813957371509
Deaths,Zimbabwe,Both,All ages,Cirrhosis due to alcohol,Rate,2010,3.4696142226588282,5.199132965497443,2.041144524769264
Deaths,Finland,Both,All ages,Cirrhosis due to alcohol,Rate,1990,6.1086002891854,7.139102984510755,5.068351342546485
Deaths,United Republic of Tanzania,Both,All ages,Alcohol use disorders,Rate,2000,1.1494131039357145,1.593814882959943,0.8333666670855551
Deaths,Principality of Monaco,Both,All ages,Alcohol use disorders,Rate,2000,0.3931621570250526,0.5307168773623785,0.24350142538178987
Deaths,Morocco,Both,All ages,Liver cancer due to alcohol use,Rate,2010,0.032865336119282614,0.05224573187322141,0.020146174445531528
Deaths,Barbados,Both,All ages,Alcoholic cardiomyopathy,Rate,2010,3.650701141253259,3.973390604666322,3.3527130340777584
Deaths,Djibouti,Both,All ages,Alcohol use disorders,Rate,1990,1.0575050599105404,1.7911606591354272,0.6817657055533601
Deaths,Czech Republic,Both,All ages,Cirrhosis due to alcohol,Rate,2000,9.033421784163039,10.631866118204627,7.540558672939652
Deaths,Costa Rica,Both,All ages,Alcohol use disorders,Rate,2000,1.343896624531534,1.425194755649544,1.2618407491664243
Deaths,Greece,Both,All ages,Liver cancer due to alcohol use,Rate,2010,1.6754806897917984,2.206881854250891,1.250734082494685
Deaths,Yemen,Both,All ages,Liver cancer due to alcohol use,Rate,2000,0.0659255288446079,0.14383327266994936,0.027160049936063576
Deaths,Yemen,Both,All ages,Cirrhosis due to alcohol,Rate,2000,0.49321600101302293,1.0179019378276892,0.23168833773741382
Deaths,Kenya,Both,All ages,Alcoholic cardiomyopathy,Rate,2000,0.00045527030088403147,0.0027031346443437175,0.00010122667159048439
Deaths,Republic of San Marino,Both,All ages,Alcoholic cardiomyopathy,Rate,1990,0.918949014269969,1.788516660798268,0.28358409325878725
Deaths,Dominica,Both,All ages,Alcohol use disorders,Rate,1990,2.7689744139976984,3.1977545732294934,2.3674508345786096
Deaths,American Samoa,Both,All ages,Alcohol use disorders,Rate,2000,0.8989268319201672,1.125600478550282,0.5481589930255973
Deaths,Republic of the Gambia,Both,All ages,Liver cancer due to alcohol use,Rate,2010,2.3899985608773973,3.6784965742850644,1.5007511481694906
Deaths,Liberia,Both,All ages,Alcoholic cardiomyopathy,Rate,2000,0.05138414769258577,0.12346782481298829,0.005260870133253285
Deaths,Latvia,Both,All ages,Alcoholic cardiomyopathy,Rate,2000,15.593650258070575,16.969778715373796,14.387024234213298
Deaths,Jamaica,Both,All ages,Alcoholic cardiomyopathy,Rate,2000,0.4136109466549373,0.4600585247870405,0.36802791698911236
Deaths,Russian Federation,Both,All ages,Liver cancer due to alcohol use,Rate,1990,0.7089518391028156,0.792551967867909,0.6268573767791893
Deaths,Grenada,Both,All ages,Cirrhosis due to alcohol,Rate,2010,4.991752332645286,5.983645984051029,4.0833902781515645
Deaths,Armenia,Both,All ages,Cirrhosis due to alcohol,Rate,2010,13.533457700599962,16.665606351251988,10.739517363487929
Deaths,Sweden,Both,All ages,Alcohol use disorders,Rate,1990,5.2577463860324825,5.4330133249533095,5.0804668454536674
Deaths,Northern Mariana Islands,Both,All ages,Cirrhosis due to alcohol,Rate,1990,2.512384595280618,3.7842997963896683,1.5420409706351192
Deaths,Bulgaria,Both,All ages,Cirrhosis due to alcohol,Rate,1990,10.441381194034713,12.519583313932431,8.302605103768629
Deaths,Palestine,Both,All ages,Cirrhosis due to alcohol,Rate,2000,0.35676117442637856,0.5772364622452075,0.20856022008734565
Deaths,Namibia,Both,All ages,Alcohol use disorders,Rate,2010,0.9825327178404087,1.2618730581069977,0.6175146010987076
Deaths,Republic of San Marino,Both,All ages,Liver cancer due to alcohol use,Rate,2000,1.3592252287277737,1.856773139240021,0.9719153639333924
Deaths,Timor-Leste,Both,All ages,Cirrhosis due to alcohol,Rate,2010,2.3360358086496493,4.78307845185517,1.1683648191166587
Deaths,Ukraine,Both,All ages,Liver cancer due to alcohol use,Rate,1990,0.7601363099511855,0.9265796137083978,0.6098242066878474
Deaths,Estonia,Both,All ages,Cirrhosis due to alcohol,Rate,2000,8.906726191013346,10.452746663744067,7.220870725274107
Deaths,Cameroon,Both,All ages,Alcohol use disorders,Rate,2010,0.9621253997545207,1.3124109713380534,0.6094917504362592
Deaths,Vanuatu,Both,All ages,Cirrhosis due to alcohol,Rate,1990,2.3833857859784686,4.976027990204687,1.1422015048508367
Deaths,Uganda,Both,All ages,Alcohol use disorders,Rate,2000,1.1433968240064265,1.4939391446598047,0.836589481630475
Deaths,Norway,Both,All ages,Alcohol use disorders,Rate,2000,5.695078647564803,5.903871130270743,5.498703592563794
Deaths,Principality of Monaco,Both,All ages,Alcoholic cardiomyopathy,Rate,2010,4.518095679806575,6.407369266127208,1.9117897544526745
Deaths,Czech Republic,Both,All ages,Cirrhosis due to alcohol,Rate,1990,9.88463896993467,11.58437717286654,8.159134980148998
Deaths,North Macedonia,Both,All ages,Liver cancer due to alcohol use,Rate,2010,3.8575140663025116,5.058037936344933,2.8431016317546325
Deaths,Sudan,Both,All ages,Cirrhosis due to alcohol,Rate,1990,0.7045176211784977,1.4767457696558939,0.3342348225287116
Deaths,Tonga,Both,All ages,Alcohol use disorders,Rate,2010,0.7009078816968857,0.9828976260964798,0.3849066668952724
Deaths,Puerto Rico,Both,All ages,Alcoholic cardiomyopathy,Rate,1990,0.21649348317315675,0.2506253427152601,0.18813266240951174
Deaths,Grenada,Both,All ages,Alcohol use disorders,Rate,2010,2.9304075077592984,3.1887211162965907,2.6871167094576744
Deaths,Japan,Both,All ages,Liver cancer due to alcohol use,Rate,2000,3.2953986910730344,3.8116686286822636,2.878830823765773
Deaths,Comoros,Both,All ages,Cirrhosis due to alcohol,Rate,1990,3.1630894470621045,5.1769419622282005,1.9286550588318307
Deaths,Morocco,Both,All ages,Alcoholic cardiomyopathy,Rate,2010,0.06018711051809249,0.1427978501980191,0.014468044506882553
Deaths,Tokelau,Both,All ages,Alcohol use disorders,Rate,1990,0.9143714442033813,1.3277211718764554,0.5121489634340858
Deaths,Djibouti,Both,All ages,Alcoholic cardiomyopathy,Rate,1990,0.0008612555084037484,0.005289404550187852,0.00018114795320807285
Deaths,Guatemala,Both,All ages,Alcoholic cardiomyopathy,Rate,2010,0.04733781976416381,0.05135089446160672,0.043191060063441526
Deaths,Bulgaria,Both,All ages,Cirrhosis due to alcohol,Rate,2000,12.765470137456923,15.281341381156603,10.433953179376845
Deaths,Togo,Both,All ages,Alcoholic cardiomyopathy,Rate,2010,0.037409544924724314,0.0932822700787195,0.004934223720083562
Deaths,Bangladesh,Both,All ages,Liver cancer due to alcohol use,Rate,1990,0.18671023349727464,0.2753219777445263,0.12148883135688165
Deaths,Republic of Cabo Verde,Both,All ages,Alcoholic cardiomyopathy,Rate,2010,0.009521785176912777,0.021394280364668204,0.0012425889026586993
Deaths,Estonia,Both,All ages,Alcohol use disorders,Rate,2000,23.134630886519975,24.33473585946071,21.937248470688292
Deaths,Dominica,Both,All ages,Alcoholic cardiomyopathy,Rate,1990,0.6353689697980359,1.5183199112236225,0.19610114491251782
Deaths,Iraq,Both,All ages,Cirrhosis due to alcohol,Rate,1990,0.3889994141730633,0.6675769408698344,0.22268895189095433
Deaths,Democratic People's Republic of Korea,Both,All ages,Alcohol use disorders,Rate,2000,0.9576884707767113,1.4391631419903839,0.586131475236223
Deaths,Republic of Korea,Both,All ages,Liver cancer due to alcohol use,Rate,2010,3.4879712055074967,4.738139789967429,2.424165734118451
Deaths,Nigeria,Both,All ages,Liver cancer due to alcohol use,Rate,2000,0.44308657836362997,0.8106533180325054,0.2198632843834505
Deaths,Nigeria,Both,All ages,Alcohol use disorders,Rate,2000,0.7916415229119705,1.105441426335863,0.5292789158796062
Deaths,Bangladesh,Both,All ages,Alcohol use disorders,Rate,2010,0.012949375223578696,0.01856451091773943,0.00984792102679728
Deaths,Iceland,Both,All ages,Cirrhosis due to alcohol,Rate,2000,1.276485843750182,1.5260138263243943,1.0471252888370648
Deaths,Bolivarian Republic of Venezuela,Both,All ages,Liver cancer due to alcohol use,Rate,2000,0.33199657556961676,0.41775850030805517,0.2517889311594753
Deaths,Puerto Rico,Both,All ages,Liver cancer due to alcohol use,Rate,2000,1.033030399325094,1.3147657918170974,0.7618539500505273
Deaths,Puerto Rico,Both,All ages,Alcohol use disorders,Rate,2000,6.2081010966654215,6.53081779676158,5.906723342064424
Deaths,Denmark,Both,All ages,Liver cancer due to alcohol use,Rate,1990,0.8693464128466344,1.1120261275035341,0.672303794496567
Deaths,Liberia,Both,All ages,Liver cancer due to alcohol use,Rate,1990,2.3478849131900237,3.8562966529812357,1.1143727679461763
Deaths,Cuba,Both,All ages,Alcohol use disorders,Rate,2000,3.189213173089513,3.3212565882129104,3.0515296949625306
Deaths,Socialist Republic of Viet Nam,Both,All ages,Liver cancer due to alcohol use,Rate,2000,1.713395639198385,2.5741078188429993,1.0891754701884766
Deaths,Guinea-Bissau,Both,All ages,Liver cancer due to alcohol use,Rate,1990,2.484589621919349,4.204911235879117,0.8787218043335241
Deaths,Eritrea,Both,All ages,Liver cancer due to alcohol use,Rate,2010,0.24926733184339775,0.48842706592626706,0.13719348557804253
Deaths,Nigeria,Both,All ages,Alcoholic cardiomyopathy,Rate,2000,0.060257911534031615,0.12137989010171031,0.006839688616010411
Deaths,Hungary,Both,All ages,Alcohol use disorders,Rate,2010,5.647392168186226,5.890916049427348,5.423851074366819
Deaths,Guatemala,Both,All ages,Liver cancer due to alcohol use,Rate,1990,0.6550035477108039,0.8673019385930996,0.4712168433787226
Deaths,Honduras,Both,All ages,Cirrhosis due to alcohol,Rate,2010,6.17458310636786,9.371356828311383,3.5819307088091383
Deaths,Ukraine,Both,All ages,Alcohol use disorders,Rate,1990,14.174034637713314,14.79665825489028,13.615470982922213
Deaths,Dominican Republic,Both,All ages,Cirrhosis due to alcohol,Rate,1990,7.2221820689599205,8.906207363723057,5.480739441777243
Deaths,Democratic People's Republic of Korea,Both,All ages,Alcoholic cardiomyopathy,Rate,2000,0.1252096982378373,0.27232696380923954,0.051424170880526254
Deaths,Saint Lucia,Both,All ages,Cirrhosis due to alcohol,Rate,2000,5.426259854505587,6.416157221696179,4.4680457340455675
Deaths,Netherlands,Both,All ages,Alcohol use disorders,Rate,2010,1.7332363237774595,1.804069764060828,1.6618746739918444
Deaths,Uganda,Both,All ages,Alcoholic cardiomyopathy,Rate,2000,0.000681955539273971,0.0032290189201017996,0.00015010639583158903
Deaths,Egypt,Both,All ages,Alcoholic cardiomyopathy,Rate,2000,0.0009268685485991868,0.001850420731913144,0.0002733414951418928
Deaths,Dominica,Both,All ages,Cirrhosis due to alcohol,Rate,1990,5.81366992849567,7.076682816512658,4.569009471805521
Deaths,Lesotho,Both,All ages,Alcohol use disorders,Rate,1990,0.77845515997731,1.0547813785664268,0.5295376803808289
Deaths,Norway,Both,All ages,Alcoholic cardiomyopathy,Rate,2000,0.6449108379590346,0.6799411001156422,0.609079534081576
Deaths,Republic of Côte d'Ivoire,Both,All ages,Cirrhosis due to alcohol,Rate,2000,3.3880357853810392,4.757266892447515,2.290316819509789
Deaths,Madagascar,Both,All ages,Alcohol use disorders,Rate,2000,0.9537001389212862,1.2549946346716228,0.7025457562442836
Deaths,Bangladesh,Both,All ages,Alcoholic cardiomyopathy,Rate,1990,0.07192557951031299,0.18229982426078578,0.014169448278172016
Deaths,Lesotho,Both,All ages,Alcoholic cardiomyopathy,Rate,1990,0.002485598998183678,0.006716345064969485,0.0004202508877527809
Deaths,Guinea-Bissau,Both,All ages,Alcoholic cardiomyopathy,Rate,1990,0.07008861803251246,0.17396362930719922,0.007684545181359611
Deaths,Tonga,Both,All ages,Alcohol use disorders,Rate,2000,0.6768407213408361,0.8882321396713436,0.3418668195940025
Deaths,Sao Tome and Principe,Both,All ages,Cirrhosis due to alcohol,Rate,2000,6.681565556527369,9.433604717745713,4.46496135005281
Deaths,Republic of Korea,Both,All ages,Alcohol use disorders,Rate,2000,2.791944732429055,3.0360360810455727,1.7999920788250259
Deaths,Lao People's Democratic Republic,Both,All ages,Cirrhosis due to alcohol,Rate,2000,4.633759923145142,7.687121721490012,2.663666313320379
Deaths,Zambia,Both,All ages,Cirrhosis due to alcohol,Rate,2000,4.761290215454509,6.525178189617939,3.162159802922897
Deaths,Solomon Islands,Both,All ages,Alcohol use disorders,Rate,2010,0.9432461932759008,1.4501972678756612,0.47711631906909213
Deaths,Taiwan (Province of China),Both,All ages,Cirrhosis due to alcohol,Rate,2000,6.136053501023652,8.076156517169483,4.528969949856635
Deaths,Serbia,Both,All ages,Liver cancer due to alcohol use,Rate,2000,2.583339463234334,3.5210211673577434,1.7952455341248499
Deaths,Cuba,Both,All ages,Alcoholic cardiomyopathy,Rate,2000,0.8656935337319437,0.9339791912379615,0.7982511446548979
Deaths,Chad,Both,All ages,Alcohol use disorders,Rate,2010,0.7953055208405725,1.0814683682989825,0.5444115001513874
Deaths,Tonga,Both,All ages,Alcoholic cardiomyopathy,Rate,2000,0.02928755978972887,0.054887689268649495,0.003928533593036093
Deaths,Bolivarian Republic of Venezuela,Both,All ages,Alcoholic cardiomyopathy,Rate,2000,0.6359092771139792,0.6919476754825435,0.5844835211522728
Deaths,Gabon,Both,All ages,Liver cancer due to alcohol use,Rate,2010,0.9331797374691654,1.7215092676211865,0.4779183986393568
Deaths,Bermuda,Both,All ages,Cirrhosis due to alcohol,Rate,2000,4.034391175663846,4.850408254734611,3.281813343157574
Deaths,Solomon Islands,Both,All ages,Alcoholic cardiomyopathy,Rate,2010,0.02803161773616973,0.059375924876661004,0.0037679318397103715
Deaths,Republic of Cabo Verde,Both,All ages,Alcohol use disorders,Rate,2000,0.6576298815202748,0.947989171208815,0.42847504807749964
Deaths,Belize,Both,All ages,Alcohol use disorders,Rate,2010,1.9922367954282325,2.145155212007483,1.8425715567214795
Deaths,Saint Kitts and Nevis,Both,All ages,Cirrhosis due to alcohol,Rate,1990,9.820668149046853,11.88549574405979,7.864297228126522
Deaths,Lithuania,Both,All ages,Alcohol use disorders,Rate,2000,14.318086454055118,14.949411404683444,13.70098036825843
Deaths,Tonga,Both,All ages,Alcoholic cardiomyopathy,Rate,2010,0.026768725132956223,0.053897346199584355,0.003990773622249754
Deaths,Portugal,Both,All ages,Cirrhosis due to alcohol,Rate,2000,11.039002894921795,13.084749617158533,9.024976283987456
Deaths,Sao Tome and Principe,Both,All ages,Alcohol use disorders,Rate,2000,0.634132275120261,0.809423274907611,0.4398852985587498
Deaths,Liberia,Both,All ages,Alcohol use disorders,Rate,1990,0.8379147205402069,1.1307161227141937,0.5359128387805701
Deaths,Eritrea,Both,All ages,Cirrhosis due to alcohol,Rate,1990,4.851154122918941,7.263434309378293,2.9841323654692786
Deaths,Dominica,Both,All ages,Liver cancer due to alcohol use,Rate,2000,0.9690213741901945,1.317237317426115,0.6993265115693001
Deaths,Czech Republic,Both,All ages,Liver cancer due to alcohol use,Rate,1990,3.010257171811034,3.674253469437826,2.3808988279391423
Deaths,Islamic Republic of Iran,Both,All ages,Alcohol use disorders,Rate,2000,0.20229893413148034,0.2262733501535664,0.13236443200693956
Deaths,Hungary,Both,All ages,Alcoholic cardiomyopathy,Rate,2010,13.566631409508428,14.324541999144577,12.829663133093403
Deaths,Dominican Republic,Both,All ages,Liver cancer due to alcohol use,Rate,1990,0.2131186808198126,0.29573434971646073,0.13953187328496278
Deaths,Dominican Republic,Both,All ages,Alcohol use disorders,Rate,1990,0.7681000362695924,0.9502976933875169,0.627003470603154
Deaths,Serbia,Both,All ages,Alcoholic cardiomyopathy,Rate,2000,4.111933444573597,6.596723136745842,1.4722196497754956
Deaths,Denmark,Both,All ages,Liver cancer due to alcohol use,Rate,2000,1.4339821218315456,1.8218480635050118,1.1107754331361077
Deaths,Saint Kitts and Nevis,Both,All ages,Alcohol use disorders,Rate,1990,13.752752943274286,14.73055146594939,12.79107246658428
Deaths,Guyana,Both,All ages,Cirrhosis due to alcohol,Rate,2010,11.522465413135043,14.110033358068696,9.010905004699518
Deaths,Republic of Nauru,Both,All ages,Cirrhosis due to alcohol,Rate,2000,3.1314182174896397,5.228673889976961,1.518169962117183
Deaths,Belize,Both,All ages,Alcoholic cardiomyopathy,Rate,2010,0.9417993377634944,1.0249275229529196,0.8607734699794611
Deaths,Tunisia,Both,All ages,Liver cancer due to alcohol use,Rate,2010,0.20433247428018608,0.32837475873431277,0.11596872182377296
Deaths,El Salvador,Both,All ages,Cirrhosis due to alcohol,Rate,2000,6.343982004323499,7.698600246138877,5.031896891861541
Deaths,Uruguay,Both,All ages,Cirrhosis due to alcohol,Rate,2010,3.4206306279351826,4.30653720901424,2.560198456423212
Deaths,Gabon,Both,All ages,Alcoholic cardiomyopathy,Rate,2010,0.001527389594319589,0.007784364295982665,0.00028070993941101846
Deaths,Vanuatu,Both,All ages,Cirrhosis due to alcohol,Rate,2000,2.286024258665985,4.383625967203658,1.120187494215754
Deaths,Puerto Rico,Both,All ages,Alcoholic cardiomyopathy,Rate,2000,0.5173868325367822,0.579939069297969,0.4680517868859898
Deaths,Liberia,Both,All ages,Alcoholic cardiomyopathy,Rate,1990,0.05768511228000615,0.14433381224687214,0.005474716529501002
Deaths,Sudan,Both,All ages,Cirrhosis due to alcohol,Rate,2000,0.5778943109317983,1.2606122460962919,0.27242512204503716
Deaths,Mali,Both,All ages,Alcohol use disorders,Rate,2000,0.6750544911965066,1.0373332807777047,0.4092053888567819
Deaths,Republic of Moldova,Both,All ages,Cirrhosis due to alcohol,Rate,2000,34.115279579445904,40.546302012421336,27.11472189860154
Deaths,Vanuatu,Both,All ages,Cirrhosis due to alcohol,Rate,2010,2.3182939594680256,4.287834798541129,1.2405121327105924
Deaths,Dominican Republic,Both,All ages,Alcoholic cardiomyopathy,Rate,1990,0.17854154343210718,0.39112606965027624,0.06682888879770149
Deaths,Republic of San Marino,Both,All ages,Alcoholic cardiomyopathy,Rate,2000,1.0560662182394858,1.6529325859841781,0.28148784841766455
Deaths,Republic of Nauru,Both,All ages,Alcohol use disorders,Rate,2010,1.1766695869887767,1.9896369746686493,0.5405419930411685
Deaths,Montenegro,Both,All ages,Liver cancer due to alcohol use,Rate,2010,3.4379837700719444,4.756407568710672,2.329198763588986
Deaths,Montenegro,Both,All ages,Alcohol use disorders,Rate,2010,1.6678356500999305,2.0398884702570355,1.23940859808544
Deaths,South Africa,Both,All ages,Cirrhosis due to alcohol,Rate,2010,2.847523603941042,3.37514303630708,2.4225177719768087
Deaths,Iceland,Both,All ages,Alcohol use disorders,Rate,2010,2.472593090233636,2.6493179386662296,2.2977884186907973
Deaths,Iraq,Both,All ages,Cirrhosis due to alcohol,Rate,2010,0.3340705792519365,0.5277503255682259,0.18887873336057046
Deaths,Malawi,Both,All ages,Cirrhosis due to alcohol,Rate,2000,4.977888566162646,6.838935458362495,3.1913880280958753
Deaths,Senegal,Both,All ages,Cirrhosis due to alcohol,Rate,2000,2.026237471098624,3.1373538520938746,1.2658434537668215
Deaths,Namibia,Both,All ages,Alcohol use disorders,Rate,1990,0.8720080631492395,1.137811315679124,0.5316861180257553
Deaths,Benin,Both,All ages,Liver cancer due to alcohol use,Rate,2000,1.3984282863588198,2.315329036156128,0.7297298156374716
Deaths,Benin,Both,All ages,Alcohol use disorders,Rate,2000,0.7580515785934352,1.0580482934851052,0.49774642716176454
Deaths,Tajikistan,Both,All ages,Liver cancer due to alcohol use,Rate,2000,0.4662295508587853,0.7936078571837876,0.25667362662815
Deaths,Republic of Korea,Both,All ages,Alcoholic cardiomyopathy,Rate,2000,0.021754295857117197,0.04064824960346735,0.0029479713538895407
Deaths,Ukraine,Both,All ages,Alcoholic cardiomyopathy,Rate,1990,16.34334970266762,19.118225307719964,13.595236864901327
Deaths,Islamic Republic of Iran,Both,All ages,Alcoholic cardiomyopathy,Rate,2000,0.03445436249925486,0.07599664421633481,0.006679107696008511
Deaths,Burundi,Both,All ages,Alcohol use disorders,Rate,2000,1.3812705717460736,1.9000528501723621,0.9643099089699717
Deaths,Republic of San Marino,Both,All ages,Cirrhosis due to alcohol,Rate,1990,9.005345509236278,11.504614465283916,6.778254840625206
Deaths,Mali,Both,All ages,Cirrhosis due to alcohol,Rate,1990,3.322649835370094,5.118744257698485,1.9526568087888039
Deaths,Russian Federation,Both,All ages,Alcohol use disorders,Rate,1990,13.6902791928712,13.92111329811455,13.494760030587216
Deaths,Uganda,Both,All ages,Cirrhosis due to alcohol,Rate,2000,3.366785935118351,4.910461713454733,2.0279397533526256
Deaths,Tonga,Both,All ages,Cirrhosis due to alcohol,Rate,2010,2.6255890629868786,3.8563999003269935,1.6390307503143835
Deaths,Sudan,Both,All ages,Liver cancer due to alcohol use,Rate,2000,0.18121464011366445,0.3468325409284372,0.08478860604665968
Deaths,Ghana,Both,All ages,Liver cancer due to alcohol use,Rate,2010,0.8160874775076922,1.1551676581174426,0.5501657284651194
Deaths,Ghana,Both,All ages,Alcohol use disorders,Rate,2010,1.03993638646645,1.3736838290296722,0.7103698081670851
Deaths,Honduras,Both,All ages,Alcohol use disorders,Rate,1990,2.9192087356994145,3.6379186287108363,2.171250322745655
Deaths,Andorra,Both,All ages,Liver cancer due to alcohol use,Rate,2010,4.930588540231355,7.02867932552426,3.312499361115999
Deaths,Bhutan,Both,All ages,Cirrhosis due to alcohol,Rate,2010,4.7275146160420105,9.039608398025402,2.8765085413714555
Deaths,Tajikistan,Both,All ages,Alcoholic cardiomyopathy,Rate,2000,0.0006618655614199472,0.0015754650236255283,4.5350539585242926e-05
Deaths,Singapore,Both,All ages,Cirrhosis due to alcohol,Rate,2000,0.5573469479907012,0.7526650626125115,0.39053428234394066
Deaths,Qatar,Both,All ages,Liver cancer due to alcohol use,Rate,2000,0.4280230784921911,0.6799914039596937,0.27018472416349776
Deaths,Slovakia,Both,All ages,Alcohol use disorders,Rate,2000,2.6582471299343227,3.098000318129475,2.3136000059023725
Deaths,Fiji,Both,All ages,Cirrhosis due to alcohol,Rate,2000,1.052934594819068,1.4610349021852727,0.7039395972047825
Deaths,Cuba,Both,All ages,Cirrhosis due to alcohol,Rate,2010,5.427593743522462,6.469810705286597,4.477805063377658
Deaths,Principality of Monaco,Both,All ages,Alcohol use disorders,Rate,2010,0.4380710361426736,0.5603192425038588,0.24504636643778416
Deaths,Saint Kitts and Nevis,Both,All ages,Cirrhosis due to alcohol,Rate,2000,5.4945881261524585,6.59690718013255,4.475720641966995
Deaths,Slovakia,Both,All ages,Alcoholic cardiomyopathy,Rate,2000,0.9976075179409206,1.6823750013998204,0.3165670539274572
Deaths,Saint Kitts and Nevis,Both,All ages,Liver cancer due to alcohol use,Rate,1990,1.0438737050673887,1.4025577761602528,0.7458721740730851
Deaths,Chad,Both,All ages,Alcoholic cardiomyopathy,Rate,2010,0.0308453810004974,0.07789486864472653,0.004713056219699341
Deaths,North Macedonia,Both,All ages,Cirrhosis due to alcohol,Rate,2010,5.598228934430936,6.869757544872926,4.343877469487596
Deaths,Benin,Both,All ages,Alcoholic cardiomyopathy,Rate,2000,0.03594332848603205,0.08663872214149365,0.0045508447465767345
Deaths,Guyana,Both,All ages,Liver cancer due to alcohol use,Rate,2010,0.4950778914580378,0.6433811243492971,0.36963265893335434
Deaths,Maldives,Both,All ages,Liver cancer due to alcohol use,Rate,2010,0.6549992602115671,0.945543286072215,0.43254747721145476
Deaths,Latvia,Both,All ages,Cirrhosis due to alcohol,Rate,2000,7.117683089425943,8.38082070008762,5.754538764139672
Deaths,Netherlands,Both,All ages,Alcoholic cardiomyopathy,Rate,2010,1.2720837952368458,1.3639412123094952,1.1776144581603587
Deaths,Iraq,Both,All ages,Cirrhosis due to alcohol,Rate,2000,0.3355730146193973,0.5371373157090988,0.18455167751927548
Deaths,Ghana,Both,All ages,Alcoholic cardiomyopathy,Rate,2010,0.14591786587204622,0.3330260849877579,0.02858137889655558
Deaths,Dominica,Both,All ages,Cirrhosis due to alcohol,Rate,2000,5.116668661406255,6.325994333415581,3.971141285931389
Deaths,Lithuania,Both,All ages,Liver cancer due to alcohol use,Rate,2010,2.0019068679128713,2.483447713783169,1.5522436212918302
Deaths,Dominican Republic,Both,All ages,Liver cancer due to alcohol use,Rate,2000,0.28685211033627905,0.3847772720929927,0.2026632248100776
Deaths,Dominican Republic,Both,All ages,Alcohol use disorders,Rate,2000,0.9264418455174552,1.1349744374516633,0.6679932469603452
Deaths,Saint Kitts and Nevis,Both,All ages,Alcohol use disorders,Rate,2000,11.793835430509366,12.99945183369787,10.614854641664877
Deaths,Uruguay,Both,All ages,Liver cancer due to alcohol use,Rate,2010,0.8380954420466109,1.1021524383400243,0.6090664283574014
Deaths,El Salvador,Both,All ages,Liver cancer due to alcohol use,Rate,2000,0.21464881054184431,0.2854529287011287,0.1526323945952145
Deaths,Republic of Niue,Both,All ages,Cirrhosis due to alcohol,Rate,2010,3.0768255429675424,4.613981128085684,1.771532147572961
Deaths,Grenada,Both,All ages,Cirrhosis due to alcohol,Rate,1990,6.486720694185978,7.881681327139606,5.028478552399359
Deaths,Russian Federation,Both,All ages,Alcoholic cardiomyopathy,Rate,1990,9.283140051488315,9.472811677435784,9.068372459455134
Deaths,Republic of Cabo Verde,Both,All ages,Cirrhosis due to alcohol,Rate,2010,2.822704118476177,3.899054119606501,1.9175054679283963
Deaths,Jordan,Both,All ages,Alcohol use disorders,Rate,2000,0.050182966527923506,0.06496296522800875,0.03320797967136833
Deaths,Liberia,Both,All ages,Cirrhosis due to alcohol,Rate,1990,4.0358471701552645,5.680384161744954,2.500180961118978
Deaths,Togo,Both,All ages,Liver cancer due to alcohol use,Rate,2000,0.6002273657776054,1.008863623353532,0.35687850743961236
Deaths,Turkmenistan,Both,All ages,Alcohol use disorders,Rate,2000,3.4801809094483387,3.779746692806716,3.173176937855667
Deaths,Eritrea,Both,All ages,Liver cancer due to alcohol use,Rate,1990,0.2411681913432822,0.41116651508674634,0.13522889199236882
Deaths,Burkina Faso,Both,All ages,Cirrhosis due to alcohol,Rate,2000,3.426975890283404,4.935979085373522,2.1665965737219985
Deaths,Slovenia,Both,All ages,Cirrhosis due to alcohol,Rate,2000,16.553039739975095,19.68231619693568,13.229436535494814
Deaths,Turkmenistan,Both,All ages,Alcoholic cardiomyopathy,Rate,2000,0.9582855436471922,1.5569264244739807,0.5770883891422081
Deaths,Mozambique,Both,All ages,Liver cancer due to alcohol use,Rate,2000,1.8356042428005346,2.760530386921682,1.1859167908588961
Deaths,France,Both,All ages,Liver cancer due to alcohol use,Rate,2010,3.799610269951715,4.924647443101521,2.8366146945060606
Deaths,El Salvador,Both,All ages,Liver cancer due to alcohol use,Rate,1990,0.2378210955562026,0.3225102658188005,0.16431640059705516
Deaths,Canada,Both,All ages,Alcohol use disorders,Rate,2000,2.990868614339375,3.1008013689317475,2.8919571938942563
Deaths,Iceland,Both,All ages,Alcoholic cardiomyopathy,Rate,2010,0.393934068854324,0.4386870533173973,0.35015024430128716
Deaths,Trinidad and Tobago,Both,All ages,Liver cancer due to alcohol use,Rate,2000,0.5240478066794232,0.6716065668331088,0.39095541206042245
Deaths,Saint Kitts and Nevis,Both,All ages,Alcoholic cardiomyopathy,Rate,1990,0.3361558170640058,0.4235447902430637,0.26533391611706897
Deaths,Denmark,Both,All ages,Alcoholic cardiomyopathy,Rate,1990,1.0775476788150409,1.2133027507539569,0.946733367275397
Deaths,Mali,Both,All ages,Alcohol use disorders,Rate,1990,0.7377458743492035,1.083982196735075,0.46941477646322294
Deaths,Greenland,Both,All ages,Liver cancer due to alcohol use,Rate,2000,1.6841468358550369,2.2438018218782907,1.2119745132498903
Deaths,Myanmar,Both,All ages,Alcohol use disorders,Rate,2010,10.146172073018688,13.33443318271501,7.093426773614859
Deaths,Ethiopia,Both,All ages,Liver cancer due to alcohol use,Rate,2010,0.14331518361134585,0.2331136011532034,0.09666846598389907
Deaths,Ethiopia,Both,All ages,Alcohol use disorders,Rate,2010,0.7463801374880042,1.053678111840534,0.5852818975930493
Deaths,Palestine,Both,All ages,Alcohol use disorders,Rate,2010,0.0038994301261394883,0.004849570549371769,0.002254578427369102
Deaths,Madagascar,Both,All ages,Liver cancer due to alcohol use,Rate,2010,0.17573110163883016,0.31615448042022676,0.09142647868685592
Deaths,Comoros,Both,All ages,Cirrhosis due to alcohol,Rate,2000,3.137249006719132,4.945712932967416,1.9629101455964624
Deaths,Denmark,Both,All ages,Alcoholic cardiomyopathy,Rate,2000,1.4943461791273909,1.5975012048664803,1.3696824150173532
Deaths,Honduras,Both,All ages,Liver cancer due to alcohol use,Rate,1990,0.16962055257665457,0.33380214329601543,0.09344575041492927
Deaths,Nepal,Both,All ages,Liver cancer due to alcohol use,Rate,2010,0.348858874928124,0.5011806994315825,0.2203595522999908
Deaths,Dominican Republic,Both,All ages,Alcoholic cardiomyopathy,Rate,2000,0.27373314265907955,0.49945596087185656,0.08510914575044394
Deaths,Afghanistan,Both,All ages,Liver cancer due to alcohol use,Rate,1990,0.3242253752506456,0.5315167552341047,0.16809651158642677
Deaths,Switzerland,Both,All ages,Cirrhosis due to alcohol,Rate,1990,5.291721811933077,6.162429276736953,4.4143022346259055
Deaths,Guyana,Both,All ages,Alcoholic cardiomyopathy,Rate,2010,2.349778332746155,2.7044482437427826,2.0310497189736694
Deaths,Georgia,Both,All ages,Liver cancer due to alcohol use,Rate,2010,0.8798510443626731,1.1820756273058397,0.6293119105250757
Deaths,Myanmar,Both,All ages,Alcoholic cardiomyopathy,Rate,2010,0.0505162359964378,0.0951754296925362,0.009979694026031391
Deaths,Ethiopia,Both,All ages,Alcoholic cardiomyopathy,Rate,2010,0.0004886724202456626,0.003630122913248319,5.680280949071505e-05
Deaths,Costa Rica,Both,All ages,Liver cancer due to alcohol use,Rate,2010,1.1618013649860814,1.5215922280140257,0.8610636711398565
Deaths,Tunisia,Both,All ages,Alcoholic cardiomyopathy,Rate,2010,0.06459413762386315,0.12944598594260923,0.014963152864419797
Deaths,Grenada,Both,All ages,Alcohol use disorders,Rate,1990,2.3890179138716534,2.6670353917249416,2.126190547896003
Deaths,Principality of Monaco,Both,All ages,Cirrhosis due to alcohol,Rate,2010,7.849710959984847,9.934448778398812,6.03310586660117
Deaths,Burundi,Both,All ages,Cirrhosis due to alcohol,Rate,2010,3.1642403959637306,4.726093309425192,1.9690926191052014
Deaths,Cambodia,Both,All ages,Cirrhosis due to alcohol,Rate,2010,7.829300943371129,11.113279693669929,5.105769914887375
Deaths,Montenegro,Both,All ages,Alcoholic cardiomyopathy,Rate,2010,6.26735714700549,9.878179454790502,1.5737795599259226
Deaths,Guinea,Both,All ages,Cirrhosis due to alcohol,Rate,2010,3.4841306176878515,5.320952788595448,2.158875339243194
Deaths,Republic of Côte d'Ivoire,Both,All ages,Cirrhosis due to alcohol,Rate,2010,3.113241295795633,4.397501844141354,2.1033299052188967
Deaths,Mali,Both,All ages,Alcoholic cardiomyopathy,Rate,1990,0.042055880633470585,0.1088578303919089,0.004447200283532065
Deaths,Costa Rica,Both,All ages,Alcoholic cardiomyopathy,Rate,2010,0.22765538419620956,0.2523210021991162,0.20383836294295737
Deaths,Norway,Both,All ages,Cirrhosis due to alcohol,Rate,2010,2.407334582797235,2.646106916956603,2.173555606574456
Deaths,Lithuania,Both,All ages,Alcoholic cardiomyopathy,Rate,2010,12.226936248140605,13.077340416201391,11.343858975565604
Deaths,El Salvador,Both,All ages,Alcoholic cardiomyopathy,Rate,1990,0.02841903386520595,0.05651057329748762,0.004017497645167474
Deaths,Jordan,Both,All ages,Alcoholic cardiomyopathy,Rate,2000,0.0036772199490888477,0.005670137396486908,0.0002675697008787187
Deaths,Uruguay,Both,All ages,Alcoholic cardiomyopathy,Rate,2010,1.9787193542422128,2.1225150425202197,1.8174661682023892
Deaths,Grenada,Both,All ages,Cirrhosis due to alcohol,Rate,2000,5.83020377181805,6.922897497326911,4.690526323400305
Deaths,Uzbekistan,Both,All ages,Liver cancer due to alcohol use,Rate,2010,0.5699514184805158,0.8254546905971167,0.38796033993161544
Deaths,Guinea,Both,All ages,Alcohol use disorders,Rate,2010,0.8342680960614672,1.1019922559307183,0.5860142710373162
Deaths,Uzbekistan,Both,All ages,Cirrhosis due to alcohol,Rate,2000,9.054175067984604,11.055001377601037,6.989912471119444
Deaths,Chad,Both,All ages,Cirrhosis due to alcohol,Rate,2000,4.030049045641902,6.047683246922519,2.4753671286879375
Deaths,Indonesia,Both,All ages,Cirrhosis due to alcohol,Rate,2010,6.093543084783846,7.44144345280508,4.9619371408872155
Deaths,Grenada,Both,All ages,Alcohol use disorders,Rate,2000,2.5146823290290143,2.7493979971082716,2.3167603809264787
Deaths,Philippines,Both,All ages,Cirrhosis due to alcohol,Rate,2010,2.6323153126391587,3.1504454894671703,2.1726419512191613
Deaths,Kenya,Both,All ages,Cirrhosis due to alcohol,Rate,2010,3.8318887393878045,5.90317524688708,2.675265245165777
Deaths,Bahrain,Both,All ages,Liver cancer due to alcohol use,Rate,2010,0.13731012720845012,0.2035191145402796,0.08643418121402759
Deaths,Austria,Both,All ages,Alcohol use disorders,Rate,2010,5.185341058156664,5.409383009987219,4.967093369436434
Deaths,Turkey,Both,All ages,Alcohol use disorders,Rate,2010,0.2150355873087092,0.26139704802722663,0.1639906023323432
Deaths,Madagascar,Both,All ages,Alcoholic cardiomyopathy,Rate,2010,0.0013479933755460403,0.009481214655066586,0.00022102333490973424
Deaths,Somalia,Both,All ages,Liver cancer due to alcohol use,Rate,2010,0.44011576774296585,0.8816558258861166,0.1592770946931153
Deaths,Palestine,Both,All ages,Alcoholic cardiomyopathy,Rate,2010,0.01779775921658125,0.02755352182373163,0.0031297297837220646
Deaths,Republic of San Marino,Both,All ages,Alcohol use disorders,Rate,1990,0.3713457161319353,0.4842952689361893,0.270899771816381
Deaths,Canada,Both,All ages,Alcoholic cardiomyopathy,Rate,2000,1.1160462934133146,1.2041276419486595,1.0305771472605787
Deaths,Angola,Both,All ages,Cirrhosis due to alcohol,Rate,2000,4.684203185402284,7.1418497262316,3.0449208150999976
Deaths,Trinidad and Tobago,Both,All ages,Alcoholic cardiomyopathy,Rate,2000,0.39907605430383575,0.4557988011862055,0.35039889920492795
Deaths,Republic of Moldova,Both,All ages,Alcohol use disorders,Rate,2010,15.162471948851937,15.933453604005665,14.380665768669632
Deaths,Saudi Arabia,Both,All ages,Liver cancer due to alcohol use,Rate,2000,0.15658991136654118,0.2406046301913587,0.09722387925661645
Deaths,Brazil,Both,All ages,Cirrhosis due to alcohol,Rate,2000,5.227687264438354,5.663595655791311,4.7967335662433985
Deaths,Cameroon,Both,All ages,Cirrhosis due to alcohol,Rate,2000,3.060222387817792,4.762580631372852,1.888084256406124
Deaths,Indonesia,Both,All ages,Liver cancer due to alcohol use,Rate,2000,0.3756961420587801,0.5695165148573151,0.25103417726837396
Deaths,Northern Mariana Islands,Both,All ages,Liver cancer due to alcohol use,Rate,2000,0.20687415249960753,0.311974325680781,0.13515965719287729
Deaths,Bahrain,Both,All ages,Alcoholic cardiomyopathy,Rate,2010,0.06546592776049572,0.13858197073722228,0.01823283511326511
Deaths,El Salvador,Both,All ages,Alcohol use disorders,Rate,2010,11.933000379424538,15.312217559727438,10.771353704489705
Deaths,Djibouti,Both,All ages,Liver cancer due to alcohol use,Rate,2010,0.35051803159550876,0.5877067189000625,0.19317577136441821
Deaths,Maldives,Both,All ages,Liver cancer due to alcohol use,Rate,2000,0.631774252192541,0.9260595496421008,0.4121244731418574
Deaths,Somalia,Both,All ages,Alcoholic cardiomyopathy,Rate,2010,0.0008380320208434793,0.004507977224283968,7.881318428353072e-05
Deaths,El Salvador,Both,All ages,Alcoholic cardiomyopathy,Rate,2000,0.029102196668050518,0.048018809502602476,0.0039007232171922555
Deaths,Mauritania,Both,All ages,Liver cancer due to alcohol use,Rate,1990,2.7489783984018055,5.729204498516785,0.5601493633954142
Deaths,Afghanistan,Both,All ages,Liver cancer due to alcohol use,Rate,2000,0.20233713650134075,0.3527394475432515,0.1065051837945924
Deaths,Austria,Both,All ages,Alcoholic cardiomyopathy,Rate,2010,2.5460771285921324,2.7515614708219234,2.3368745143413547
Deaths,Republic of Nauru,Both,All ages,Cirrhosis due to alcohol,Rate,2010,2.9538308446492563,4.893547542606732,1.2647721218606403
Deaths,Albania,Both,All ages,Cirrhosis due to alcohol,Rate,2010,3.357858777308152,4.405788457376027,2.4840542990489767
Deaths,Botswana,Both,All ages,Alcohol use disorders,Rate,2000,0.9340628944866142,1.3516720609689055,0.5446164712607615
Deaths,Republic of Moldova,Both,All ages,Alcoholic cardiomyopathy,Rate,2010,5.271926857536809,5.691306855159264,4.914110284412395
Deaths,Kenya,Both,All ages,Alcohol use disorders,Rate,2010,0.8913084453474942,1.124965855070717,0.7306981020243792
Deaths,Singapore,Both,All ages,Cirrhosis due to alcohol,Rate,2010,0.46357087853024276,0.6223841683462511,0.31585785296558505
Deaths,Rwanda,Both,All ages,Alcohol use disorders,Rate,2000,1.9080329361945851,2.4475157154848013,1.2521880225567106
Deaths,Socialist Republic of Viet Nam,Both,All ages,Liver cancer due to alcohol use,Rate,2010,2.4481880337203923,3.6119355289366983,1.6638490079533215
Deaths,Canada,Both,All ages,Alcoholic cardiomyopathy,Rate,2010,0.9996653527934345,1.06775529152027,0.9306894360889119
Deaths,United Arab Emirates,Both,All ages,Cirrhosis due to alcohol,Rate,2010,0.15437090244800827,0.2419210811624096,0.09132815976419896
Deaths,United States of America,Both,All ages,Cirrhosis due to alcohol,Rate,2000,4.349107314046384,4.727279264431083,3.982179943118441
Deaths,Guinea-Bissau,Both,All ages,Cirrhosis due to alcohol,Rate,2010,3.6169585983806263,5.70610643588531,2.157447664859946
Deaths,Republic of Palau,Both,All ages,Liver cancer due to alcohol use,Rate,2010,1.1337198080401998,1.7481398703157471,0.687808853462254
Deaths,Kuwait,Both,All ages,Cirrhosis due to alcohol,Rate,2000,0.2653412068858882,0.37340200935588697,0.1671126299906203
Deaths,Honduras,Both,All ages,Liver cancer due to alcohol use,Rate,2000,0.24718658849987304,0.44357544937371035,0.13814428521360853
Deaths,Botswana,Both,All ages,Alcoholic cardiomyopathy,Rate,2000,0.0025837451705963926,0.007324125833166398,0.0004687998815475621
Deaths,Ireland,Both,All ages,Cirrhosis due to alcohol,Rate,2010,2.968916063864598,3.527144029349834,2.407477944685526
Deaths,Russian Federation,Both,All ages,Cirrhosis due to alcohol,Rate,2010,18.584262987640756,20.193971169422632,16.868790950677017
Deaths,Lesotho,Both,All ages,Cirrhosis due to alcohol,Rate,2000,4.8783642591205725,7.625956713114459,2.9819821885171165
Deaths,Italy,Both,All ages,Liver cancer due to alcohol use,Rate,2000,3.4241684624888524,3.9101168400122592,3.036022574409963
Deaths,Indonesia,Both,All ages,Alcoholic cardiomyopathy,Rate,2000,0.03594462164576823,0.06845791960158207,0.00717109063048554
Deaths,Serbia,Both,All ages,Liver cancer due to alcohol use,Rate,2010,2.7385046712249834,3.646462703780074,1.9684877693422518
Deaths,United Republic of Tanzania,Both,All ages,Alcohol use disorders,Rate,2010,1.036911394133081,1.458223288808384,0.726248782936743
Deaths,Finland,Both,All ages,Alcohol use disorders,Rate,1990,6.074622770449343,6.339935999073791,5.82591761576429
Deaths,Egypt,Both,All ages,Alcohol use disorders,Rate,2010,0.010327809463057959,0.015231041767094684,0.008514668078545394
Deaths,Ukraine,Both,All ages,Liver cancer due to alcohol use,Rate,2000,1.1766190343666243,1.3811982260314566,1.0005617186926796
Deaths,Belgium,Both,All ages,Cirrhosis due to alcohol,Rate,2010,6.245390807284857,7.363039990471006,5.107644873247656
Deaths,Sudan,Both,All ages,Alcoholic cardiomyopathy,Rate,1990,0.051677797725988225,0.11131499695263199,0.010674183382963854
Deaths,Comoros,Both,All ages,Liver cancer due to alcohol use,Rate,2000,0.40754037324871806,0.6628026581424489,0.2306636377222521
Deaths,Canada,Both,All ages,Liver cancer due to alcohol use,Rate,2010,2.7337118982736377,3.241515391911245,2.211571174910303
Deaths,Republic of the Gambia,Both,All ages,Liver cancer due to alcohol use,Rate,2000,2.357122285252087,3.4787157703820437,1.5672092091666532
Deaths,Republic of Palau,Both,All ages,Alcohol use disorders,Rate,2000,0.9233216259791451,1.2573035195387299,0.5928290445564689
Deaths,France,Both,All ages,Alcoholic cardiomyopathy,Rate,2010,0.7067769911735513,0.7617855258692638,0.65691334918393
Deaths,Grenada,Both,All ages,Liver cancer due to alcohol use,Rate,2010,0.7596745748903444,0.9813477756647597,0.5663129032068859
Deaths,Malaysia,Both,All ages,Liver cancer due to alcohol use,Rate,2010,0.5977903707943528,0.9133821787957549,0.38487265175255575
Deaths,Afghanistan,Both,All ages,Alcoholic cardiomyopathy,Rate,1990,0.09179151410939183,0.1992804726058468,0.018427265958037172
Deaths,Guatemala,Both,All ages,Alcohol use disorders,Rate,1990,14.843486753389778,15.303084407038906,14.391946976056346
Deaths,Armenia,Both,All ages,Alcohol use disorders,Rate,2010,2.161342076406453,2.3188581794595784,2.0153887096520346
Deaths,Armenia,Both,All ages,Alcoholic cardiomyopathy,Rate,2010,4.657756443692568,5.371034773072146,3.926895836918746
Deaths,Northern Mariana Islands,Both,All ages,Liver cancer due to alcohol use,Rate,2010,0.5029350195884379,0.7844602720769439,0.3222265987140236
Deaths,France,Both,All ages,Liver cancer due to alcohol use,Rate,1990,2.5771038887595528,3.234857200955279,1.945504356660341
Deaths,Guatemala,Both,All ages,Cirrhosis due to alcohol,Rate,2010,8.224182835256054,9.965669378576733,6.504505563689448
Deaths,Republic of Palau,Both,All ages,Alcoholic cardiomyopathy,Rate,2000,0.03478949181877495,0.06698329306853512,0.003906837059741148
Deaths,Sweden,Both,All ages,Liver cancer due to alcohol use,Rate,2010,1.9406319083416719,2.215616463020091,1.6799083396065617
Deaths,Grenada,Both,All ages,Alcoholic cardiomyopathy,Rate,2010,2.2681539996545204,2.504457018557844,2.050012764688955
Deaths,Eritrea,Both,All ages,Alcohol use disorders,Rate,2010,1.3697234590420486,1.9036272495375672,0.9355079672901105
Deaths,Islamic Republic of Iran,Both,All ages,Cirrhosis due to alcohol,Rate,2010,0.6046405703236603,0.7920133401410886,0.4970314229579521
Deaths,Namibia,Both,All ages,Cirrhosis due to alcohol,Rate,2000,4.018967980586036,6.029310151295787,2.459570850743151
Deaths,Azerbaijan,Both,All ages,Cirrhosis due to alcohol,Rate,2010,11.081124559780239,14.409823017784374,8.285358676866633
Deaths,Armenia,Both,All ages,Liver cancer due to alcohol use,Rate,2010,3.0705063478948755,4.132424786888278,2.0984432454004778
Deaths,Puerto Rico,Both,All ages,Cirrhosis due to alcohol,Rate,2000,10.018228776602548,11.888054782569283,8.081186183684261
Deaths,Sweden,Both,All ages,Alcoholic cardiomyopathy,Rate,2010,1.3747273125005919,1.4666832283800668,1.288926678466826
Deaths,Ukraine,Both,All ages,Cirrhosis due to alcohol,Rate,1990,6.227656139664453,6.974911946333088,5.5450222296154665
Deaths,Ghana,Both,All ages,Liver cancer due to alcohol use,Rate,2000,1.105542825103649,1.5787745559895048,0.7575795839611611
Deaths,Ghana,Both,All ages,Alcohol use disorders,Rate,2000,1.0189763843500903,1.3050771033421658,0.7009873615876513
Deaths,Republic of Côte d'Ivoire,Both,All ages,Liver cancer due to alcohol use,Rate,2010,0.3646451985726657,0.5579976136062694,0.23845061441587417
Deaths,Poland,Both,All ages,Cirrhosis due to alcohol,Rate,2010,8.7984365583199,9.702609567120005,8.00736499544264
Deaths,Guatemala,Both,All ages,Alcohol use disorders,Rate,2000,10.66195567361669,10.990822368388425,10.33313126859642
Deaths,Guatemala,Both,All ages,Alcoholic cardiomyopathy,Rate,1990,0.070028961841897,0.08541473167570522,0.054411591307951104
Deaths,Finland,Both,All ages,Alcohol use disorders,Rate,2000,13.424383782704053,13.905174601864408,12.90950242489384
Deaths,Federated States of Micronesia,Both,All ages,Liver cancer due to alcohol use,Rate,2000,0.33823140612798736,0.5793308197187729,0.19912685185960163
Deaths,Czech Republic,Both,All ages,Liver cancer due to alcohol use,Rate,2000,2.647685235109648,3.171972972840393,2.1280623807553676
Deaths,Botswana,Both,All ages,Liver cancer due to alcohol use,Rate,2000,0.8355105818662235,2.310274719515221,0.2913202291968984
Deaths,Guam,Both,All ages,Alcohol use disorders,Rate,2000,0.6749684861537507,0.7962660543197796,0.37088135198130917
Deaths,Saudi Arabia,Both,All ages,Alcohol use disorders,Rate,2000,0.017288758594519782,0.02201944620408874,0.01015079957302603
Deaths,China,Both,All ages,Liver cancer due to alcohol use,Rate,2010,0.988291057376637,1.1872447517346143,0.818819261212241
Deaths,Maldives,Both,All ages,Alcohol use disorders,Rate,2010,0.08471311381641743,0.09905335829583817,0.065820692467344
Deaths,Republic of Palau,Both,All ages,Alcohol use disorders,Rate,2010,0.9893120094689635,1.3463699054456837,0.6546743979176464
Deaths,Guyana,Both,All ages,Alcohol use disorders,Rate,2010,2.1713818207609936,2.475425669248769,1.8805631311641748
Deaths,Rwanda,Both,All ages,Alcoholic cardiomyopathy,Rate,2000,0.0008814320747140335,0.003986721477195434,0.00016913466092353236
Deaths,Uganda,Both,All ages,Cirrhosis due to alcohol,Rate,2010,2.52868959605101,3.8590784334387447,1.5380744658619236
Deaths,Haiti,Both,All ages,Alcohol use disorders,Rate,2010,2.5172948851719195,3.6033882870285714,1.2712675269098113
Deaths,Poland,Both,All ages,Alcohol use disorders,Rate,2010,10.845240708339215,11.119441939485656,10.59210439436113
Deaths,Guinea,Both,All ages,Liver cancer due to alcohol use,Rate,2000,1.9818480533275293,2.968412657516084,1.3273827113194312
Deaths,Honduras,Both,All ages,Cirrhosis due to alcohol,Rate,1990,5.357277500840463,7.353913971771521,3.8312242430286654
Deaths,Oman,Both,All ages,Cirrhosis due to alcohol,Rate,2010,0.3496956089627613,0.5235489254849707,0.21551484010997107
Deaths,Zimbabwe,Both,All ages,Liver cancer due to alcohol use,Rate,2010,1.167700876935671,1.8015502614354213,0.7813273771910271
Deaths,Brunei Darussalam,Both,All ages,Liver cancer due to alcohol use,Rate,2010,0.43330555251016056,0.6764968137998069,0.27760272798694763
Deaths,Republic of Niue,Both,All ages,Liver cancer due to alcohol use,Rate,2010,0.9096691521509939,1.4683499263170776,0.5462857653265343
Deaths,Pakistan,Both,All ages,Liver cancer due to alcohol use,Rate,2010,0.2991573658111502,0.4317261075712294,0.2150248499341168
Deaths,Pakistan,Both,All ages,Alcohol use disorders,Rate,2010,0.38981905103262776,0.5185392035241112,0.02000654955246939
Deaths,United States of America,Both,All ages,Cirrhosis due to alcohol,Rate,2010,5.398389997350555,5.892437334645794,4.902021696193861
Deaths,Sudan,Both,All ages,Alcohol use disorders,Rate,2000,0.14483311479038752,0.20493347173849122,0.07650478222664506
Deaths,Eritrea,Both,All ages,Alcoholic cardiomyopathy,Rate,2010,0.0007626078231246112,0.004563871479489841,0.00013071736851026503
Deaths,Italy,Both,All ages,Liver cancer due to alcohol use,Rate,2010,2.913996964625717,3.3487485836065125,2.5789828944853164
Deaths,Republic of Palau,Both,All ages,Alcoholic cardiomyopathy,Rate,2010,0.0381857192486164,0.07469263742347966,0.0045692225709832775
Deaths,Tokelau,Both,All ages,Cirrhosis due to alcohol,Rate,1990,2.743879156630581,4.463493662117307,1.6011405567451618
Deaths,Panama,Both,All ages,Liver cancer due to alcohol use,Rate,2010,0.6087113657389108,0.7622395614996463,0.45990124047993086
Deaths,Panama,Both,All ages,Alcohol use disorders,Rate,2010,0.6822241484414194,0.7287627580911665,0.6384889135950954
Deaths,Italy,Both,All ages,Alcoholic cardiomyopathy,Rate,2000,0.3397219415139405,0.3637315017701386,0.3027406036606833
Deaths,Malawi,Both,All ages,Alcohol use disorders,Rate,2010,1.1253415083949163,1.4312896914936226,0.8297513233917772
Deaths,Guam,Both,All ages,Alcoholic cardiomyopathy,Rate,2000,0.1153498018586237,0.19349364957571935,0.031014669266013647
Deaths,Saudi Arabia,Both,All ages,Alcoholic cardiomyopathy,Rate,2000,0.04421629292958085,0.0707586846063707,0.006312249690897979
Deaths,Republic of San Marino,Both,All ages,Cirrhosis due to alcohol,Rate,2000,9.1759544257648,11.360303708863327,7.12703086724313
Deaths,Ghana,Both,All ages,Alcoholic cardiomyopathy,Rate,2000,0.24536357796637157,0.4592934684749645,0.03687310170845541
Deaths,Afghanistan,Both,All ages,Alcoholic cardiomyopathy,Rate,2000,0.062487499684233325,0.1486989428254938,0.012430535975854331
Deaths,Italy,Both,All ages,Alcoholic cardiomyopathy,Rate,2010,0.2355881479577004,0.24810167515057985,0.2197219574688514
Deaths,Benin,Both,All ages,Alcoholic cardiomyopathy,Rate,2010,0.023322353098768348,0.05878185281358009,0.0033052142380313814
Deaths,Republic of Moldova,Both,All ages,Liver cancer due to alcohol use,Rate,2000,1.8492097773609422,2.271388550445949,1.4200090895410877
Deaths,Federated States of Micronesia,Both,All ages,Alcoholic cardiomyopathy,Rate,2000,0.04812098852469161,0.09536463495031558,0.005688616412220905
Deaths,Pakistan,Both,All ages,Alcoholic cardiomyopathy,Rate,2010,0.06143912935431183,0.16566320066552517,0.012780001232726481
Deaths,Qatar,Both,All ages,Liver cancer due to alcohol use,Rate,2010,0.24893200725164089,0.3817221264113862,0.1550928886767439
Deaths,Syrian Arab Republic,Both,All ages,Cirrhosis due to alcohol,Rate,2000,0.3641451450860431,0.5743035401522364,0.21936503062171783
Deaths,Seychelles,Both,All ages,Cirrhosis due to alcohol,Rate,2000,6.988940694158505,9.143841265992885,4.897942562352362
Deaths,Luxembourg,Both,All ages,Alcohol use disorders,Rate,2000,4.996442198304347,5.311249505552453,4.72483184107752
Deaths,Estonia,Both,All ages,Liver cancer due to alcohol use,Rate,2000,2.0092406793145767,2.5823288947523375,1.4756500591090385
Deaths,Syrian Arab Republic,Both,All ages,Alcohol use disorders,Rate,2000,0.3048223419669432,0.3630913385400136,0.16880863764174422
Deaths,Brazil,Both,All ages,Cirrhosis due to alcohol,Rate,2010,5.748175237363324,6.250834248073186,5.296715178620596
Deaths,Brunei Darussalam,Both,All ages,Alcoholic cardiomyopathy,Rate,2010,0.44478884288017506,0.755039541985654,0.13517505494601725
Deaths,Panama,Both,All ages,Alcoholic cardiomyopathy,Rate,2010,0.1158880253087128,0.13022560680581652,0.1016866188976635
Deaths,New Zealand,Both,All ages,Liver cancer due to alcohol use,Rate,2000,1.4259392774360113,1.6057642965743077,1.2524060533254733
Deaths,Jordan,Both,All ages,Liver cancer due to alcohol use,Rate,2010,0.06716602326072839,0.09987026737006738,0.042963347071727255
Deaths,Puerto Rico,Both,All ages,Cirrhosis due to alcohol,Rate,2010,6.559191237231392,8.028198485101933,5.266632895152776
Deaths,Bangladesh,Both,All ages,Alcohol use disorders,Rate,1990,0.013251120244552148,0.016866137163732777,0.009098124636109959
Deaths,France,Both,All ages,Cirrhosis due to alcohol,Rate,1990,10.077441449736801,11.754395574601253,8.3715347937756
Deaths,Afghanistan,Both,All ages,Cirrhosis due to alcohol,Rate,2000,0.9947244979043326,1.7663271230642008,0.48863610754761605
Deaths,Ethiopia,Both,All ages,Cirrhosis due to alcohol,Rate,2010,2.596247640688001,3.1948179122489355,2.05702142348895
Deaths,Mali,Both,All ages,Liver cancer due to alcohol use,Rate,2010,1.6147726064547319,2.405135112083481,1.0528948758105983
Deaths,Sudan,Both,All ages,Alcohol use disorders,Rate,2010,0.11864690452229584,0.1738380829351032,0.06326816510930668
Deaths,Kazakhstan,Both,All ages,Liver cancer due to alcohol use,Rate,2010,1.8071235705156774,2.4036012369105673,1.2966834186009826
Deaths,Kazakhstan,Both,All ages,Alcohol use disorders,Rate,2010,12.133473933800863,13.21428550533613,11.097608223012047
Deaths,Maldives,Both,All ages,Alcoholic cardiomyopathy,Rate,2010,0.033118052545575725,0.05588376720202774,0.00951663368285219
Deaths,Djibouti,Both,All ages,Alcohol use disorders,Rate,2000,1.2772415826695867,2.0151605106093613,0.8002224251608411
Deaths,Guinea,Both,All ages,Cirrhosis due to alcohol,Rate,2000,3.6997240826153246,5.707408165316775,2.2626196811098156
Deaths,Germany,Both,All ages,Alcohol use disorders,Rate,2010,7.141628350955304,7.3900156402609785,6.874213035851888
Deaths,Serbia,Both,All ages,Alcoholic cardiomyopathy,Rate,2010,4.725061488858396,7.187274727731043,1.4096398628049673
Deaths,Angola,Both,All ages,Cirrhosis due to alcohol,Rate,2010,4.160748527287919,6.32677909177353,2.778805907623128
Deaths,Haiti,Both,All ages,Cirrhosis due to alcohol,Rate,2010,7.823444476124863,11.914502848895575,5.070852534819134
Deaths,Madagascar,Both,All ages,Cirrhosis due to alcohol,Rate,2010,2.478909132918976,4.110693162338411,1.3959344390774757
Deaths,Estonia,Both,All ages,Alcoholic cardiomyopathy,Rate,2000,14.87305545835059,15.83767845024997,13.839530501422177
Deaths,Tokelau,Both,All ages,Liver cancer due to alcohol use,Rate,2000,0.3605567239868239,0.6709049953815903,0.19579980992491722
Deaths,Mexico,Both,All ages,Liver cancer due to alcohol use,Rate,2010,0.4900016946813762,0.5666340924843836,0.4278478071736929
Deaths,Switzerland,Both,All ages,Alcohol use disorders,Rate,2010,3.3711516103420025,3.5245594016726898,3.1956196009007782
Deaths,Papua New Guinea,Both,All ages,Alcohol use disorders,Rate,2000,0.7330879012778834,1.1514282085067318,0.3513157912408935
Deaths,Trinidad and Tobago,Both,All ages,Liver cancer due to alcohol use,Rate,2010,0.6738230718370727,0.8573475893651914,0.5012019637424946
Deaths,Saudi Arabia,Both,All ages,Liver cancer due to alcohol use,Rate,2010,0.11845053277147527,0.18560182824644078,0.07439989671592064
Deaths,Somalia,Both,All ages,Cirrhosis due to alcohol,Rate,2000,4.844969374759264,7.637989527011356,2.7219332011105095
Deaths,Plurinational State of Bolivia,Both,All ages,Cirrhosis due to alcohol,Rate,2000,9.951179759793952,13.72085680803719,6.354852128653914
Deaths,Burkina Faso,Both,All ages,Cirrhosis due to alcohol,Rate,2010,2.9153854469230818,4.219204346660494,1.8977948546785475
Deaths,Chad,Both,All ages,Liver cancer due to alcohol use,Rate,2000,1.3521784985089758,2.420971001116288,0.6092781421242316
Deaths,Saudi Arabia,Both,All ages,Alcohol use disorders,Rate,2010,0.01103308001755446,0.01299015466634441,0.009243626152730408
Deaths,Tunisia,Both,All ages,Cirrhosis due to alcohol,Rate,2000,0.609698155513058,0.9637542039695146,0.3556146710395677
Deaths,Mozambique,Both,All ages,Liver cancer due to alcohol use,Rate,2010,1.8048001890673349,3.076081436848018,1.0458362441267368
Deaths,Lao People's Democratic Republic,Both,All ages,Alcohol use disorders,Rate,2000,0.7012694318284222,1.0559328799017977,0.4055693854459463
Deaths,Congo,Both,All ages,Liver cancer due to alcohol use,Rate,2000,0.6741646938832438,1.1706581824145499,0.3349030712782239
Deaths,Saudi Arabia,Both,All ages,Alcoholic cardiomyopathy,Rate,2010,0.0353863612588327,0.05693672306375519,0.007292048614217467
Deaths,Latvia,Both,All ages,Alcohol use disorders,Rate,2000,18.341354776172807,19.25004239536478,17.48437123683084
Deaths,Jamaica,Both,All ages,Cirrhosis due to alcohol,Rate,2010,1.7458524511285483,2.10554043675051,1.3907064023184124
Deaths,Guam,Both,All ages,Alcohol use disorders,Rate,2010,0.5542467002494633,0.6535907039865665,0.38604023771013324
Deaths,Tajikistan,Both,All ages,Liver cancer due to alcohol use,Rate,2010,0.47691268722478297,0.7432776949393813,0.2864296260059581
Deaths,New Zealand,Both,All ages,Alcoholic cardiomyopathy,Rate,2000,2.5829194429166074,2.7508483155470183,2.4245261396665203
Deaths,Germany,Both,All ages,Alcoholic cardiomyopathy,Rate,2010,4.7999602072016305,5.107511470495383,4.47160092925513
Deaths,Slovakia,Both,All ages,Alcohol use disorders,Rate,2010,3.239913153708794,3.6962995886725674,2.3734142519060892
Deaths,Bolivarian Republic of Venezuela,Both,All ages,Alcohol use disorders,Rate,2010,0.4479908019049338,0.4701127101505668,0.42579381448227244
Deaths,Romania,Both,All ages,Cirrhosis due to alcohol,Rate,2010,25.382196066262193,29.77838275847216,20.730977902564366
Deaths,Guinea,Both,All ages,Liver cancer due to alcohol use,Rate,2010,1.8049939089833633,2.6357748046002096,1.1656679989775613
Deaths,Guinea,Both,All ages,Alcoholic cardiomyopathy,Rate,2000,0.05057415882667443,0.12256610262371913,0.006068849205891497
Deaths,Jamaica,Both,All ages,Liver cancer due to alcohol use,Rate,2010,0.42657198332639035,0.5516973071218045,0.31495033975588993
Deaths,Luxembourg,Both,All ages,Alcohol use disorders,Rate,2010,4.227341632208045,4.4774836483902325,3.9480919071989304
Deaths,Djibouti,Both,All ages,Alcoholic cardiomyopathy,Rate,2000,0.0009135711430702981,0.005177249547105553,0.00017575314910894357
Deaths,Samoa,Both,All ages,Cirrhosis due to alcohol,Rate,2000,1.440234093688672,2.262202358071689,0.8607714473319702
Deaths,Tajikistan,Both,All ages,Alcoholic cardiomyopathy,Rate,2010,0.0006044885607405429,0.0013264606872608448,4.616494546300155e-05
Deaths,Lesotho,Both,All ages,Liver cancer due to alcohol use,Rate,2000,1.6388741375900753,3.5567661171373204,0.7702817114445553
Deaths,Republic of the Gambia,Both,All ages,Alcohol use disorders,Rate,2010,0.857426819037789,1.1217611122875355,0.5721379451425277
Deaths,Finland,Both,All ages,Liver cancer due to alcohol use,Rate,2010,2.5613046713615155,3.205910032117489,1.9235165848904374
Deaths,Lesotho,Both,All ages,Alcohol use disorders,Rate,2000,1.129978026685032,1.4975825506733733,0.7245031413396106
Deaths,Brunei Darussalam,Both,All ages,Alcohol use disorders,Rate,2010,0.23143100612071152,0.2883086625862383,0.1638056377019604
Deaths,Afghanistan,Both,All ages,Alcohol use disorders,Rate,2010,0.1732203965669742,0.26331821493763974,0.06831707061926277
Deaths,Congo,Both,All ages,Liver cancer due to alcohol use,Rate,2010,0.48265352978530085,0.9792752174074755,0.22542784291314524
Deaths,Bosnia and Herzegovina,Both,All ages,Liver cancer due to alcohol use,Rate,2000,2.7778649598123977,3.931644414377053,1.9218038238638375
Deaths,Syrian Arab Republic,Both,All ages,Cirrhosis due to alcohol,Rate,2010,0.3408323093050317,0.5123126068883912,0.20806242145451448
Deaths,Guam,Both,All ages,Alcoholic cardiomyopathy,Rate,2010,0.12186828872576225,0.2014345309923602,0.022709134819042114
Deaths,Trinidad and Tobago,Both,All ages,Alcoholic cardiomyopathy,Rate,2010,0.9692454272385659,1.0858279706591591,0.861315182338239
Deaths,Malaysia,Both,All ages,Cirrhosis due to alcohol,Rate,2000,2.631723250032277,3.458258483813723,1.900174947840911
Deaths,Myanmar,Both,All ages,Cirrhosis due to alcohol,Rate,2010,5.043549698262906,7.503972044950068,3.1064709599481524
Deaths,Finland,Both,All ages,Alcoholic cardiomyopathy,Rate,2010,5.834867023462974,6.2119976780872825,5.494524972482643
Deaths,Nicaragua,Both,All ages,Liver cancer due to alcohol use,Rate,2010,0.39303725784878674,0.5445719570194465,0.2784285492639193
Deaths,Togo,Both,All ages,Liver cancer due to alcohol use,Rate,2010,0.5487076979281776,0.9170374694661921,0.3334577785193002
Deaths,Slovakia,Both,All ages,Alcoholic cardiomyopathy,Rate,2010,1.6663670965888273,2.340574410361758,0.3789674736462421
Deaths,Democratic People's Republic of Korea,Both,All ages,Alcohol use disorders,Rate,2010,1.11856685201322,1.5500302720495491,0.6889524369875912
Deaths,Syrian Arab Republic,Both,All ages,Alcohol use disorders,Rate,2010,0.13995773740649334,0.18576995276628203,0.10527618515889624
Deaths,Fiji,Both,All ages,Cirrhosis due to alcohol,Rate,2010,1.0943824100226325,1.5509559110092515,0.7254910556585685
Deaths,Republic of the Gambia,Both,All ages,Alcoholic cardiomyopathy,Rate,2010,0.03133984980626092,0.07358914037561605,0.0043121452273207385
Deaths,Republic of Côte d'Ivoire,Both,All ages,Alcohol use disorders,Rate,2000,1.0893799320092024,1.5603144446982316,0.6646308985897041
Deaths,Rwanda,Both,All ages,Alcohol use disorders,Rate,2010,1.4078702822819118,1.9295325002037433,1.058062403977228
Deaths,Algeria,Both,All ages,Cirrhosis due to alcohol,Rate,2000,0.32405138300000497,0.5305376537691621,0.19125711906795093
Deaths,Guinea-Bissau,Both,All ages,Alcohol use disorders,Rate,2000,1.0939819808340985,1.5911605437783676,0.6516112564834042
Deaths,Lithuania,Both,All ages,Cirrhosis due to alcohol,Rate,2000,6.558846803248803,7.923037518457942,5.0961772621450665
Deaths,Cameroon,Both,All ages,Cirrhosis due to alcohol,Rate,2010,2.882713695445254,4.49373501475635,1.7316465138694412
Deaths,Republic of Côte d'Ivoire,Both,All ages,Alcoholic cardiomyopathy,Rate,2000,0.06023233468260796,0.12975473195872736,0.006381281345798718
Deaths,Mauritania,Both,All ages,Alcohol use disorders,Rate,2010,0.5580627678510021,0.858906971122429,0.319308065571712
Deaths,Malta,Both,All ages,Cirrhosis due to alcohol,Rate,2000,3.5663635501519844,4.251260191383937,2.8270725291550516
Deaths,Kuwait,Both,All ages,Liver cancer due to alcohol use,Rate,2010,0.05996803342383766,0.08415413189046299,0.040356832722312906
Deaths,Kuwait,Both,All ages,Alcohol use disorders,Rate,2010,0.03334318834360959,0.035805268085187046,0.03126530157129985
Deaths,Guinea,Both,All ages,Alcohol use disorders,Rate,2000,0.8038039948303279,1.0836071106301628,0.548087717500337
Deaths,Croatia,Both,All ages,Liver cancer due to alcohol use,Rate,2010,3.3123849944068233,4.176454880110928,2.5976200267211893
Deaths,Nicaragua,Both,All ages,Alcohol use disorders,Rate,2010,4.7356331466026225,5.7796027145286875,4.056194515930602
Deaths,Switzerland,Both,All ages,Alcoholic cardiomyopathy,Rate,2010,1.3161247457004688,1.4278692035230909,1.1990125092272923
Deaths,Croatia,Both,All ages,Alcoholic cardiomyopathy,Rate,2010,4.65846865330277,5.0228992602447144,4.274758158764467
Deaths,Russian Federation,Both,All ages,Alcohol use disorders,Rate,2000,32.93886996153523,33.40802702465478,32.48630754997492
Deaths,Bosnia and Herzegovina,Both,All ages,Alcoholic cardiomyopathy,Rate,2000,2.480533944507265,4.7244027582030474,0.6364109399740101
Deaths,Lebanon,Both,All ages,Liver cancer due to alcohol use,Rate,2010,0.23516012812437667,0.3563151955963344,0.14848184617923074
Deaths,Guyana,Both,All ages,Liver cancer due to alcohol use,Rate,1990,0.45943057968140794,0.6156427114427964,0.3402508811910852
Deaths,Greece,Both,All ages,Cirrhosis due to alcohol,Rate,2010,4.623214095329604,5.475054190067049,3.777073317468172
Deaths,Botswana,Both,All ages,Alcohol use disorders,Rate,2010,0.8788689159516666,1.1939230445989795,0.5094371574637186
Deaths,Switzerland,Both,All ages,Liver cancer due to alcohol use,Rate,2000,2.812789803405163,3.469512105666502,2.141251609824699
Deaths,Lebanon,Both,All ages,Alcoholic cardiomyopathy,Rate,2010,0.004122404940036275,0.007434221845111852,0.0004280514938282145
Deaths,Ghana,Both,All ages,Cirrhosis due to alcohol,Rate,2010,3.1355985900886614,4.470984650569914,2.1234414853757766
Deaths,Russian Federation,Both,All ages,Alcoholic cardiomyopathy,Rate,2000,24.8475767434239,25.1835282220427,24.506235243290728
Deaths,Lesotho,Both,All ages,Alcoholic cardiomyopathy,Rate,2000,0.003223754054757192,0.007218051341962788,0.0005117045948550602
Deaths,Mauritania,Both,All ages,Alcoholic cardiomyopathy,Rate,2010,0.02506678212205779,0.06668645993867973,0.003609576123484096
Deaths,Antigua and Barbuda,Both,All ages,Liver cancer due to alcohol use,Rate,2000,0.6027298250048312,0.7785981830853427,0.4557081592405551
Deaths,Antigua and Barbuda,Both,All ages,Alcohol use disorders,Rate,2000,5.776244939952792,6.297948074927053,5.317516948094841
Deaths,Saint Lucia,Both,All ages,Liver cancer due to alcohol use,Rate,2010,0.5147991697558657,0.6452099962649915,0.40577111648927716
Deaths,Japan,Both,All ages,Cirrhosis due to alcohol,Rate,2010,5.260208683117632,5.730317611894482,4.76123415136393
Deaths,France,Both,All ages,Alcohol use disorders,Rate,2010,6.064313094661328,6.3019196714417784,5.823013797340757
Deaths,Slovenia,Both,All ages,Cirrhosis due to alcohol,Rate,2010,14.11712301178493,16.82470830132941,11.420881041836948
Deaths,Algeria,Both,All ages,Alcohol use disorders,Rate,2000,0.1312266502217384,0.1644140182557799,0.06575926922661476
Deaths,United Kingdom of Great Britain and Northern Ireland,Both,All ages,Cirrhosis due to alcohol,Rate,2010,6.687790056589436,7.345237342601309,6.018839263555461
Deaths,Uganda,Both,All ages,Liver cancer due to alcohol use,Rate,2000,0.8562834046727765,1.2039998942043368,0.5969283591635399
Deaths,New Zealand,Both,All ages,Liver cancer due to alcohol use,Rate,2010,1.8925602636919576,2.1352615613465393,1.6582051600037222
Deaths,Democratic Republic of the Congo,Both,All ages,Alcohol use disorders,Rate,2000,0.9385537396730436,1.265398145354073,0.6127475026275755
Deaths,Botswana,Both,All ages,Alcoholic cardiomyopathy,Rate,2010,0.0023135702641073606,0.007317560297824205,0.00046505832770641834
Deaths,Nicaragua,Both,All ages,Alcoholic cardiomyopathy,Rate,2010,0.07561820959303747,0.14074364915156196,0.01788049817605016
Deaths,Lesotho,Both,All ages,Cirrhosis due to alcohol,Rate,2010,5.531633163433406,8.055228671048761,3.5218986862046915
Deaths,Timor-Leste,Both,All ages,Liver cancer due to alcohol use,Rate,2010,0.2878537925744876,0.50649845485402,0.16888253990446153
Deaths,Bangladesh,Both,All ages,Cirrhosis due to alcohol,Rate,2010,4.052827703685722,5.548555771219552,2.8060267485159467
Deaths,United Arab Emirates,Both,All ages,Liver cancer due to alcohol use,Rate,2000,0.243086654518177,0.39318509374919597,0.1428632742520927
Deaths,Malawi,Both,All ages,Liver cancer due to alcohol use,Rate,2010,0.4358747801219506,0.6153444718763081,0.2909475276820371
Deaths,Antigua and Barbuda,Both,All ages,Liver cancer due to alcohol use,Rate,2010,0.7101793179535119,0.8951546369989182,0.5406638930291093
Deaths,Antigua and Barbuda,Both,All ages,Alcohol use disorders,Rate,2010,6.123859140082263,6.704536997625008,5.605963141782135
Deaths,Turkmenistan,Both,All ages,Alcohol use disorders,Rate,2010,3.844040985863416,4.181938536915392,3.49158572171414
Deaths,Kuwait,Both,All ages,Alcoholic cardiomyopathy,Rate,2010,0.14763005049914824,0.1839495496215405,0.10351871088158605
Deaths,Guinea,Both,All ages,Alcoholic cardiomyopathy,Rate,2010,0.03760766412877173,0.08938073650127479,0.005939409108888134
Deaths,Rwanda,Both,All ages,Alcoholic cardiomyopathy,Rate,2010,0.000631093711188305,0.0042973880956251355,9.350328616835102e-05
Deaths,Democratic Republic of the Congo,Both,All ages,Alcoholic cardiomyopathy,Rate,2000,0.0016906569795400762,0.008726141309202027,0.0003149955204104846
Deaths,Democratic People's Republic of Korea,Both,All ages,Alcoholic cardiomyopathy,Rate,2010,0.16763345213960365,0.35604985238136116,0.05515389616898546
Deaths,Germany,Both,All ages,Cirrhosis due to alcohol,Rate,2010,10.04588658930837,11.673994703484288,8.386060933707505
Deaths,Russian Federation,Both,All ages,Liver cancer due to alcohol use,Rate,2000,0.9270126293009863,1.0191957854514382,0.840575161763424
Deaths,Bulgaria,Both,All ages,Alcohol use disorders,Rate,2000,2.5086165761280625,2.7059192343675136,2.309661620698986
Deaths,Turkmenistan,Both,All ages,Alcoholic cardiomyopathy,Rate,2010,0.9265952953978519,1.4296278359232157,0.5759258889261192
Deaths,Bermuda,Both,All ages,Liver cancer due to alcohol use,Rate,2010,0.9783344987650007,1.2246095118717089,0.7622617167103733
Deaths,Malawi,Both,All ages,Alcoholic cardiomyopathy,Rate,2010,0.0007027032770773382,0.003936930048274544,0.00013797724740589016
Deaths,Tokelau,Both,All ages,Liver cancer due to alcohol use,Rate,2010,0.4775523874543835,0.8413893821123791,0.26123154896838396
Deaths,Saint Vincent and the Grenadines,Both,All ages,Alcohol use disorders,Rate,2010,4.593140686933204,4.971941644026389,4.172997261398705
Deaths,Azerbaijan,Both,All ages,Alcohol use disorders,Rate,2010,2.415570904845464,3.372479096997843,1.6711171612922484
Deaths,Lebanon,Both,All ages,Cirrhosis due to alcohol,Rate,2010,0.6658040995457274,1.0092873395953204,0.40669943181585183
Deaths,Saint Lucia,Both,All ages,Alcohol use disorders,Rate,2010,3.4354195850296496,3.6855228726903184,3.2128188059568257
Deaths,Niger,Both,All ages,Cirrhosis due to alcohol,Rate,2010,2.448097167861583,4.487726793012166,1.3423629490433426
Deaths,Saint Vincent and the Grenadines,Both,All ages,Alcoholic cardiomyopathy,Rate,2010,1.4303316079916768,1.5730456648891382,1.2991535925797715
Deaths,Singapore,Both,All ages,Liver cancer due to alcohol use,Rate,2010,0.5761368156993114,0.8808085580078583,0.3722448335534183
Deaths,Republic of the Gambia,Both,All ages,Cirrhosis due to alcohol,Rate,2000,2.289535391468929,3.4921861833265986,1.328209843689123
Deaths,Malta,Both,All ages,Cirrhosis due to alcohol,Rate,2010,3.632704266718444,4.320012986229949,2.89664047649038
Deaths,Lebanon,Both,All ages,Alcohol use disorders,Rate,2010,0.08806159537825768,0.10685699979020277,0.06492923011982724
Deaths,Peru,Both,All ages,Liver cancer due to alcohol use,Rate,2000,0.3278405149386533,0.44392806274403335,0.22686242895883488
Deaths,Panama,Both,All ages,Cirrhosis due to alcohol,Rate,2010,3.4263194399369024,4.106146015646422,2.751796135338093
Deaths,Plurinational State of Bolivia,Both,All ages,Cirrhosis due to alcohol,Rate,2010,10.247655256200856,14.170452360150122,6.546575948352814
Deaths,Guinea-Bissau,Both,All ages,Cirrhosis due to alcohol,Rate,2000,3.9165868004402995,5.999533685163144,2.2493667647874873
Deaths,Equatorial Guinea,Both,All ages,Cirrhosis due to alcohol,Rate,2000,3.1952983230696868,4.9495403126382,1.7671862914010494
Deaths,Seychelles,Both,All ages,Cirrhosis due to alcohol,Rate,2010,6.218774672736922,8.134194463179842,4.389767719643874
Deaths,Libya,Both,All ages,Alcohol use disorders,Rate,2010,0.14981070629447482,0.18440960253682162,0.0728768444124927
Deaths,New Zealand,Both,All ages,Alcoholic cardiomyopathy,Rate,2010,1.5456839016023367,1.6549525356769732,1.443609011788064
Deaths,Uzbekistan,Both,All ages,Cirrhosis due to alcohol,Rate,2010,9.459958762413333,11.601202504904368,7.4438767284365435
Deaths,Norway,Both,All ages,Liver cancer due to alcohol use,Rate,2000,0.9098065762846339,1.0424451524675684,0.8103084238921479
Deaths,Tonga,Both,All ages,Liver cancer due to alcohol use,Rate,2000,2.2419730150517467,3.2984819211479204,1.447302199226633
Deaths,Democratic Republic of the Congo,Both,All ages,Alcohol use disorders,Rate,2010,0.8822075325519315,1.2100471746827837,0.6047888722613303
Deaths,Tunisia,Both,All ages,Cirrhosis due to alcohol,Rate,2010,0.7162976847235227,1.1385576034122415,0.41590071386977395
Deaths,Bermuda,Both,All ages,Alcoholic cardiomyopathy,Rate,2010,1.8546014529248243,2.1376310188675087,1.6238136433910342
Deaths,Namibia,Both,All ages,Cirrhosis due to alcohol,Rate,2010,3.6544236374723473,5.490367773032298,2.371348457661856
Deaths,Antigua and Barbuda,Both,All ages,Alcoholic cardiomyopathy,Rate,2000,0.17593811163691286,0.19999060832878413,0.15338796198915605
Deaths,Yemen,Both,All ages,Alcohol use disorders,Rate,2000,0.11125608738628916,0.1619557069106148,0.04816046619159392
Deaths,Antigua and Barbuda,Both,All ages,Alcoholic cardiomyopathy,Rate,2010,0.6496531279102301,0.7530082600972212,0.5554058827479151
Deaths,Algeria,Both,All ages,Cirrhosis due to alcohol,Rate,2010,0.35501676747758115,0.58355310643365,0.21488584564650795
Deaths,Saint Lucia,Both,All ages,Alcoholic cardiomyopathy,Rate,2010,3.8036488619904145,4.177730232110785,3.4643582285030265
Deaths,Northern Mariana Islands,Both,All ages,Alcohol use disorders,Rate,2010,2.6881640518775267,3.669702049844588,1.7159713847949056
Deaths,Puerto Rico,Both,All ages,Liver cancer due to alcohol use,Rate,2010,1.0811681079892108,1.399786130418532,0.7797117024213686
Deaths,Puerto Rico,Both,All ages,Alcohol use disorders,Rate,2010,4.0541804105851185,4.293943543608264,3.8251239651432334
Deaths,Azerbaijan,Both,All ages,Alcoholic cardiomyopathy,Rate,2010,0.3226063696399653,0.9321460289064867,0.04128057298281253
Deaths,Japan,Both,All ages,Alcohol use disorders,Rate,2010,0.38869537026669243,0.3989027698158642,0.375647484982437
Deaths,United Kingdom of Great Britain and Northern Ireland,Both,All ages,Alcohol use disorders,Rate,2000,1.8720071057241159,1.90457136334495,1.8401787953237148
Deaths,Tokelau,Both,All ages,Alcoholic cardiomyopathy,Rate,2010,0.07241479051862493,0.1552080093569658,0.00928315393774153
Deaths,Argentina,Both,All ages,Liver cancer due to alcohol use,Rate,2010,0.374694872946972,0.48353518199528384,0.27562045598584983
Deaths,Czech Republic,Both,All ages,Alcohol use disorders,Rate,2010,3.4889793812644814,3.6932465942985373,3.3029163132660075
Deaths,Saint Vincent and the Grenadines,Both,All ages,Cirrhosis due to alcohol,Rate,2010,4.3569840154198065,5.259569509840513,3.547564351108364
Deaths,Guinea-Bissau,Both,All ages,Alcohol use disorders,Rate,2010,1.1341003826086906,1.6391571468872856,0.7130001960091492
Deaths,Czech Republic,Both,All ages,Alcoholic cardiomyopathy,Rate,2010,0.8581817841140069,0.9821102942527391,0.7372264135714874
Deaths,Morocco,Both,All ages,Cirrhosis due to alcohol,Rate,2010,0.5172209522363598,0.8437842943913624,0.29943973306746113
Deaths,Northern Mariana Islands,Both,All ages,Alcoholic cardiomyopathy,Rate,2010,0.14884302415822143,0.3413805761255938,0.031457695226929996
Deaths,United Kingdom of Great Britain and Northern Ireland,Both,All ages,Alcoholic cardiomyopathy,Rate,2000,0.7184406101990645,0.7414819991481468,0.685424726739561
Deaths,Iceland,Both,All ages,Liver cancer due to alcohol use,Rate,2010,1.2438906952918942,1.643103832013764,0.9172878932001169
Deaths,Ukraine,Both,All ages,Cirrhosis due to alcohol,Rate,2000,11.85119362644722,13.214635366095518,10.470966495935999
Deaths,Saint Vincent and the Grenadines,Both,All ages,Liver cancer due to alcohol use,Rate,2010,0.808488283534343,1.0200795585586282,0.6171711700098821
Deaths,Cook Islands,Both,All ages,Alcohol use disorders,Rate,2010,2.0195989419578857,2.566692932375719,1.4524399014773606
Deaths,India,Both,All ages,Liver cancer due to alcohol use,Rate,2010,0.43273049837860206,0.5161427279876158,0.36079439066184554
Deaths,Andorra,Both,All ages,Cirrhosis due to alcohol,Rate,2000,7.299009503791074,10.055638718633935,5.100840323534418
Deaths,Democratic Republic of the Congo,Both,All ages,Alcoholic cardiomyopathy,Rate,2010,0.0015292326564690347,0.009328172565267889,0.0002321588769128772
Deaths,Algeria,Both,All ages,Alcohol use disorders,Rate,2010,0.11536434128164498,0.15357708651639645,0.05908617344460136
Deaths,Japan,Both,All ages,Alcoholic cardiomyopathy,Rate,2010,0.41161103411372496,0.4333110732835703,0.38981703575209053
Deaths,Puerto Rico,Both,All ages,Alcoholic cardiomyopathy,Rate,2010,1.0283903600243298,1.128127521982451,0.9299259210607748
Deaths,Libya,Both,All ages,Cirrhosis due to alcohol,Rate,2010,0.3715181410556442,0.5891276446548629,0.2373716645921349
Deaths,Taiwan (Province of China),Both,All ages,Cirrhosis due to alcohol,Rate,2010,5.774501653686423,7.4765242854515845,4.138619151710871
Deaths,Hungary,Both,All ages,Cirrhosis due to alcohol,Rate,2010,22.557183027535114,26.183454256494898,18.98935629907578
Deaths,Yemen,Both,All ages,Alcoholic cardiomyopathy,Rate,2000,0.04480315724925323,0.0994618672796636,0.008635118544411947
Deaths,Ukraine,Both,All ages,Alcohol use disorders,Rate,2000,24.51251709804397,25.33043304597739,23.71570233591841
Deaths,Commonwealth of the Bahamas,Both,All ages,Alcohol use disorders,Rate,2000,3.745528633937689,4.161940942043484,3.3724488776957755
Deaths,Commonwealth of the Bahamas,Both,All ages,Alcohol use disorders,Rate,2010,3.5730591721279477,3.93439310805062,3.2258283358669884
Deaths,Sudan,Both,All ages,Liver cancer due to alcohol use,Rate,2010,0.1479875471149605,0.24723587312302941,0.07488718001011632
Deaths,Bolivarian Republic of Venezuela,Both,All ages,Cirrhosis due to alcohol,Rate,2010,4.130572008308514,4.914781705839022,3.331035432997454
Deaths,Portugal,Both,All ages,Liver cancer due to alcohol use,Rate,2000,2.1770269613030155,2.712551085610371,1.6720981887293263
Deaths,Portugal,Both,All ages,Alcohol use disorders,Rate,2000,1.288335392157122,1.3473596932391243,1.2319300836269038
Deaths,Bahrain,Both,All ages,Cirrhosis due to alcohol,Rate,2000,0.6055709794189162,0.8911278019871112,0.384118544668515
Deaths,Georgia,Both,All ages,Cirrhosis due to alcohol,Rate,2010,15.092549049414373,18.117927123013736,12.22237883463939
Deaths,Equatorial Guinea,Both,All ages,Cirrhosis due to alcohol,Rate,2010,1.8202807690057095,3.1056957968045,1.0216095785025017
Deaths,Croatia,Both,All ages,Cirrhosis due to alcohol,Rate,2000,15.689580785964061,18.757966614159972,12.568888922800227
Deaths,Estonia,Both,All ages,Liver cancer due to alcohol use,Rate,2010,2.408089798495954,3.037547561381014,1.8789344996327038
Deaths,Ukraine,Both,All ages,Alcoholic cardiomyopathy,Rate,2000,20.280159714993005,22.088710793617164,18.62560018363531
Deaths,Liberia,Both,All ages,Cirrhosis due to alcohol,Rate,2000,3.8731872885440812,5.783006126694412,2.4091624874242656
Deaths,Barbados,Both,All ages,Cirrhosis due to alcohol,Rate,2000,4.945517365046575,5.9991187847244065,3.9910705353077898
Deaths,Zambia,Both,All ages,Alcohol use disorders,Rate,2000,1.1664602150835686,1.446979834386473,0.8623707086278029
Deaths,Chad,Both,All ages,Liver cancer due to alcohol use,Rate,2010,1.0522088448554647,1.9064364670046658,0.4989398521698858
Deaths,Republic of Nauru,Both,All ages,Liver cancer due to alcohol use,Rate,2000,0.42435665260052113,0.6822167667390391,0.24975545294368232
Deaths,Vanuatu,Both,All ages,Liver cancer due to alcohol use,Rate,2000,0.19956479812702915,0.3785944505636896,0.1097064396229688
Deaths,Vanuatu,Both,All ages,Alcohol use disorders,Rate,2000,0.7853444789061407,1.087865779787618,0.4282060917408855
Deaths,Bahrain,Both,All ages,Cirrhosis due to alcohol,Rate,2010,0.397765634438355,0.5881445735760339,0.24946289554517811
Deaths,Somalia,Both,All ages,Cirrhosis due to alcohol,Rate,2010,3.9858780799120317,6.704409186738091,2.1592521435050274
Deaths,Cook Islands,Both,All ages,Alcoholic cardiomyopathy,Rate,2010,0.00035229485107513497,0.0005869704738496144,2.1897035546580884e-05
Deaths,Liberia,Both,All ages,Cirrhosis due to alcohol,Rate,2010,2.972269512438726,4.546848416245264,1.914810169059516
Deaths,Republic of Palau,Both,All ages,Cirrhosis due to alcohol,Rate,2010,2.9250006002735507,4.596286536166256,1.6626537284828193
Deaths,Saint Kitts and Nevis,Both,All ages,Cirrhosis due to alcohol,Rate,2010,5.35410504349573,6.412656051774496,4.243650440505105
Deaths,Federated States of Micronesia,Both,All ages,Liver cancer due to alcohol use,Rate,2010,0.3902158597535515,0.6875379649700384,0.22059339237321574
Deaths,Estonia,Both,All ages,Alcoholic cardiomyopathy,Rate,2010,13.670689844417252,14.602129335787955,12.652570280009433
Deaths,Barbados,Both,All ages,Cirrhosis due to alcohol,Rate,2010,4.446750391288009,5.329729776314049,3.5956756573628996
Deaths,Norway,Both,All ages,Liver cancer due to alcohol use,Rate,2010,1.0841854508497208,1.2310097531363027,0.9570942066225332
Deaths,Republic of Nauru,Both,All ages,Liver cancer due to alcohol use,Rate,2010,0.36694327713528097,0.6087355501700783,0.21492192058702544
Deaths,Portugal,Both,All ages,Alcoholic cardiomyopathy,Rate,2000,0.6306376204253067,0.6848482650586352,0.583504928093764
Deaths,United Arab Emirates,Both,All ages,Liver cancer due to alcohol use,Rate,2010,0.17414970586957795,0.2706291929501392,0.10853067003997358
Deaths,Peru,Both,All ages,Liver cancer due to alcohol use,Rate,2010,0.46800048417725715,0.6561241037177894,0.3257299981977541
Deaths,Chile,Both,All ages,Liver cancer due to alcohol use,Rate,2010,0.6661047067335313,0.8709952343531842,0.47655349273456893
Deaths,Chile,Both,All ages,Alcohol use disorders,Rate,2010,2.5473964385294297,2.6748177922890712,2.4405593303232336
Deaths,Zambia,Both,All ages,Alcoholic cardiomyopathy,Rate,2000,0.0005777644205478983,0.002422513384135541,0.00010661964532762562
Deaths,Tuvalu,Both,All ages,Alcohol use disorders,Rate,2010,1.1290947153253483,1.5207829277156326,0.6903429376483203
Deaths,Mali,Both,All ages,Liver cancer due to alcohol use,Rate,2000,1.7575043914778157,2.5462259755409105,1.1498873376861358
Deaths,Republic of Nauru,Both,All ages,Alcoholic cardiomyopathy,Rate,2000,0.06423399332317725,0.11829023077651431,0.00799052309588777
Deaths,Spain,Both,All ages,Cirrhosis due to alcohol,Rate,2000,8.947373563870164,10.254698088816749,7.650874983932257
Deaths,Saint Kitts and Nevis,Both,All ages,Alcohol use disorders,Rate,2010,11.04490060007761,12.15333482417042,9.879096665995041
Deaths,Kingdom of Eswatini,Both,All ages,Liver cancer due to alcohol use,Rate,2010,2.514907622005435,5.988349560684716,0.7473830537473684
Deaths,Greenland,Both,All ages,Cirrhosis due to alcohol,Rate,2010,3.1001648367528722,4.427939568744594,1.9538212790608995
Deaths,Thailand,Both,All ages,Liver cancer due to alcohol use,Rate,2010,4.4423933201818855,6.089339148640574,3.16987209248915
Deaths,Chile,Both,All ages,Alcoholic cardiomyopathy,Rate,2010,0.29924581954538976,0.332122354266009,0.2688354238689314
Deaths,Republic of Nauru,Both,All ages,Alcoholic cardiomyopathy,Rate,2010,0.06423253333172986,0.11812954457051746,0.008130415866047739
Deaths,Vanuatu,Both,All ages,Alcoholic cardiomyopathy,Rate,2000,0.0414459079892936,0.08300541246537142,0.006157622152002793
Deaths,Nepal,Both,All ages,Alcohol use disorders,Rate,2010,0.40325652673041024,0.5886695666406525,0.018267720867357565
Deaths,Tuvalu,Both,All ages,Alcoholic cardiomyopathy,Rate,2010,0.05387034044861621,0.10491679572658515,0.0073082320845234035
Deaths,Republic of Côte d'Ivoire,Both,All ages,Alcohol use disorders,Rate,2010,1.0284813205289705,1.3870443524216984,0.6818451711632069
Deaths,Thailand,Both,All ages,Alcoholic cardiomyopathy,Rate,2010,0.016048290946023613,0.03670271334915554,0.003960975019917002
Deaths,Palestine,Both,All ages,Liver cancer due to alcohol use,Rate,2010,0.25662801028351445,0.3836202896461209,0.1628863097089692
Deaths,Spain,Both,All ages,Alcohol use disorders,Rate,2000,1.0092975868088478,1.0484882528907618,0.9726825604228073
Deaths,Belgium,Both,All ages,Liver cancer due to alcohol use,Rate,2000,2.0246870827738532,2.581223304489629,1.5416286521924465
Deaths,Ireland,Both,All ages,Liver cancer due to alcohol use,Rate,2010,1.3607279734811528,1.7248395023264615,1.042069630482553
Deaths,Ireland,Both,All ages,Alcohol use disorders,Rate,2010,1.8544843586488835,1.9577718887540216,1.7550460286929686
Deaths,Uruguay,Both,All ages,Alcohol use disorders,Rate,2010,2.4940097594044426,2.6379616966241257,2.3590961368521794
Deaths,Colombia,Both,All ages,Cirrhosis due to alcohol,Rate,2000,2.112174139301161,2.5387675646308803,1.6977875090006962
Deaths,Burundi,Both,All ages,Liver cancer due to alcohol use,Rate,2000,0.41061455639400496,0.7787611993342823,0.23206915732454386
Deaths,Islamic Republic of Iran,Both,All ages,Liver cancer due to alcohol use,Rate,2000,0.10108103202914975,0.14812003759007103,0.07428350785141238
Deaths,Republic of Côte d'Ivoire,Both,All ages,Alcoholic cardiomyopathy,Rate,2010,0.036053957890767985,0.07962268746058634,0.004754381517890547
Deaths,Andorra,Both,All ages,Cirrhosis due to alcohol,Rate,2010,6.3711489580275975,8.386209365901808,4.6771831163099815
Deaths,Federated States of Micronesia,Both,All ages,Alcoholic cardiomyopathy,Rate,2010,0.04968774933392392,0.10255246054324291,0.006890385509541298
Deaths,Uganda,Both,All ages,Liver cancer due to alcohol use,Rate,2010,0.6770491347415044,0.9324528968076409,0.4693829959986264
Deaths,Latvia,Both,All ages,Alcohol use disorders,Rate,2010,13.123568792140953,13.750836829075077,12.505898594442021
Deaths,Liberia,Both,All ages,Liver cancer due to alcohol use,Rate,2010,1.451827791180142,2.254582037424158,0.7629190821698915
Deaths,Guinea-Bissau,Both,All ages,Liver cancer due to alcohol use,Rate,2000,2.0528253906943643,3.4018911544927457,0.7952385392429467
Deaths,Republic of the Gambia,Both,All ages,Cirrhosis due to alcohol,Rate,2010,2.2448959483825823,3.3951157511530594,1.3797583423478188
Deaths,Liberia,Both,All ages,Alcoholic cardiomyopathy,Rate,2010,0.032116580196945375,0.07998068524163102,0.004413049926017984
Deaths,Nepal,Both,All ages,Alcoholic cardiomyopathy,Rate,2010,0.06438728751197964,0.16924534705812214,0.013851834339060995
Deaths,United States Virgin Islands,Both,All ages,Cirrhosis due to alcohol,Rate,2010,7.239262849385292,9.504990847935264,5.362796227205024
Deaths,Ireland,Both,All ages,Alcoholic cardiomyopathy,Rate,2010,0.8647211704001829,0.9438142431222823,0.7743287240184507
Deaths,Timor-Leste,Both,All ages,Alcohol use disorders,Rate,2010,0.3606562843410262,0.6096504662705547,0.22926663239739745
Deaths,Senegal,Both,All ages,Liver cancer due to alcohol use,Rate,2010,0.669734991277201,0.9705351226303107,0.43803534385330384
Deaths,Zimbabwe,Both,All ages,Alcohol use disorders,Rate,2010,0.27380321557909953,0.40808597774038674,0.1866051313665295
Deaths,Israel,Both,All ages,Cirrhosis due to alcohol,Rate,2010,2.379967488725348,2.8740015433556825,1.916155324996706
Deaths,Senegal,Both,All ages,Alcoholic cardiomyopathy,Rate,2010,0.035154431699424386,0.0903668478574107,0.0048680848848577365
Deaths,Pakistan,Both,All ages,Cirrhosis due to alcohol,Rate,2010,1.2715167312364608,1.831191230669231,0.7520980570863465
Deaths,Zimbabwe,Both,All ages,Alcoholic cardiomyopathy,Rate,2010,0.014173658167990618,0.05056726584904327,0.0023071956002498994
Deaths,Oman,Both,All ages,Alcohol use disorders,Rate,2010,0.17765053970878894,0.2249347603594824,0.13199575647524522
Deaths,Republic of Niue,Both,All ages,Alcohol use disorders,Rate,2010,1.1896015770198975,1.5927710807119948,0.721578233307483
Deaths,Yemen,Both,All ages,Alcohol use disorders,Rate,2010,0.09582101361407887,0.1379850420041526,0.04477797964249401
Deaths,Indonesia,Both,All ages,Liver cancer due to alcohol use,Rate,2010,0.4776672231464918,0.7268506679678589,0.32009560019293065
Deaths,Sweden,Both,All ages,Cirrhosis due to alcohol,Rate,2000,3.9487308265039576,4.304108753682578,3.628002038379423
Deaths,Republic of San Marino,Both,All ages,Cirrhosis due to alcohol,Rate,2010,9.04138375098189,11.190942733038494,7.0121208680904585
Deaths,Yemen,Both,All ages,Alcoholic cardiomyopathy,Rate,2010,0.0368676207377459,0.08661649531030931,0.00890574026553882
Deaths,Islamic Republic of Iran,Both,All ages,Liver cancer due to alcohol use,Rate,2010,0.09141436175074719,0.11400098212228055,0.07248678196691946
Deaths,Republic of Niue,Both,All ages,Alcohol use disorders,Rate,2000,1.2770375291147595,1.7753677487288662,0.7623279833511827
Deaths,Burundi,Both,All ages,Alcoholic cardiomyopathy,Rate,2000,0.000909173172610803,0.005043155727088174,0.00015947194541064672
Deaths,Bangladesh,Both,All ages,Liver cancer due to alcohol use,Rate,2000,0.19699280033385247,0.3001577890872956,0.12924064337647234
Deaths,Cuba,Both,All ages,Liver cancer due to alcohol use,Rate,2000,0.605821021257534,0.7909575585645101,0.4593299313588963
Deaths,Guinea-Bissau,Both,All ages,Alcoholic cardiomyopathy,Rate,2000,0.05454797872737789,0.1331616649341839,0.0064129125118979335
Deaths,Lithuania,Both,All ages,Cirrhosis due to alcohol,Rate,2010,15.249345053651304,17.876297743589866,12.363694630798783
Deaths,Poland,Both,All ages,Liver cancer due to alcohol use,Rate,2010,0.7522768768259752,0.8293509762098158,0.6749625353132381
Deaths,Bosnia and Herzegovina,Both,All ages,Liver cancer due to alcohol use,Rate,2010,2.9872712012669713,4.043317726395652,2.166354362186577
Deaths,Cuba,Both,All ages,Liver cancer due to alcohol use,Rate,2010,0.5620729802144419,0.7118118082896869,0.4251984878982459
Deaths,Indonesia,Both,All ages,Alcoholic cardiomyopathy,Rate,2010,0.04333223422143138,0.07583235331771933,0.007589116198064107
Deaths,Portugal,Both,All ages,Liver cancer due to alcohol use,Rate,2010,3.0708694041421194,3.8185049545245375,2.4083882614166123
Deaths,Portugal,Both,All ages,Alcohol use disorders,Rate,2010,1.6161686838012832,1.695784684811959,1.5433130998985791
Deaths,Papua New Guinea,Both,All ages,Alcohol use disorders,Rate,2010,0.6942562253108283,1.0721327131474587,0.3492870267499354
Deaths,Bangladesh,Both,All ages,Alcoholic cardiomyopathy,Rate,2000,0.07009457440058009,0.19072812466463507,0.012627206940801486
Deaths,Costa Rica,Both,All ages,Cirrhosis due to alcohol,Rate,2000,4.599268891581629,5.502071311182153,3.7082312977483864
Deaths,Iraq,Both,All ages,Alcohol use disorders,Rate,2000,0.003248815068260927,0.004324226379220198,0.0021289420458936916
Deaths,Comoros,Both,All ages,Alcohol use disorders,Rate,2000,1.0684058324315278,1.5839478319772955,0.7406435384000251
Deaths,Republic of Niue,Both,All ages,Alcoholic cardiomyopathy,Rate,2000,0.06891979392490512,0.12458088463768253,0.008061009189445606
Deaths,Poland,Both,All ages,Alcoholic cardiomyopathy,Rate,2010,5.2687810147829,5.4844281276354625,5.038278479066113
Deaths,United Kingdom of Great Britain and Northern Ireland,Both,All ages,Liver cancer due to alcohol use,Rate,2000,1.437447945185163,1.6153772306357357,1.2811621349403233
Deaths,Republic of Niue,Both,All ages,Alcoholic cardiomyopathy,Rate,2010,0.05949193996316214,0.10903852547185262,0.007764679782202135
Deaths,Cyprus,Both,All ages,Liver cancer due to alcohol use,Rate,2000,1.3410250709316092,1.7860684397162985,0.9567143879327733
Deaths,Cyprus,Both,All ages,Alcohol use disorders,Rate,2000,0.7988395412538699,0.9801327152035701,0.6416349686202889
Deaths,Portugal,Both,All ages,Alcoholic cardiomyopathy,Rate,2010,0.8801703006404816,0.9590014768367493,0.8058451342724677
Deaths,Mali,Both,All ages,Alcohol use disorders,Rate,2010,0.6743111986284882,1.0190702033799364,0.4457474691812262
Deaths,Comoros,Both,All ages,Alcoholic cardiomyopathy,Rate,2000,0.0007932530425618984,0.0052221365833876425,0.00015155755248907389
Deaths,Bosnia and Herzegovina,Both,All ages,Alcoholic cardiomyopathy,Rate,2010,3.1599971373231774,5.81500394711292,0.668785198004505
Deaths,Dominica,Both,All ages,Alcohol use disorders,Rate,2010,4.463271389557166,5.251271649184548,2.949595353740361
Deaths,Belgium,Both,All ages,Liver cancer due to alcohol use,Rate,2010,2.4843856379035523,3.0462860540502925,1.9068462277775018
Deaths,Lao People's Democratic Republic,Both,All ages,Alcohol use disorders,Rate,2010,0.6323890543819342,0.8613642744220822,0.40672023418239966
Deaths,Samoa,Both,All ages,Cirrhosis due to alcohol,Rate,2010,1.4817392658997275,2.3040505350605143,0.8804167557997996
Deaths,Iraq,Both,All ages,Alcoholic cardiomyopathy,Rate,2000,0.004537147032517591,0.00922952485072848,0.0005208606565228667
Deaths,Romania,Both,All ages,Alcohol use disorders,Rate,2010,3.882147149506047,4.091207090843313,3.6847535550153947
Deaths,Mauritania,Both,All ages,Liver cancer due to alcohol use,Rate,2010,1.4073424015656906,2.5809779436520413,0.5000178588986337
Deaths,South Sudan,Both,All ages,Liver cancer due to alcohol use,Rate,2010,0.31326307830167555,0.5198673577443594,0.17055160534971736
Deaths,Cyprus,Both,All ages,Alcoholic cardiomyopathy,Rate,2000,0.5416219362641749,0.9366596733120586,0.1198571278979545
Deaths,Dominica,Both,All ages,Alcohol use disorders,Rate,2000,3.4190459933438917,4.088480630047875,2.3546846304522884
Deaths,Spain,Both,All ages,Cirrhosis due to alcohol,Rate,2010,7.000563584571685,8.044803722062206,5.936369842826463
Deaths,Republic of San Marino,Both,All ages,Liver cancer due to alcohol use,Rate,2010,1.797258373698469,2.495789469482985,1.29580703787402
Deaths,Mali,Both,All ages,Alcoholic cardiomyopathy,Rate,2010,0.018286526518035588,0.05059166691477269,0.002393335360378822
Deaths,Republic of San Marino,Both,All ages,Alcoholic cardiomyopathy,Rate,2010,1.0145540068025287,1.832048251754101,0.2632346991965225
Deaths,Tuvalu,Both,All ages,Liver cancer due to alcohol use,Rate,2010,0.4662229281455578,0.7680056378760887,0.2823327262251701
Deaths,Colombia,Both,All ages,Cirrhosis due to alcohol,Rate,2010,2.210475722091086,2.645319966632505,1.7684683434732908
Deaths,Liberia,Both,All ages,Alcohol use disorders,Rate,2000,0.8273816363296452,1.0806716382115977,0.532835237750916
Deaths,Russian Federation,Both,All ages,Liver cancer due to alcohol use,Rate,2010,1.5291250961431944,1.688093023227823,1.3926575822139593
Deaths,Dominica,Both,All ages,Alcoholic cardiomyopathy,Rate,2010,1.032252782518304,1.8162074317717531,0.21614155779110042
Deaths,Denmark,Both,All ages,Cirrhosis due to alcohol,Rate,2000,8.71686579061401,10.117008414524658,7.168774534435002
Deaths,Bulgaria,Both,All ages,Alcohol use disorders,Rate,2010,1.9423516309639102,2.0747733464794456,1.8274864836225022
Deaths,Dominica,Both,All ages,Alcoholic cardiomyopathy,Rate,2000,0.6771645366825025,1.5669034800241348,0.19338831354708544
Deaths,Guatemala,Both,All ages,Liver cancer due to alcohol use,Rate,2000,0.24017369783373418,0.31214616894368297,0.1746926818911677
Deaths,Northern Mariana Islands,Both,All ages,Cirrhosis due to alcohol,Rate,2010,3.1211641478450804,4.623841035974264,1.9544117486179915
Deaths,Jordan,Both,All ages,Cirrhosis due to alcohol,Rate,2000,0.30146515288404285,0.47879904855197086,0.17457672363095098
Deaths,Djibouti,Both,All ages,Cirrhosis due to alcohol,Rate,2000,3.4314874142285814,5.954163402417302,2.023447701391071
Deaths,Cyprus,Both,All ages,Liver cancer due to alcohol use,Rate,2010,1.6171408286901139,2.197556660611638,1.1677135873944136
Deaths,Cyprus,Both,All ages,Alcohol use disorders,Rate,2010,0.7121176450196914,0.8725298500319116,0.5506690099461936
Deaths,Iraq,Both,All ages,Alcohol use disorders,Rate,2010,0.002979223880256908,0.003976946535008856,0.0018367570261585808
Deaths,Mali,Both,All ages,Cirrhosis due to alcohol,Rate,2000,2.3939030519478717,3.6676528069370224,1.4202086003621048
Deaths,Guinea-Bissau,Both,All ages,Liver cancer due to alcohol use,Rate,2010,1.5163453869367574,2.3713640767388573,0.6945663690871434
Deaths,Denmark,Both,All ages,Alcohol use disorders,Rate,2000,11.960144565495257,12.402730049569183,11.534647598741035
Deaths,Spain,Both,All ages,Alcohol use disorders,Rate,2010,0.8508868013550863,0.8897186360133446,0.8137454774204523
Deaths,Burundi,Both,All ages,Liver cancer due to alcohol use,Rate,2010,0.21437632913437285,0.43962074253489003,0.11434283719186816
Deaths,Zambia,Both,All ages,Alcohol use disorders,Rate,2010,1.0645178762161354,1.3388219805728847,0.7769218103319354
Deaths,Ukraine,Both,All ages,Alcohol use disorders,Rate,2010,15.93293911285555,16.51255625960972,15.3803611130287
Deaths,Northern Mariana Islands,Both,All ages,Cirrhosis due to alcohol,Rate,2000,2.017913748406891,2.9590526612857078,1.2506844308292
Deaths,Ukraine,Both,All ages,Alcoholic cardiomyopathy,Rate,2010,20.341413566006654,21.241614249987883,19.33771135542305
Deaths,Malaysia,Both,All ages,Cirrhosis due to alcohol,Rate,2010,2.782435472740741,3.7682921011530452,1.9576652651606967
Deaths,Sudan,Both,All ages,Alcoholic cardiomyopathy,Rate,2000,0.044879196006539904,0.09550697498011913,0.009652306196105862
Deaths,Zambia,Both,All ages,Alcoholic cardiomyopathy,Rate,2010,0.0007433023957100939,0.0045497752382692835,0.00012802433537915809
Deaths,Bangladesh,Both,All ages,Liver cancer due to alcohol use,Rate,2010,0.2704493670166297,0.4026483172712166,0.1752360858876471
Deaths,Dominican Republic,Both,All ages,Cirrhosis due to alcohol,Rate,2000,7.729831574800178,9.471115149266698,6.112455329902676
Deaths,Namibia,Both,All ages,Liver cancer due to alcohol use,Rate,2000,0.3304669137544199,0.4863145474737093,0.21874927248693699
Deaths,Guinea-Bissau,Both,All ages,Alcoholic cardiomyopathy,Rate,2010,0.03435123889453675,0.084754639563328,0.005081937152505919
Deaths,Cyprus,Both,All ages,Alcoholic cardiomyopathy,Rate,2010,0.438270062747615,0.738244835443068,0.0977342814183744
Deaths,Croatia,Both,All ages,Cirrhosis due to alcohol,Rate,2010,14.4438651694908,17.073267386070857,11.70445870546157
Deaths,Finland,Both,All ages,Cirrhosis due to alcohol,Rate,2000,6.714530921782104,7.803668917623696,5.479215403775396
Deaths,Costa Rica,Both,All ages,Cirrhosis due to alcohol,Rate,2010,5.1396049721874695,6.17218674803261,4.140087273426872
Deaths,Iraq,Both,All ages,Alcoholic cardiomyopathy,Rate,2010,0.004353669383085701,0.007814295556282087,0.0004593085149631238
Deaths,Tonga,Both,All ages,Liver cancer due to alcohol use,Rate,2010,2.0441121562746534,3.1002275371709125,1.2811676750981693
Deaths,Niger,Both,All ages,Alcohol use disorders,Rate,2010,0.5931127930463436,0.9252711230682014,0.3679599694667784
Deaths,Denmark,Both,All ages,Cirrhosis due to alcohol,Rate,2010,8.379232285888325,9.942462986778736,6.747818197612991
Deaths,Burundi,Both,All ages,Alcoholic cardiomyopathy,Rate,2010,0.0007227130490881035,0.005244585993646126,8.852642333218986e-05
Deaths,Jordan,Both,All ages,Cirrhosis due to alcohol,Rate,2010,0.2033155295490232,0.303686119141972,0.1270903113166528
Deaths,Mauritania,Both,All ages,Cirrhosis due to alcohol,Rate,2010,2.007676529575791,3.295411666835445,1.155172528340474
Deaths,Tokelau,Both,All ages,Alcohol use disorders,Rate,2010,0.9735156474295299,1.3572743565951975,0.5158886762952587
Deaths,Sudan,Both,All ages,Cirrhosis due to alcohol,Rate,2010,0.4576525773861378,0.9770360055637873,0.21684915100715946
Deaths,Dominican Republic,Both,All ages,Cirrhosis due to alcohol,Rate,2010,7.5650582905937656,10.306428853560345,5.175370065685406
Deaths,Comoros,Both,All ages,Alcohol use disorders,Rate,2010,1.0219765133231422,1.511757163631915,0.6712714472153745
Deaths,Liberia,Both,All ages,Alcohol use disorders,Rate,2010,0.8315597737977993,1.1280592456569658,0.5545210030556654
Deaths,Denmark,Both,All ages,Alcohol use disorders,Rate,2010,15.043693220320502,15.646694456190826,14.482599426166352
Deaths,Bangladesh,Both,All ages,Alcoholic cardiomyopathy,Rate,2010,0.08616906741422914,0.241576256084309,0.014684248530578684
Deaths,Comoros,Both,All ages,Alcoholic cardiomyopathy,Rate,2010,0.0006159782995181694,0.004054587831239942,0.00011429549678764016
Deaths,Saint Kitts and Nevis,Both,All ages,Liver cancer due to alcohol use,Rate,2000,0.764014467410313,0.9973638521017409,0.5692987709518554
Deaths,Vanuatu,Both,All ages,Liver cancer due to alcohol use,Rate,2010,0.24829621528050985,0.44491486014264275,0.14362455197735888
Deaths,Vanuatu,Both,All ages,Alcohol use disorders,Rate,2010,0.7547971170647408,1.00590069759355,0.4322054410508294
Deaths,Myanmar,Both,All ages,Liver cancer due to alcohol use,Rate,2010,0.3391128883348155,0.7020993793213689,0.17788517848198
Deaths,Guatemala,Both,All ages,Liver cancer due to alcohol use,Rate,2010,0.43905145353818,0.5787430156513608,0.32431775276584507
Deaths,Mali,Both,All ages,Cirrhosis due to alcohol,Rate,2010,2.3546635888102125,3.653398187018734,1.453102349919201
Deaths,Hungary,Both,All ages,Liver cancer due to alcohol use,Rate,2010,1.0191387602863817,1.2816319154376394,0.7864322995494996
Deaths,Djibouti,Both,All ages,Cirrhosis due to alcohol,Rate,2010,3.485580985402241,5.695422571570444,1.9064945440972667
Deaths,Sweden,Both,All ages,Cirrhosis due to alcohol,Rate,2010,4.518145579221953,4.893244357770892,4.11156820477056
Deaths,Niger,Both,All ages,Alcoholic cardiomyopathy,Rate,2010,0.024303283746532702,0.0641694825008913,0.003233690805444048
Deaths,Tuvalu,Both,All ages,Cirrhosis due to alcohol,Rate,2010,2.7635730946048422,4.072717361922302,1.7151561997339337
Deaths,Bhutan,Both,All ages,Alcohol use disorders,Rate,2010,0.4432790812241506,0.7907154762869816,0.017885476530053727
Deaths,Japan,Both,All ages,Liver cancer due to alcohol use,Rate,2010,2.9760663346335057,3.4759639287570057,2.578259592402367
Deaths,Saint Kitts and Nevis,Both,All ages,Alcoholic cardiomyopathy,Rate,2000,0.4246535052208743,0.485576054366627,0.3702420640436935
Deaths,Vanuatu,Both,All ages,Alcoholic cardiomyopathy,Rate,2010,0.03608549150263093,0.06903993635127403,0.005945132454856036
Deaths,Honduras,Both,All ages,Alcohol use disorders,Rate,2010,3.2442104767581377,4.713832625022285,2.0449846375045513
Deaths,Finland,Both,All ages,Cirrhosis due to alcohol,Rate,2010,10.49373178807876,12.33352292098519,8.39796090573389
Deaths,Honduras,Both,All ages,Alcoholic cardiomyopathy,Rate,2010,0.1327079010310879,0.2804713985599811,0.022605964974400625
Deaths,Saint Kitts and Nevis,Both,All ages,Liver cancer due to alcohol use,Rate,2010,0.6201949888949456,0.7987664424008218,0.44919779960798417
Deaths,United Kingdom of Great Britain and Northern Ireland,Both,All ages,Liver cancer due to alcohol use,Rate,2010,2.406010346068719,2.69593868759888,2.1445132809610494
Deaths,United States Virgin Islands,Both,All ages,Alcohol use disorders,Rate,2010,7.16126347202553,9.05676496833566,5.510735501150322
Deaths,Bhutan,Both,All ages,Alcoholic cardiomyopathy,Rate,2010,0.06438481864676819,0.22175525417651362,0.011718723210092971
Deaths,Saint Kitts and Nevis,Both,All ages,Alcoholic cardiomyopathy,Rate,2010,1.2752654829455203,1.4299134933897144,1.1191710466342792
Deaths,Republic of San Marino,Both,All ages,Alcohol use disorders,Rate,2000,0.38181925667844285,0.47447992139616535,0.2651905772528202
Deaths,Philippines,Both,All ages,Liver cancer due to alcohol use,Rate,2010,0.9264615375738354,1.1136552104657624,0.7739431823955805
Deaths,Philippines,Both,All ages,Alcohol use disorders,Rate,2010,0.48397094069504837,0.5440212880104517,0.36474470252896724
Deaths,Mexico,Both,All ages,Cirrhosis due to alcohol,Rate,2010,10.128241666415665,10.882276790672563,9.364842442468797
Deaths,India,Both,All ages,Cirrhosis due to alcohol,Rate,2010,6.4413114771403785,7.902192568496405,5.633278406925505
Deaths,North Macedonia,Both,All ages,Alcohol use disorders,Rate,2010,1.4924771658701863,1.7907419581057615,1.0561596047372128
Deaths,Libya,Both,All ages,Liver cancer due to alcohol use,Rate,2010,0.2966294979878508,0.4488962391751732,0.1877117440922968
Deaths,American Samoa,Both,All ages,Cirrhosis due to alcohol,Rate,2010,1.3125485493065603,1.8828517856317286,0.8582403927145131
Deaths,Sudan,Both,All ages,Alcoholic cardiomyopathy,Rate,2010,0.03395376942774661,0.07869230843714028,0.009033304968417765
Deaths,North Macedonia,Both,All ages,Alcoholic cardiomyopathy,Rate,2010,2.7482085612078535,4.880367247631822,0.6579818635664008
Deaths,Sao Tome and Principe,Both,All ages,Liver cancer due to alcohol use,Rate,2010,0.25160539976379315,0.40515388872144403,0.15602228877917174
Deaths,Haiti,Both,All ages,Liver cancer due to alcohol use,Rate,2010,0.19907542173494697,0.38805463510437904,0.09975295872520942
Deaths,Nigeria,Both,All ages,Cirrhosis due to alcohol,Rate,2010,2.8952819167380714,4.446605158023637,1.9541256372539393
Deaths,Philippines,Both,All ages,Alcoholic cardiomyopathy,Rate,2010,0.057964593703998285,0.11646780227239768,0.013400598015450604
Deaths,Republic of San Marino,Both,All ages,Alcohol use disorders,Rate,2010,0.4249385611063308,0.546178959203779,0.2654639129649143
Deaths,Germany,Both,All ages,Liver cancer due to alcohol use,Rate,2010,4.048253667133233,4.8281877380199845,3.3348340550979203
Deaths,Haiti,Both,All ages,Alcoholic cardiomyopathy,Rate,2010,0.9887078891335683,1.9891954262713818,0.3105653838225811
Deaths,Libya,Both,All ages,Alcoholic cardiomyopathy,Rate,2010,0.02954363028875367,0.05638521663160606,0.00717952115269933
Deaths,Montenegro,Both,All ages,Cirrhosis due to alcohol,Rate,2010,4.50608284200758,5.545811819737631,3.4912375127920536
Deaths,Republic of Korea,Both,All ages,Alcohol use disorders,Rate,2010,1.907446562495145,2.2352879826694245,1.6770683235306123
Deaths,Cambodia,Both,All ages,Liver cancer due to alcohol use,Rate,2020,1.1638975211805767,2.342866635287079,0.54850313652555
Deaths,Cambodia,Both,All ages,Alcohol use disorders,Rate,2020,0.7956092465596719,1.1190786438247926,0.5387579345929694
Deaths,Sri Lanka,Both,All ages,Cirrhosis due to alcohol,Rate,2010,4.047292020620122,5.463901803504552,2.884388428290985
Deaths,American Samoa,Both,All ages,Liver cancer due to alcohol use,Rate,2010,0.4340641710756666,0.6544966022478436,0.27850851174611696
Deaths,American Samoa,Both,All ages,Alcohol use disorders,Rate,2010,0.9043858291104517,1.1679170101718317,0.6467220485749555
Deaths,Sao Tome and Principe,Both,All ages,Alcoholic cardiomyopathy,Rate,2010,0.02649274305722025,0.06448818182272158,0.0037389928469197644
Deaths,United States Virgin Islands,Both,All ages,Alcoholic cardiomyopathy,Rate,2010,2.0308535499826785,3.169694665932099,0.5765042671890935
Deaths,Tokelau,Both,All ages,Cirrhosis due to alcohol,Rate,2010,2.482353278654869,3.6457892176869167,1.5488880852557396
Deaths,Jamaica,Both,All ages,Alcohol use disorders,Rate,2010,0.3109677026989647,0.338279127309407,0.28881181365731273
Deaths,Sri Lanka,Both,All ages,Alcohol use disorders,Rate,2010,1.1501801629863162,1.8788224686536652,1.0147830683466141
Deaths,Namibia,Both,All ages,Liver cancer due to alcohol use,Rate,2010,0.35993146538109816,0.5142767890659113,0.24691836552956867
Deaths,American Samoa,Both,All ages,Alcoholic cardiomyopathy,Rate,2010,0.15609661297749747,0.30476373084232483,0.035185573358079696
Deaths,Senegal,Both,All ages,Alcohol use disorders,Rate,2010,0.7746601838619219,1.1102035925047224,0.488986872568459
Deaths,Cambodia,Both,All ages,Alcoholic cardiomyopathy,Rate,2020,0.035883351677951904,0.07032783413360096,0.006780542018418484
Deaths,Morocco,Both,All ages,Alcohol use disorders,Rate,2010,0.13388670702830974,0.18403419622502748,0.06828648321705884
Deaths,Republic of Korea,Both,All ages,Alcoholic cardiomyopathy,Rate,2010,0.01835016655673783,0.038895630953765525,0.002313212487626785
Deaths,Niger,Both,All ages,Liver cancer due to alcohol use,Rate,2010,0.5887397144748162,1.0960427872783671,0.3081737733271519
Deaths,Namibia,Both,All ages,Alcoholic cardiomyopathy,Rate,2010,0.0021522967784794733,0.007082961013138886,0.0004513235410913106
Deaths,Jamaica,Both,All ages,Alcoholic cardiomyopathy,Rate,2010,0.9507260333687412,1.0652208263409202,0.8264188811593203
Deaths,Thailand,Both,All ages,Cirrhosis due to alcohol,Rate,2010,6.722225312727983,9.048490488402058,4.565563172154642
Deaths,Greece,Both,All ages,Alcohol use disorders,Rate,2010,0.395898048495895,0.4170671337701397,0.37548725357600066
Deaths,Argentina,Both,All ages,Cirrhosis due to alcohol,Rate,2010,4.285004477697903,5.279996420775686,3.2059685709003385
Deaths,Samoa,Both,All ages,Alcoholic cardiomyopathy,Rate,2020,0.03892121159931802,0.07409596395202522,0.00593442988960526
Deaths,Saint Lucia,Both,All ages,Cirrhosis due to alcohol,Rate,2010,5.02399825540985,6.003569333007405,4.105741398017831
Deaths,Bermuda,Both,All ages,Cirrhosis due to alcohol,Rate,2010,3.6634381202720676,4.561202854020297,2.927297080595865
Deaths,Lithuania,Both,All ages,Alcohol use disorders,Rate,2020,9.631316496411765,10.396890741702489,8.836776232990742
Deaths,Cook Islands,Both,All ages,Liver cancer due to alcohol use,Rate,2010,2.0959299952571686,2.9474132357127396,1.3828930520763925
Deaths,Solomon Islands,Both,All ages,Cirrhosis due to alcohol,Rate,2020,2.686057912597227,4.15867913683058,1.6504205451420955
Deaths,Bermuda,Both,All ages,Alcohol use disorders,Rate,2010,1.3873058664036235,1.545021594195224,1.2397838476028678
Deaths,Kenya,Both,All ages,Liver cancer due to alcohol use,Rate,2010,0.3604978518738536,0.5653189372209569,0.26343186184266437
Deaths,Palestine,Both,All ages,Cirrhosis due to alcohol,Rate,2010,0.3173392336491267,0.4652634453721223,0.19827770361072275
Deaths,Albania,Both,All ages,Liver cancer due to alcohol use,Rate,2020,4.675580043862791,7.034749656764609,2.819508955762818
Deaths,Albania,Both,All ages,Alcohol use disorders,Rate,2020,0.46950634618442094,0.6668736325453309,0.31133401788269494
Deaths,Latvia,Both,All ages,Cirrhosis due to alcohol,Rate,2020,10.103059819558107,11.881765284023986,8.247750447699838
Deaths,Belize,Both,All ages,Liver cancer due to alcohol use,Rate,2020,0.46535803635421824,0.5981826368353752,0.34430991521202964
Deaths,Egypt,Both,All ages,Liver cancer due to alcohol use,Rate,2020,1.009124572910002,1.551753858694837,0.6242714263563758
Deaths,South Sudan,Both,All ages,Cirrhosis due to alcohol,Rate,2010,2.828446138774443,4.868946044788684,1.583420066974567
Deaths,Colombia,Both,All ages,Alcoholic cardiomyopathy,Rate,2020,0.0781413049433268,0.09002817271299134,0.06774502212947416
Deaths,Republic of Moldova,Both,All ages,Cirrhosis due to alcohol,Rate,2020,32.86579198306401,38.75739448258558,26.124828788263088
Deaths,Lao People's Democratic Republic,Both,All ages,Liver cancer due to alcohol use,Rate,2020,1.1346432596429883,1.6691923844268914,0.676351186478511
Deaths,Albania,Both,All ages,Alcoholic cardiomyopathy,Rate,2020,1.1543024759659626,2.081009097060192,0.29493463381438934
Deaths,Kenya,Both,All ages,Alcoholic cardiomyopathy,Rate,2010,0.0004432269591207565,0.00261054966130145,0.00010143029707083287
Deaths,Bulgaria,Both,All ages,Liver cancer due to alcohol use,Rate,2020,3.2674322885938714,4.397042880438513,2.3641099113286805
Deaths,South Africa,Both,All ages,Alcohol use disorders,Rate,2010,1.1295882525480399,1.2607816351743264,0.9348432472456876
Deaths,United States Virgin Islands,Both,All ages,Liver cancer due to alcohol use,Rate,2010,1.2778952206080878,1.793122917770046,0.8542276935753987
Deaths,Uganda,Both,All ages,Alcoholic cardiomyopathy,Rate,2020,0.00046661610491882796,0.0031503014328975315,7.631752218093953e-05
Deaths,Bolivarian Republic of Venezuela,Both,All ages,Liver cancer due to alcohol use,Rate,2010,0.425908203742215,0.5219853459866471,0.32490756881060184
Deaths,Sweden,Both,All ages,Alcohol use disorders,Rate,2020,3.527588823645099,3.7188877076876645,3.3149059038323223
Deaths,Bolivarian Republic of Venezuela,Both,All ages,Alcoholic cardiomyopathy,Rate,2010,0.35777038912078696,0.3931403382919172,0.32798490314387174
Deaths,Greece,Both,All ages,Alcoholic cardiomyopathy,Rate,2010,0.18599270202713009,0.21392616709194096,0.1582227220373045
Deaths,Nigeria,Both,All ages,Liver cancer due to alcohol use,Rate,2010,0.3422337044226823,0.5446162711977636,0.20643690579518456
Deaths,Nigeria,Both,All ages,Alcohol use disorders,Rate,2010,0.6854608237249742,0.9629395936185702,0.4325402016303057
Deaths,Bosnia and Herzegovina,Both,All ages,Cirrhosis due to alcohol,Rate,2020,8.051618031476655,10.297875275231117,6.099614423950452
Deaths,Lao People's Democratic Republic,Both,All ages,Alcoholic cardiomyopathy,Rate,2020,0.038920519434493296,0.07475885383282749,0.00782435833897044
Deaths,Bosnia and Herzegovina,Both,All ages,Alcohol use disorders,Rate,2020,4.591906103518088,6.253941398832524,3.647897798837519
Deaths,Republic of Palau,Both,All ages,Liver cancer due to alcohol use,Rate,2020,1.4697640216368395,2.332808184785428,0.8552326952778713
Deaths,Bulgaria,Both,All ages,Alcoholic cardiomyopathy,Rate,2020,0.6086229601906138,0.7478729038222933,0.49632843971024726
Deaths,Greenland,Both,All ages,Alcohol use disorders,Rate,2010,17.859479966444187,21.74874247529538,14.877226315065673
Deaths,Guinea,Both,All ages,Liver cancer due to alcohol use,Rate,2020,1.2998007415361927,2.093042907249229,0.7851914288381755
Deaths,Yemen,Both,All ages,Cirrhosis due to alcohol,Rate,2020,0.40259515839674515,0.6868689884321397,0.22062670966341927
Deaths,Madagascar,Both,All ages,Alcohol use disorders,Rate,2010,0.8636966993312818,1.2637427290481833,0.6028895465387771
Deaths,Indonesia,Both,All ages,Alcohol use disorders,Rate,2020,0.10039965773982597,0.13693337839091368,0.0671305275977316
Deaths,Cook Islands,Both,All ages,Cirrhosis due to alcohol,Rate,2010,0.33619438377458877,0.5015304111500711,0.20936025127724606
Deaths,Nigeria,Both,All ages,Alcoholic cardiomyopathy,Rate,2010,0.025790592072207356,0.05431722343482217,0.003766475262014266
Deaths,Guinea,Both,All ages,Alcoholic cardiomyopathy,Rate,2020,0.027941355394697026,0.0714380547553132,0.003850999862813526
Deaths,Costa Rica,Both,All ages,Alcohol use disorders,Rate,2020,1.3818657124502836,1.4905923269975385,1.2754048860520604
Deaths,Denmark,Both,All ages,Liver cancer due to alcohol use,Rate,2020,2.287257899662138,2.927409013567321,1.6679097197440522
Deaths,Iraq,Both,All ages,Liver cancer due to alcohol use,Rate,2020,0.24871417346245356,0.3896907775772016,0.14526144294742918
Deaths,Bulgaria,Both,All ages,Cirrhosis due to alcohol,Rate,2020,19.45825963521373,23.002378088665974,15.684373422547823
Deaths,Dominica,Both,All ages,Liver cancer due to alcohol use,Rate,2020,1.5476491540052026,2.1488043397355323,1.0523120290915418
Deaths,Switzerland,Both,All ages,Cirrhosis due to alcohol,Rate,2020,3.4669793626306116,4.080450448714716,2.811235342001178
Deaths,Comoros,Both,All ages,Liver cancer due to alcohol use,Rate,2020,0.45299686847066917,0.7602734152791326,0.241881044967825
Deaths,Cuba,Both,All ages,Alcohol use disorders,Rate,2020,5.943167520153244,6.3856896037018815,5.524374317311377
Deaths,Botswana,Both,All ages,Cirrhosis due to alcohol,Rate,2020,2.416680744180433,3.646917600075844,1.5295752751545058
Deaths,Zambia,Both,All ages,Cirrhosis due to alcohol,Rate,2020,3.3298157772751407,5.196904145344868,1.868020671317273
Deaths,Belgium,Both,All ages,Alcohol use disorders,Rate,2020,3.707380809166316,3.936851286409274,3.4670953303980094
Deaths,Egypt,Both,All ages,Alcoholic cardiomyopathy,Rate,2020,0.0006319072961630136,0.0015443201726901218,0.0002259835359276573
Deaths,Iceland,Both,All ages,Cirrhosis due to alcohol,Rate,2010,1.1806437802385028,1.4012981367098978,0.9675171247869134
Deaths,El Salvador,Both,All ages,Liver cancer due to alcohol use,Rate,2020,0.38558522069878476,0.5223571382118359,0.26836628166396237
Deaths,Solomon Islands,Both,All ages,Liver cancer due to alcohol use,Rate,2020,0.30221918477997234,0.5286931688906588,0.17355936346037362
Deaths,Guinea-Bissau,Both,All ages,Alcohol use disorders,Rate,2020,1.1361200872485642,1.6445251914833126,0.7319385595784135
Deaths,Kingdom of Eswatini,Both,All ages,Cirrhosis due to alcohol,Rate,2010,4.3049479578045835,6.8336008986001735,2.44381697425627
Deaths,Azerbaijan,Both,All ages,Liver cancer due to alcohol use,Rate,2010,1.5659482495519574,2.551231131588174,0.9125636403955558
Deaths,Greenland,Both,All ages,Liver cancer due to alcohol use,Rate,2010,2.2654472414736198,2.976652491974785,1.6189462226248679
Deaths,Cuba,Both,All ages,Alcoholic cardiomyopathy,Rate,2020,5.218240985917967,5.651573842838137,4.813553405025826
Deaths,Liberia,Both,All ages,Liver cancer due to alcohol use,Rate,2020,1.3408485146617661,2.0958309071325245,0.7860755707427239
Deaths,Sao Tome and Principe,Both,All ages,Cirrhosis due to alcohol,Rate,2010,5.7255807762548105,8.3926844477281,3.7892819017114454
Deaths,Switzerland,Both,All ages,Liver cancer due to alcohol use,Rate,2020,3.0067655798808275,3.8681294053095634,2.2416071505851867
Deaths,Republic of Moldova,Both,All ages,Liver cancer due to alcohol use,Rate,2020,1.814952371463623,2.236359550031048,1.42515729828188
Deaths,Lao People's Democratic Republic,Both,All ages,Cirrhosis due to alcohol,Rate,2020,4.102726810403422,6.672927665100395,2.4609273712493676
Deaths,Croatia,Both,All ages,Alcohol use disorders,Rate,2020,4.849380411747048,5.396464474284926,4.3416043970247005
Deaths,Malaysia,Both,All ages,Alcohol use disorders,Rate,2020,0.4559058539127097,0.6912874289762196,0.30205800213595596
Deaths,Malawi,Both,All ages,Cirrhosis due to alcohol,Rate,2010,4.094647431289595,5.735945305573868,2.711335804078951
Deaths,Dominica,Both,All ages,Cirrhosis due to alcohol,Rate,2020,6.148247716172189,8.031216811941277,4.489269599779899
Deaths,Sao Tome and Principe,Both,All ages,Alcohol use disorders,Rate,2010,0.6720864025824719,0.9111248914098863,0.44415064607679006
Deaths,Solomon Islands,Both,All ages,Alcohol use disorders,Rate,2020,1.00832687657676,1.5419193925804755,0.5161915781370849
Deaths,Liberia,Both,All ages,Alcoholic cardiomyopathy,Rate,2020,0.027947334229673635,0.06744345927809317,0.0036781646929321945
Deaths,Lithuania,Both,All ages,Alcoholic cardiomyopathy,Rate,2020,6.256594807928743,7.216432579934121,5.279851325276339
Deaths,Ukraine,Both,All ages,Liver cancer due to alcohol use,Rate,2020,0.797193235079283,1.0131045134260601,0.6132987880994883
Deaths,Solomon Islands,Both,All ages,Alcoholic cardiomyopathy,Rate,2020,0.0314459807911779,0.0688961727281184,0.004709056178576767
Deaths,Belgium,Both,All ages,Alcoholic cardiomyopathy,Rate,2020,0.8592709659479624,0.9610219914005798,0.7547276777107206
Deaths,El Salvador,Both,All ages,Cirrhosis due to alcohol,Rate,2020,7.857273288983745,10.020976160544507,5.80346677487272
Deaths,Denmark,Both,All ages,Alcoholic cardiomyopathy,Rate,2020,0.8041116940792117,0.9242621877157936,0.7025113433645935
Deaths,Malaysia,Both,All ages,Liver cancer due to alcohol use,Rate,2020,0.7050228156632312,1.1144774591008393,0.465223457631655
Deaths,El Salvador,Both,All ages,Alcoholic cardiomyopathy,Rate,2020,0.03214300801452803,0.058066502348439145,0.004296602525576064
Deaths,Tonga,Both,All ages,Cirrhosis due to alcohol,Rate,2020,2.6514199120924764,3.952719563119948,1.5805232462290475
Deaths,Burundi,Both,All ages,Alcohol use disorders,Rate,2020,1.0557138700241055,1.6113259679671685,0.6909523564831033
Deaths,Islamic Republic of Iran,Both,All ages,Alcohol use disorders,Rate,2020,0.16464958005006142,0.1890722936477955,0.1224519237661179
Deaths,Sweden,Both,All ages,Liver cancer due to alcohol use,Rate,2020,2.4774268272349307,2.864351495594554,2.1334888102030356
Deaths,Afghanistan,Both,All ages,Liver cancer due to alcohol use,Rate,2020,0.13327266028485713,0.21159660527538626,0.07633845462298466
Deaths,Republic of Moldova,Both,All ages,Alcohol use disorders,Rate,2020,8.870490179428854,9.584991305364136,8.24400491971196
Deaths,Senegal,Both,All ages,Cirrhosis due to alcohol,Rate,2010,2.18700093432742,3.353697965898634,1.3078601351085124
Deaths,Georgia,Both,All ages,Alcohol use disorders,Rate,2010,2.1908123029115276,2.407480393567369,2.0068298878562225
Deaths,Dominican Republic,Both,All ages,Liver cancer due to alcohol use,Rate,2020,0.5655878005468924,0.7904347498901042,0.3812750216900928
Deaths,Dominican Republic,Both,All ages,Alcohol use disorders,Rate,2020,1.0805638630771628,1.459770470748108,0.7552069090714967
Deaths,Malaysia,Both,All ages,Alcoholic cardiomyopathy,Rate,2020,0.0007657889997849345,0.0016784022722208562,7.538148196935623e-05
Deaths,Canada,Both,All ages,Alcohol use disorders,Rate,2010,3.1674844037829084,3.3136817632932267,3.0227327775555386
Deaths,Georgia,Both,All ages,Alcoholic cardiomyopathy,Rate,2010,0.5837477419881494,0.7167991513593658,0.46364940581443553
Deaths,Guatemala,Both,All ages,Alcohol use disorders,Rate,2020,8.183721944601018,8.795227920245237,7.587024423713128
Deaths,Mali,Both,All ages,Alcohol use disorders,Rate,2020,0.6413153661932581,1.0162036566121766,0.3906744624435765
Deaths,Kazakhstan,Both,All ages,Cirrhosis due to alcohol,Rate,2010,14.975698973622798,18.080032956153815,12.03529126859694
Deaths,Jordan,Both,All ages,Alcohol use disorders,Rate,2020,0.037436901465562875,0.048557821229186185,0.023943998438131858
Deaths,Afghanistan,Both,All ages,Cirrhosis due to alcohol,Rate,2020,0.42327895514102376,0.7152941595756075,0.2170644951595129
Deaths,Dominican Republic,Both,All ages,Alcoholic cardiomyopathy,Rate,2020,0.6643977365655677,1.0390041578930698,0.12549096893690667
Deaths,Afghanistan,Both,All ages,Alcoholic cardiomyopathy,Rate,2020,0.032273138120116174,0.07754955352415345,0.008734101438883379
Deaths,Maldives,Both,All ages,Cirrhosis due to alcohol,Rate,2020,1.110964034314252,1.5061606134651286,0.7712821406150556
Deaths,Finland,Both,All ages,Alcohol use disorders,Rate,2020,8.683152008178391,9.212170741596584,8.147710214300814
Deaths,Czech Republic,Both,All ages,Liver cancer due to alcohol use,Rate,2020,2.6806986593337565,3.4100875295069466,2.08667521021262
Deaths,Puerto Rico,Both,All ages,Liver cancer due to alcohol use,Rate,2020,1.9624205736403413,2.4913572643161492,1.4633600969778573
Deaths,Puerto Rico,Both,All ages,Alcohol use disorders,Rate,2020,3.7905137438112573,4.084212056574394,3.5113416591230258
Deaths,Guam,Both,All ages,Liver cancer due to alcohol use,Rate,2010,0.610003881704376,0.8942761569110905,0.42062014146234317
Deaths,Guinea,Both,All ages,Alcohol use disorders,Rate,2020,0.7682675096961015,1.0706940902049258,0.4932681792010069
Deaths,Republic of Moldova,Both,All ages,Alcoholic cardiomyopathy,Rate,2020,5.972152037247272,6.802872668924371,5.084251277894246
Deaths,Djibouti,Both,All ages,Alcohol use disorders,Rate,2020,1.4034534447198581,2.278178390913334,0.7933214141743014
Deaths,Croatia,Both,All ages,Liver cancer due to alcohol use,Rate,2020,2.9905514911628264,3.7889460229014005,2.2961135012441223
Deaths,Maldives,Both,All ages,Alcohol use disorders,Rate,2020,0.08274166616569895,0.11187428905496785,0.05944724616923744
Deaths,Burundi,Both,All ages,Cirrhosis due to alcohol,Rate,2020,3.1374230996167602,4.858850398400373,1.9937941096596772
Deaths,Islamic Republic of Iran,Both,All ages,Cirrhosis due to alcohol,Rate,2020,0.6218401069022986,0.8366672116579199,0.49931371732270063
Deaths,Croatia,Both,All ages,Alcoholic cardiomyopathy,Rate,2020,6.710541202356652,7.82809448541036,5.667291047145822
Deaths,Liberia,Both,All ages,Cirrhosis due to alcohol,Rate,2020,2.7516435311866636,4.096732144167236,1.738785728192082
Deaths,Cyprus,Both,All ages,Cirrhosis due to alcohol,Rate,2020,3.5370326937463026,4.405824744415248,2.7924988305408776
Deaths,Puerto Rico,Both,All ages,Cirrhosis due to alcohol,Rate,2020,8.92810809551098,10.992446945725753,6.9617821302104375
Deaths,Mali,Both,All ages,Alcoholic cardiomyopathy,Rate,2020,0.015217998284694147,0.04540295390674197,0.0020002831848922775
Deaths,Russian Federation,Both,All ages,Cirrhosis due to alcohol,Rate,2020,16.531424881823646,18.1136241449014,14.931084814378428
Deaths,Sweden,Both,All ages,Alcoholic cardiomyopathy,Rate,2020,0.9346543698751097,1.0477500217887632,0.8173059600154291
Deaths,Maldives,Both,All ages,Alcoholic cardiomyopathy,Rate,2020,0.0346514721104401,0.06385809894434638,0.008714094247692192
Deaths,Bangladesh,Both,All ages,Alcohol use disorders,Rate,2020,0.015191294258026863,0.025778100384734413,0.010218916026447396
Deaths,Jordan,Both,All ages,Alcoholic cardiomyopathy,Rate,2020,0.0022017522148170755,0.0035660632785887267,0.0003357681239277547
Deaths,Comoros,Both,All ages,Cirrhosis due to alcohol,Rate,2020,3.571237025036498,5.471500733679912,2.196091942171438
Deaths,Grenada,Both,All ages,Cirrhosis due to alcohol,Rate,2020,7.00046689611722,8.526370852741653,5.53960168295774
Deaths,France,Both,All ages,Cirrhosis due to alcohol,Rate,2020,5.958977064582327,7.008358138251729,4.922188928456516
Deaths,Republic of San Marino,Both,All ages,Liver cancer due to alcohol use,Rate,2020,2.030487226291432,3.051133954086046,1.2690035462347784
Deaths,Czech Republic,Both,All ages,Cirrhosis due to alcohol,Rate,2020,10.66665649631383,12.696665417904436,8.714006743515816
Deaths,Sudan,Both,All ages,Cirrhosis due to alcohol,Rate,2020,0.40307294289025225,0.843015905054379,0.20004015230852887
Deaths,Honduras,Both,All ages,Liver cancer due to alcohol use,Rate,2020,0.49691758603597647,0.7795337953280183,0.300856147346169
Deaths,Grenada,Both,All ages,Alcohol use disorders,Rate,2020,3.016177932939126,3.4984644199313712,2.626186145441112
Deaths,Botswana,Both,All ages,Liver cancer due to alcohol use,Rate,2020,0.7224274953631049,1.6709096509695378,0.3129881254821015
Deaths,Djibouti,Both,All ages,Alcoholic cardiomyopathy,Rate,2020,0.0008898383505763604,0.006375535842297636,0.00015348845487645892
Deaths,Mauritania,Both,All ages,Cirrhosis due to alcohol,Rate,2020,1.92748410304677,3.0565856618495073,1.0748045105850283
Deaths,Kuwait,Both,All ages,Cirrhosis due to alcohol,Rate,2020,0.18905982588294024,0.2699700853111076,0.12249503799602798
Deaths,Russian Federation,Both,All ages,Alcohol use disorders,Rate,2020,15.392227201405841,15.936932133712745,14.807694371353405
Deaths,South Africa,Both,All ages,Liver cancer due to alcohol use,Rate,2020,1.1950329990411361,1.4437641319419692,0.9585186104984155
Deaths,Republic of San Marino,Both,All ages,Alcoholic cardiomyopathy,Rate,2020,0.7609214748825261,1.417616308955027,0.20389237798994422
Deaths,Guatemala,Both,All ages,Alcoholic cardiomyopathy,Rate,2020,0.06304416380388993,0.07225173994976435,0.054590885017723884
Deaths,United Kingdom of Great Britain and Northern Ireland,Both,All ages,Alcohol use disorders,Rate,2020,2.1353386750659547,2.1726538049148627,2.0916635925924356
Deaths,Hungary,Both,All ages,Alcohol use disorders,Rate,2020,6.374573089706999,6.820456141102752,5.939171619014607
Deaths,Costa Rica,Both,All ages,Liver cancer due to alcohol use,Rate,2020,1.8585594308094564,2.454234275521117,1.3648862414281022
Deaths,Puerto Rico,Both,All ages,Alcoholic cardiomyopathy,Rate,2020,0.8248425675449544,0.9461349404088959,0.7215910050564428
Deaths,Bhutan,Both,All ages,Cirrhosis due to alcohol,Rate,2020,5.231165955187581,9.944561316509551,3.102530605536504
Deaths,Russian Federation,Both,All ages,Alcoholic cardiomyopathy,Rate,2020,20.029183718149806,21.607571605593595,18.44926134315726
Deaths,South Africa,Both,All ages,Alcoholic cardiomyopathy,Rate,2020,0.002801909076142627,0.004162669962416963,0.00034128428128474535
Deaths,Guyana,Both,All ages,Liver cancer due to alcohol use,Rate,2020,0.603096929234529,0.8409306585256475,0.406423957532763
Deaths,Myanmar,Both,All ages,Cirrhosis due to alcohol,Rate,2020,5.212222830551435,7.66086614039582,3.1491914774412173
Deaths,Bhutan,Both,All ages,Liver cancer due to alcohol use,Rate,2020,0.7080533619645208,1.106003381898007,0.41876506223650023
Deaths,Islamic Republic of Iran,Both,All ages,Alcoholic cardiomyopathy,Rate,2020,0.041779005434322794,0.0912722081556377,0.007782728385815251
Deaths,Benin,Both,All ages,Liver cancer due to alcohol use,Rate,2010,1.00265711545639,1.5180376134341351,0.5905134588762636
Deaths,Benin,Both,All ages,Alcohol use disorders,Rate,2010,0.7291788506046085,0.9852867577488107,0.5225845066535434
Deaths,Tokelau,Both,All ages,Alcohol use disorders,Rate,2020,0.9250259464215609,1.2906187787601326,0.4806795338545497
Deaths,Kingdom of Eswatini,Both,All ages,Alcohol use disorders,Rate,2020,1.021718314572351,1.489922540199943,0.5825259614721101
Deaths,Mexico,Both,All ages,Alcohol use disorders,Rate,2020,2.536807271470177,2.8075425577779147,2.271751110751997
Deaths,Eritrea,Both,All ages,Cirrhosis due to alcohol,Rate,2020,4.12213041888628,6.2131862949196925,2.5332662097609218
Deaths,Tonga,Both,All ages,Alcohol use disorders,Rate,2020,0.6811543841443027,0.9864052018626835,0.3355512038958202
Deaths,Armenia,Both,All ages,Cirrhosis due to alcohol,Rate,2020,8.845593885422753,10.832663897922433,6.933683546803219
Deaths,Guyana,Both,All ages,Alcoholic cardiomyopathy,Rate,2020,3.025517340730255,4.042682620100732,2.261641113128277
Deaths,Honduras,Both,All ages,Cirrhosis due to alcohol,Rate,2020,6.906609871093765,10.496949862756386,3.651339642829995
Deaths,Iraq,Both,All ages,Cirrhosis due to alcohol,Rate,2020,0.3561599747971824,0.5540911939245066,0.2000079846140794
Deaths,Kingdom of Eswatini,Both,All ages,Alcoholic cardiomyopathy,Rate,2020,0.0017388793995250995,0.005089554495471684,0.00033663428849291753
Deaths,Greece,Both,All ages,Liver cancer due to alcohol use,Rate,2020,2.761391917929466,3.6584942027629195,2.019741367408035
Deaths,Costa Rica,Both,All ages,Alcoholic cardiomyopathy,Rate,2020,0.40331806026755634,0.4529712620190504,0.35593777236520113
Deaths,Saint Kitts and Nevis,Both,All ages,Cirrhosis due to alcohol,Rate,2020,8.717736756616727,11.383660432096795,6.28000756949401
Deaths,American Samoa,Both,All ages,Liver cancer due to alcohol use,Rate,2020,0.6187659268494174,0.9271790296827395,0.39847361275092547
Deaths,Switzerland,Both,All ages,Alcohol use disorders,Rate,2020,2.4429061082458468,2.6001243532489045,2.2674409115783503
Deaths,Afghanistan,Both,All ages,Alcohol use disorders,Rate,2020,0.16720829308016708,0.25238486262696785,0.07629871316065354
Deaths,Tonga,Both,All ages,Alcoholic cardiomyopathy,Rate,2020,0.027403312188262613,0.058245810079661973,0.004076985936225309
Deaths,Maldives,Both,All ages,Liver cancer due to alcohol use,Rate,2020,0.575905240003315,0.8172459378128564,0.3841135617164289
Deaths,Tuvalu,Both,All ages,Cirrhosis due to alcohol,Rate,2020,2.6705620177517106,4.031097649812581,1.6517179060015104
Deaths,El Salvador,Both,All ages,Alcohol use disorders,Rate,2020,12.759963606538745,16.956931957482436,9.852245297079262
Deaths,Saint Kitts and Nevis,Both,All ages,Alcohol use disorders,Rate,2020,17.933145792969498,21.428862452882054,14.477601342491422
Deaths,American Samoa,Both,All ages,Alcoholic cardiomyopathy,Rate,2020,0.12633585519458818,0.3084377566446825,0.04084254557098388
Deaths,Mexico,Both,All ages,Alcoholic cardiomyopathy,Rate,2020,0.21268892908537773,0.24114762364752715,0.18822066324025694
Deaths,North Macedonia,Both,All ages,Liver cancer due to alcohol use,Rate,2020,4.905710263934642,6.560890798634209,3.541491167375345
Deaths,Guinea-Bissau,Both,All ages,Cirrhosis due to alcohol,Rate,2020,3.4165536940726318,5.15695513021549,2.0691994717083873
Deaths,Switzerland,Both,All ages,Alcoholic cardiomyopathy,Rate,2020,1.019791322957888,1.2010770714887855,0.8371670328046028
Deaths,Finland,Both,All ages,Liver cancer due to alcohol use,Rate,2020,3.4485252809766314,4.484991622355559,2.5069855121972933
Deaths,Haiti,Both,All ages,Alcohol use disorders,Rate,2020,2.8350537069244033,4.167323449618424,1.4880245452621361
Deaths,Eritrea,Both,All ages,Liver cancer due to alcohol use,Rate,2020,0.25573511791468506,0.49550532115676915,0.14394605476388314
Deaths,Botswana,Both,All ages,Alcohol use disorders,Rate,2020,0.7798749023835531,1.1399254747536622,0.45345623599191714
Deaths,Zimbabwe,Both,All ages,Cirrhosis due to alcohol,Rate,2020,3.1719717268554013,5.072731841314239,1.5833975513585248
Deaths,Bangladesh,Both,All ages,Cirrhosis due to alcohol,Rate,2020,4.077046430127491,5.8906994580921905,2.6671590920623585
Deaths,India,Both,All ages,Alcohol use disorders,Rate,2020,1.5905863552727637,1.9389977997989045,0.8697942656716288
Deaths,Guyana,Both,All ages,Cirrhosis due to alcohol,Rate,2020,12.746147650241564,17.069824997680527,9.02795087703011
Deaths,Finland,Both,All ages,Alcoholic cardiomyopathy,Rate,2020,4.180702270927656,4.631186140627648,3.7418245910667336
Deaths,Nicaragua,Both,All ages,Cirrhosis due to alcohol,Rate,2020,6.324499120516281,7.863683478417718,4.812573429509237
Deaths,United Kingdom of Great Britain and Northern Ireland,Both,All ages,Cirrhosis due to alcohol,Rate,2020,5.970834954462667,6.673686643879592,5.334304571976036
Deaths,Grenada,Both,All ages,Liver cancer due to alcohol use,Rate,2020,1.6006444511128484,2.0806671900791365,1.202141298713332
Deaths,India,Both,All ages,Alcoholic cardiomyopathy,Rate,2020,0.081323200345771,0.19605313311056516,0.015078209181882886
Deaths,Czech Republic,Both,All ages,Alcohol use disorders,Rate,2020,4.094054858943354,4.480542533615656,3.658454174045009
Deaths,Jordan,Both,All ages,Liver cancer due to alcohol use,Rate,2020,0.07635823728089434,0.11779022119899499,0.04532829611167891
Deaths,Tokelau,Both,All ages,Liver cancer due to alcohol use,Rate,2020,0.6245736397974652,1.0727572733617103,0.34069767290464753
Deaths,Guatemala,Both,All ages,Cirrhosis due to alcohol,Rate,2020,10.038347417441319,12.347436880396858,7.799476766166072
Deaths,Czech Republic,Both,All ages,Alcoholic cardiomyopathy,Rate,2020,0.9417364603940583,1.1435545261327296,0.7419232071433979
Deaths,Iceland,Both,All ages,Alcohol use disorders,Rate,2020,2.566708101483567,2.8158868320421266,2.355238187865085
Deaths,Grenada,Both,All ages,Alcoholic cardiomyopathy,Rate,2020,4.159463355062322,4.880858781373896,3.5426045699643685
Deaths,United Kingdom of Great Britain and Northern Ireland,Both,All ages,Alcoholic cardiomyopathy,Rate,2020,0.6836589728015062,0.7220531409417581,0.6392268180306063
Deaths,Sudan,Both,All ages,Liver cancer due to alcohol use,Rate,2020,0.18408556676483404,0.29975957134102865,0.09796293097978763
Deaths,Iceland,Both,All ages,Alcoholic cardiomyopathy,Rate,2020,0.3026123448792939,0.345626712279751,0.2594658373261767
Deaths,Vanuatu,Both,All ages,Cirrhosis due to alcohol,Rate,2020,2.4779537861473724,4.331928244046514,1.3621824731630445
Deaths,Sri Lanka,Both,All ages,Liver cancer due to alcohol use,Rate,2020,0.4147804556735159,0.6537187329180402,0.22064955136226833
Deaths,Brunei Darussalam,Both,All ages,Cirrhosis due to alcohol,Rate,2020,1.5048372982961962,2.132694790138946,0.9994869299604091
Deaths,Bermuda,Both,All ages,Alcohol use disorders,Rate,2020,1.824585731903043,2.153350684884742,1.5619076822882305
Deaths,Ukraine,Both,All ages,Cirrhosis due to alcohol,Rate,2020,15.033712219568143,18.82604703097942,12.168033809838109
Deaths,Lesotho,Both,All ages,Liver cancer due to alcohol use,Rate,2020,1.9085387436101977,4.8663525722090375,0.6314936235073993
Deaths,Nepal,Both,All ages,Liver cancer due to alcohol use,Rate,2020,0.6128681058137775,0.9865684475990486,0.3611347191253783
Deaths,Hungary,Both,All ages,Alcoholic cardiomyopathy,Rate,2020,14.775203142727285,16.851782128269832,12.55985378814509
Deaths,Armenia,Both,All ages,Alcohol use disorders,Rate,2020,1.024156792268864,1.12877207162759,0.9170539623529118
Deaths,Tokelau,Both,All ages,Alcoholic cardiomyopathy,Rate,2020,0.06301243890398243,0.12353269838770503,0.007461815786047514
Deaths,Nepal,Both,All ages,Cirrhosis due to alcohol,Rate,2020,7.2036978395602365,10.198089912694925,4.790223652302627
Deaths,Morocco,Both,All ages,Liver cancer due to alcohol use,Rate,2020,0.047789473020866585,0.07844516328896063,0.028543016900153262
Deaths,Georgia,Both,All ages,Liver cancer due to alcohol use,Rate,2020,2.0005393057646943,2.6073814704563536,1.440720794117599
Deaths,France,Both,All ages,Alcohol use disorders,Rate,2020,4.7759607091259015,5.2047277532123655,4.403617553468021
Deaths,Ireland,Both,All ages,Cirrhosis due to alcohol,Rate,2020,2.4911671009235667,2.967602533253132,2.0246627625688545
Deaths,Mauritania,Both,All ages,Liver cancer due to alcohol use,Rate,2020,1.3539003781903092,2.2707346276132476,0.6352564152597142
Deaths,Sri Lanka,Both,All ages,Alcoholic cardiomyopathy,Rate,2020,0.0860555151980557,0.18945172141127714,0.015600840707050336
Deaths,Morocco,Both,All ages,Alcoholic cardiomyopathy,Rate,2020,0.06990844086888391,0.16573751447008364,0.017777535982958618
Deaths,Argentina,Both,All ages,Alcohol use disorders,Rate,2020,1.0782109249558585,1.143933565828773,1.0238776336515119
Deaths,Argentina,Both,All ages,Alcoholic cardiomyopathy,Rate,2020,0.1983067133123676,0.2292520738222583,0.17180927039739702
Deaths,Montenegro,Both,All ages,Liver cancer due to alcohol use,Rate,2020,4.074291438563826,5.737293253511281,2.7408633525016057
Deaths,Montenegro,Both,All ages,Alcohol use disorders,Rate,2020,1.649776949678001,2.1550552732856683,1.17967578242696
Deaths,Ethiopia,Both,All ages,Liver cancer due to alcohol use,Rate,2020,0.16437334563960507,0.2752241885797404,0.10726932684825558
Deaths,Ethiopia,Both,All ages,Alcohol use disorders,Rate,2020,0.7508006372430841,1.0734273393571387,0.5468563393185996
Deaths,Botswana,Both,All ages,Alcoholic cardiomyopathy,Rate,2020,0.002006695432825247,0.00821542804956468,0.00038624834398042244
Deaths,Armenia,Both,All ages,Alcoholic cardiomyopathy,Rate,2020,2.2421704601384267,2.8332550013705666,1.758385861230571
Deaths,Republic of San Marino,Both,All ages,Cirrhosis due to alcohol,Rate,2020,6.61019982463958,9.109853257185017,4.340824073745499
Deaths,Mali,Both,All ages,Liver cancer due to alcohol use,Rate,2020,1.5557922952939973,2.4151397353357624,0.9940696615565578
Deaths,Djibouti,Both,All ages,Liver cancer due to alcohol use,Rate,2020,0.3969535484809536,0.6987335093102403,0.22653822390505476
Deaths,Guyana,Both,All ages,Alcohol use disorders,Rate,2020,2.30929741338196,2.971541642132241,1.7453933728559796
Deaths,Lesotho,Both,All ages,Cirrhosis due to alcohol,Rate,2020,5.038756222436592,7.227884403072092,2.9814002108684634
Deaths,Ethiopia,Both,All ages,Alcoholic cardiomyopathy,Rate,2020,0.0004621997612504484,0.003516058749648824,6.117029614936187e-05
Deaths,Azerbaijan,Both,All ages,Cirrhosis due to alcohol,Rate,2020,9.892802390881942,12.972903121040176,7.015289950147407
Deaths,Argentina,Both,All ages,Liver cancer due to alcohol use,Rate,2020,0.4011707164821797,0.5290629494337615,0.2930082572667519
Deaths,Tuvalu,Both,All ages,Alcohol use disorders,Rate,2020,1.1024726115286831,1.5040617643621574,0.6394476266423291
Deaths,Sao Tome and Principe,Both,All ages,Liver cancer due to alcohol use,Rate,2020,0.2483711456615095,0.4536424555998689,0.1361481038824551
Deaths,Hungary,Both,All ages,Cirrhosis due to alcohol,Rate,2020,16.83339053043877,20.00521909411962,13.969292826700288
Deaths,Thailand,Both,All ages,Alcohol use disorders,Rate,2020,2.420028177522175,3.1783830302379013,1.4173558719817172
Deaths,Cook Islands,Both,All ages,Cirrhosis due to alcohol,Rate,2020,0.4505981922521389,0.6870447844026658,0.28316598560409767
Deaths,Palestine,Both,All ages,Alcohol use disorders,Rate,2020,0.004141955420076629,0.005383413769259865,0.0021564958779481504
Deaths,Chile,Both,All ages,Cirrhosis due to alcohol,Rate,2020,6.58918212808877,8.29589442797047,5.034034192461453
Deaths,Republic of Korea,Both,All ages,Liver cancer due to alcohol use,Rate,2020,4.233652418048291,6.215089060599137,2.7185726546698827
Deaths,Jamaica,Both,All ages,Liver cancer due to alcohol use,Rate,2020,0.5177534556158144,0.7483764091235018,0.3527596075419622
Deaths,Kuwait,Both,All ages,Liver cancer due to alcohol use,Rate,2020,0.05381213353925591,0.07709397901822922,0.03616106515926123
Deaths,Kuwait,Both,All ages,Alcohol use disorders,Rate,2020,0.05823621782478667,0.0643009076951489,0.05235159332298769
Deaths,Palestine,Both,All ages,Alcoholic cardiomyopathy,Rate,2020,0.016574489373691357,0.029580293593843753,0.0032242388200215866
Deaths,Montenegro,Both,All ages,Alcoholic cardiomyopathy,Rate,2020,6.821741943687089,11.373571681203735,1.659933349511268
Deaths,Germany,Both,All ages,Cirrhosis due to alcohol,Rate,2020,9.117844579551367,10.76614324062176,7.612110997568285
Deaths,Thailand,Both,All ages,Liver cancer due to alcohol use,Rate,2020,5.2642736224539295,7.403430588907252,3.6661724841598318
Deaths,Sudan,Both,All ages,Alcohol use disorders,Rate,2020,0.10831886225686156,0.15510648293598342,0.05582627368519065
Deaths,Tuvalu,Both,All ages,Alcoholic cardiomyopathy,Rate,2020,0.05120141599498809,0.10188753521587307,0.0073386775624000675
Deaths,Kenya,Both,All ages,Cirrhosis due to alcohol,Rate,2020,3.8545602681828823,5.7715234119700645,2.6840384669890027
Deaths,Haiti,Both,All ages,Cirrhosis due to alcohol,Rate,2020,8.159769832906504,12.20000569599747,5.283834966036399
Deaths,Sao Tome and Principe,Both,All ages,Alcoholic cardiomyopathy,Rate,2020,0.029747886441436472,0.07619535122783683,0.0040478381407132915
Deaths,Oman,Both,All ages,Cirrhosis due to alcohol,Rate,2020,0.26564309357490634,0.4169365893021823,0.15608352027899258
Deaths,Jamaica,Both,All ages,Cirrhosis due to alcohol,Rate,2020,2.0329199285534787,2.824298215991475,1.3847508196118736
Deaths,Timor-Leste,Both,All ages,Cirrhosis due to alcohol,Rate,2020,2.649749886696409,4.844516829123115,1.4955104769152288
Deaths,Kenya,Both,All ages,Alcohol use disorders,Rate,2020,0.954651568710712,1.275099942573213,0.7008118678039211
Deaths,North Macedonia,Both,All ages,Cirrhosis due to alcohol,Rate,2020,5.254843605194662,6.686671330394638,3.8775730368809613
Deaths,India,Both,All ages,Liver cancer due to alcohol use,Rate,2020,0.6587472784385556,0.7807668277526462,0.5477225114901273
Deaths,Lesotho,Both,All ages,Alcohol use disorders,Rate,2020,1.2956025065796197,1.9166117687764792,0.8317702380962648
Deaths,Kazakhstan,Both,All ages,Liver cancer due to alcohol use,Rate,2020,1.3101341825152821,1.759106887840081,0.9125927229581838
Deaths,Kazakhstan,Both,All ages,Alcohol use disorders,Rate,2020,4.9352258416858215,5.442549672022357,4.405455731107214
Deaths,Mexico,Both,All ages,Liver cancer due to alcohol use,Rate,2020,0.732068069243807,0.8688652695800345,0.6240907140154799
Deaths,Thailand,Both,All ages,Alcoholic cardiomyopathy,Rate,2020,0.04058374888071332,0.074607217150936,0.003759018262175914
Deaths,Brunei Darussalam,Both,All ages,Alcohol use disorders,Rate,2020,0.31993035560723254,0.39780562390107044,0.23072184315189437
Deaths,United States Virgin Islands,Both,All ages,Cirrhosis due to alcohol,Rate,2020,7.978943426947976,10.562729698919497,5.5859009419690135
Deaths,Lesotho,Both,All ages,Alcoholic cardiomyopathy,Rate,2020,0.002121667563064813,0.005282081997636734,0.0004333746469105754
Deaths,Kuwait,Both,All ages,Alcoholic cardiomyopathy,Rate,2020,0.0925650541349481,0.11797229100016801,0.06425487490177215
Deaths,Myanmar,Both,All ages,Alcohol use disorders,Rate,2020,10.180842476696549,14.92261678072311,6.513706191460638
Deaths,Niger,Both,All ages,Alcohol use disorders,Rate,2020,0.580137167210089,0.953458046411466,0.3267117458608419
Deaths,Eritrea,Both,All ages,Alcohol use disorders,Rate,2020,1.49798676902051,2.066809185191965,1.0127017396234854
Deaths,Namibia,Both,All ages,Cirrhosis due to alcohol,Rate,2020,3.768312772108758,5.548507671188324,2.4250581249973315
Deaths,Mauritania,Both,All ages,Alcohol use disorders,Rate,2020,0.5640793061592025,0.9048011752702453,0.30158527715567895
Deaths,Uruguay,Both,All ages,Cirrhosis due to alcohol,Rate,2020,3.1088547780006413,3.8610343068238766,2.349762239202178
Deaths,Singapore,Both,All ages,Alcohol use disorders,Rate,2020,0.06935720053350668,0.07414506339724788,0.06507122243417178
Deaths,Senegal,Both,All ages,Alcohol use disorders,Rate,2020,0.8204918299817314,1.262694889568947,0.46770917639409754
Deaths,Poland,Both,All ages,Cirrhosis due to alcohol,Rate,2020,9.840557027994263,11.002813668782698,8.841232207753368
Deaths,Luxembourg,Both,All ages,Liver cancer due to alcohol use,Rate,2020,2.581647484325032,3.215809238523663,1.9893335705927704
Deaths,Singapore,Both,All ages,Alcoholic cardiomyopathy,Rate,2020,0.046415823628668265,0.0533826474795384,0.03991435522265016
Deaths,Burkina Faso,Both,All ages,Liver cancer due to alcohol use,Rate,2020,1.6998002437619526,2.9900400254035757,0.7497669359626784
Deaths,Burkina Faso,Both,All ages,Alcohol use disorders,Rate,2020,0.9948107936073555,1.3354013425388875,0.6720357207016388
Deaths,Poland,Both,All ages,Alcohol use disorders,Rate,2020,13.171972115134194,13.938195975803064,12.420265616532987
Deaths,Kazakhstan,Both,All ages,Alcoholic cardiomyopathy,Rate,2020,1.1659281107846202,2.153919442508914,0.5843877830053696
Deaths,Madagascar,Both,All ages,Liver cancer due to alcohol use,Rate,2020,0.189705843121847,0.34750991008086174,0.09577032855472188
Deaths,Luxembourg,Both,All ages,Alcoholic cardiomyopathy,Rate,2020,0.8539541919463977,0.9914222108108747,0.7164839209530887
Deaths,Myanmar,Both,All ages,Alcoholic cardiomyopathy,Rate,2020,0.054287432099746014,0.1021879103532733,0.009533404795764465
Deaths,Sierra Leone,Both,All ages,Cirrhosis due to alcohol,Rate,2020,2.556467305283271,3.8673614984781564,1.60450909019252
Deaths,Chile,Both,All ages,Liver cancer due to alcohol use,Rate,2020,1.249217923005095,1.6493965893013585,0.9025134605169414
Deaths,Chile,Both,All ages,Alcohol use disorders,Rate,2020,1.1959797315898673,1.271512951131001,1.1223429327643768
Deaths,Lebanon,Both,All ages,Cirrhosis due to alcohol,Rate,2020,0.5861659525087899,0.8752931369811672,0.37014331499461145
Deaths,Mauritania,Both,All ages,Alcoholic cardiomyopathy,Rate,2020,0.021762975486101465,0.06310861078589768,0.002991485292794469
Deaths,Bermuda,Both,All ages,Liver cancer due to alcohol use,Rate,2020,1.2290679886367601,1.5787748785455775,0.9195548285851949
Deaths,Lebanon,Both,All ages,Alcohol use disorders,Rate,2020,0.08087471893506142,0.10298011500836214,0.05648176123084991
Deaths,Timor-Leste,Both,All ages,Alcohol use disorders,Rate,2020,0.41576777769636186,0.6531097431337011,0.26770238796173
Deaths,Angola,Both,All ages,Alcohol use disorders,Rate,2020,0.9172863280573118,1.2932474180604765,0.5833171900177201
Deaths,Saint Lucia,Both,All ages,Liver cancer due to alcohol use,Rate,2020,0.7968602598516566,1.0265641315381209,0.5718348736930392
Deaths,Saint Lucia,Both,All ages,Alcohol use disorders,Rate,2020,5.31338322834786,6.300312744328222,4.405350166669272
Deaths,Madagascar,Both,All ages,Alcoholic cardiomyopathy,Rate,2020,0.0013335008615669686,0.009673883977006905,0.00020222583493126832
Deaths,France,Both,All ages,Liver cancer due to alcohol use,Rate,2020,3.767207301080573,5.053149502418036,2.6771736218640383
Deaths,Eritrea,Both,All ages,Alcoholic cardiomyopathy,Rate,2020,0.0007849180832547509,0.004668663082858591,0.0001361845872587871
Deaths,Nepal,Both,All ages,Alcohol use disorders,Rate,2020,0.4591740660790503,0.6979926610914118,0.023345983970550696
Deaths,Nicaragua,Both,All ages,Liver cancer due to alcohol use,Rate,2020,0.5780570806363783,0.8189043716528113,0.4076654710194317
Deaths,Armenia,Both,All ages,Liver cancer due to alcohol use,Rate,2020,2.3104560409446244,3.126274267026229,1.643619892166905
Deaths,Niger,Both,All ages,Cirrhosis due to alcohol,Rate,2020,2.256524181924615,4.121863980913046,1.1739651398737145
Deaths,Bermuda,Both,All ages,Alcoholic cardiomyopathy,Rate,2020,3.182767234820984,3.830415374510034,2.68303759861322
Deaths,Chile,Both,All ages,Alcoholic cardiomyopathy,Rate,2020,0.2027994221948576,0.23096104710203566,0.1739180975825481
Deaths,American Samoa,Both,All ages,Cirrhosis due to alcohol,Rate,2020,1.92173760421746,2.725981273885005,1.2571547009782134
Deaths,Philippines,Both,All ages,Cirrhosis due to alcohol,Rate,2020,2.897401812461694,3.47228852544036,2.3838155337997504
Deaths,Tuvalu,Both,All ages,Liver cancer due to alcohol use,Rate,2020,0.49587229387384685,0.8436390067503046,0.2852671345383352
Deaths,Libya,Both,All ages,Cirrhosis due to alcohol,Rate,2020,0.6065872372640947,1.086754842193259,0.3210461558847575
Deaths,Japan,Both,All ages,Cirrhosis due to alcohol,Rate,2020,5.451147689385286,6.0028350238578305,4.798914492101775
Deaths,Iceland,Both,All ages,Liver cancer due to alcohol use,Rate,2020,2.4401305025492688,3.1666656768014314,1.7699532514762844
Deaths,Canada,Both,All ages,Liver cancer due to alcohol use,Rate,2020,4.200087851443691,5.021584259511458,3.3619272064638293
Deaths,Nicaragua,Both,All ages,Alcohol use disorders,Rate,2020,4.125333772708025,5.512579395959697,3.3786718538102023
Deaths,Burkina Faso,Both,All ages,Alcoholic cardiomyopathy,Rate,2020,0.03450974851419378,0.08840397562970143,0.005154122741023541
Deaths,Malta,Both,All ages,Alcohol use disorders,Rate,2020,0.5461105634227325,0.6049611306609859,0.4919867791981789
Deaths,Saint Vincent and the Grenadines,Both,All ages,Liver cancer due to alcohol use,Rate,2020,1.3013876878769228,1.6620238446524782,0.9906280510696052
Deaths,Kyrgyzstan,Both,All ages,Cirrhosis due to alcohol,Rate,2020,10.243298602899628,12.836569806926214,7.541128309825445
Deaths,Romania,Both,All ages,Cirrhosis due to alcohol,Rate,2020,24.652768539435808,28.987875287614,20.218027237770983
Deaths,Brunei Darussalam,Both,All ages,Liver cancer due to alcohol use,Rate,2020,0.5679098719886607,0.8912804881973406,0.37087081096391933
Deaths,Malta,Both,All ages,Alcoholic cardiomyopathy,Rate,2020,0.34965175307744906,0.40790434354690686,0.29668242379492676
Deaths,Guam,Both,All ages,Liver cancer due to alcohol use,Rate,2020,0.9606927414420408,1.4058746984185784,0.6344160576362929
Deaths,Central African Republic,Both,All ages,Cirrhosis due to alcohol,Rate,2020,6.261162866834955,9.667705057587545,3.7349247348301637
Deaths,Nepal,Both,All ages,Alcoholic cardiomyopathy,Rate,2020,0.0733914196152242,0.16659633612189018,0.015420094573341736
Deaths,Pakistan,Both,All ages,Liver cancer due to alcohol use,Rate,2020,0.3086619024277446,0.4332987141826808,0.2225585813582006
Deaths,Pakistan,Both,All ages,Alcohol use disorders,Rate,2020,0.3859732463513689,0.5624425524450758,0.021385477474230467
Deaths,South Sudan,Both,All ages,Cirrhosis due to alcohol,Rate,2020,3.7471034243226615,6.035050930739406,2.1787116128540633
Deaths,Fiji,Both,All ages,Alcohol use disorders,Rate,2020,0.09812563146346745,0.13847426896751813,0.05256959620055707
Deaths,Saint Lucia,Both,All ages,Alcoholic cardiomyopathy,Rate,2020,6.465937730465942,7.687810377024928,5.2646893787957545
Deaths,Syrian Arab Republic,Both,All ages,Liver cancer due to alcohol use,Rate,2020,0.40727087869231576,0.6564826434329942,0.2460754565162114
Deaths,Netherlands,Both,All ages,Cirrhosis due to alcohol,Rate,2020,2.878664678664547,3.395644944009744,2.3322921497299802
Deaths,Ethiopia,Both,All ages,Cirrhosis due to alcohol,Rate,2020,2.459794170195094,3.1663257978718984,1.894625700847153
Deaths,Socialist Republic of Viet Nam,Both,All ages,Cirrhosis due to alcohol,Rate,2020,6.1194594713408605,8.843821933875894,3.9234980783206694
Deaths,United States of America,Both,All ages,Alcohol use disorders,Rate,2020,5.231570522683234,5.3562235016768875,5.0898146633742
Deaths,Madagascar,Both,All ages,Cirrhosis due to alcohol,Rate,2020,2.5654001414244014,4.243170235381685,1.4615004578009503
Deaths,Saint Vincent and the Grenadines,Both,All ages,Alcohol use disorders,Rate,2020,7.6249818442199775,8.734378826693897,6.703979565677554
Deaths,Cameroon,Both,All ages,Alcohol use disorders,Rate,2020,0.9214652623755071,1.3129167422857726,0.5488131380621296
Deaths,Fiji,Both,All ages,Alcoholic cardiomyopathy,Rate,2020,0.011244180508743332,0.020228720325510832,0.0016029007948033642
Deaths,Nicaragua,Both,All ages,Alcoholic cardiomyopathy,Rate,2020,0.08194967413685456,0.14631413796925147,0.016667100048206773
Deaths,Saint Vincent and the Grenadines,Both,All ages,Alcoholic cardiomyopathy,Rate,2020,2.7114535520308753,3.105555609022418,2.3316650047118856
Deaths,Niger,Both,All ages,Alcoholic cardiomyopathy,Rate,2020,0.02029050051170654,0.05445516356192676,0.0025858787701877523
Deaths,Malawi,Both,All ages,Alcohol use disorders,Rate,2020,1.1576220704647762,1.6332163201700705,0.7868692969849194
Deaths,Syrian Arab Republic,Both,All ages,Alcoholic cardiomyopathy,Rate,2020,0.06643707252965454,0.13633743118420869,0.017777044937439538
Deaths,Kyrgyzstan,Both,All ages,Liver cancer due to alcohol use,Rate,2020,0.6167200669123599,0.8454383618451353,0.4147526971106258
Deaths,Kyrgyzstan,Both,All ages,Alcohol use disorders,Rate,2020,4.739605865629564,5.498716909976525,4.108011438351872
Deaths,United States of America,Both,All ages,Alcoholic cardiomyopathy,Rate,2020,1.6719376979787384,1.7703131045335516,1.5668381229648856
Deaths,Uruguay,Both,All ages,Alcohol use disorders,Rate,2020,2.373665011801638,2.5469608872632246,2.2109647170840256
Deaths,Cook Islands,Both,All ages,Alcohol use disorders,Rate,2020,2.103661033806803,2.8797713809691627,1.5074786807244054
Deaths,Pakistan,Both,All ages,Cirrhosis due to alcohol,Rate,2020,1.1263102552247326,1.5942203875955416,0.7040875626637298
Deaths,South Sudan,Both,All ages,Alcohol use disorders,Rate,2020,1.1535013070034859,1.7322654487732596,0.7177338357262195
Deaths,Bosnia and Herzegovina,Both,All ages,Liver cancer due to alcohol use,Rate,2020,4.39342523410764,5.957710899382733,3.093716210637764
Deaths,Kiribati,Both,All ages,Cirrhosis due to alcohol,Rate,2020,2.492774213478903,3.9640244148856993,1.4308534835387337
Deaths,Suriname,Both,All ages,Cirrhosis due to alcohol,Rate,2020,8.910218486287457,11.105437886951687,6.7496569738334395
Deaths,Saint Vincent and the Grenadines,Both,All ages,Cirrhosis due to alcohol,Rate,2020,7.753790530216271,9.444516459396114,6.242756014062592
Deaths,Brunei Darussalam,Both,All ages,Alcoholic cardiomyopathy,Rate,2020,0.523146214472037,0.9410567253637427,0.17163808466290228
Deaths,Palestine,Both,All ages,Liver cancer due to alcohol use,Rate,2020,0.2696262397299,0.40699524566393824,0.1693577747873775
Deaths,Lithuania,Both,All ages,Cirrhosis due to alcohol,Rate,2020,11.455931863494289,13.765125404835882,9.203778525550304
Deaths,Kyrgyzstan,Both,All ages,Alcoholic cardiomyopathy,Rate,2020,6.733558175576958,7.913947251958912,5.827209663983682
Deaths,Pakistan,Both,All ages,Alcoholic cardiomyopathy,Rate,2020,0.058197433173647554,0.1594850341045374,0.012286774171739075
Deaths,Indonesia,Both,All ages,Alcoholic cardiomyopathy,Rate,2020,0.04872393554301505,0.09020582097300443,0.007810175072812541
Deaths,Slovakia,Both,All ages,Liver cancer due to alcohol use,Rate,2020,3.0437106355629915,4.199913976701185,2.1179510366095835
Deaths,Tunisia,Both,All ages,Alcohol use disorders,Rate,2020,0.12597246996805742,0.1777673131878923,0.05841662385301034
Deaths,Azerbaijan,Both,All ages,Alcohol use disorders,Rate,2020,2.0649152941390123,3.0656978259822907,1.3040712542875947
Deaths,Namibia,Both,All ages,Alcohol use disorders,Rate,2020,1.0899790826093259,1.5195905683297188,0.6764217750794775
Deaths,Panama,Both,All ages,Liver cancer due to alcohol use,Rate,2020,0.9789586631144761,1.2510469755027473,0.720340852703597
Deaths,Panama,Both,All ages,Alcohol use disorders,Rate,2020,0.5979059894201931,0.6668568841252389,0.536995370182371
Deaths,Panama,Both,All ages,Cirrhosis due to alcohol,Rate,2020,3.7108136413720785,4.493393618886112,2.92671520864529
Deaths,France,Both,All ages,Alcoholic cardiomyopathy,Rate,2020,0.7024795573900179,0.80975283505178,0.6061411792318799
Deaths,Democratic Republic of the Congo,Both,All ages,Liver cancer due to alcohol use,Rate,2020,0.18030638790671857,0.4275620619132661,0.07038708639097925
Deaths,Nigeria,Both,All ages,Cirrhosis due to alcohol,Rate,2020,2.0740796692973227,2.9514621358380175,1.3926480641098562
Deaths,Kingdom of Eswatini,Both,All ages,Liver cancer due to alcohol use,Rate,2020,2.2214450840453788,5.379706466094569,0.7321379258362981
Deaths,Suriname,Both,All ages,Liver cancer due to alcohol use,Rate,2020,0.9155207543342736,1.2721580911176988,0.6397104776951826
Deaths,Suriname,Both,All ages,Alcohol use disorders,Rate,2020,2.8243980959384714,3.575077041422192,1.7043214194323786
Deaths,Cook Islands,Both,All ages,Alcoholic cardiomyopathy,Rate,2020,0.0003098875495177066,0.0006266341217925387,3.112779686376503e-05
Deaths,Brazil,Both,All ages,Alcohol use disorders,Rate,2020,3.7299250197317124,3.8357142898303196,3.621414204056709
Deaths,Republic of Cabo Verde,Both,All ages,Cirrhosis due to alcohol,Rate,2020,4.007381510080478,6.005409298426607,2.382266831135953
Deaths,Azerbaijan,Both,All ages,Alcoholic cardiomyopathy,Rate,2020,0.348504197847106,1.118832474750674,0.03791071957639077
Deaths,Bosnia and Herzegovina,Both,All ages,Alcoholic cardiomyopathy,Rate,2020,3.6568259746435996,6.82250564240672,0.6909482458310984
Deaths,United States Virgin Islands,Both,All ages,Alcohol use disorders,Rate,2020,7.219994370893836,9.817842601538324,5.003619073915564
Deaths,Ireland,Both,All ages,Liver cancer due to alcohol use,Rate,2020,1.868593647864484,2.446872861589006,1.4043403236750898
Deaths,Ireland,Both,All ages,Alcohol use disorders,Rate,2020,1.495042734532236,1.6285531064084338,1.379977175329565
Deaths,Mongolia,Both,All ages,Cirrhosis due to alcohol,Rate,2020,9.880204877772433,12.661720418308953,7.569963572269398
Deaths,Turkey,Both,All ages,Cirrhosis due to alcohol,Rate,2020,0.4027644629060749,0.6478150706990766,0.2398279884369379
Deaths,Oman,Both,All ages,Alcohol use disorders,Rate,2020,0.14569207951777388,0.21256078298710612,0.0925944081717463
Deaths,South Sudan,Both,All ages,Liver cancer due to alcohol use,Rate,2020,0.44257864166155936,0.7231430465046146,0.24938625434387307
Deaths,Georgia,Both,All ages,Cirrhosis due to alcohol,Rate,2020,15.254277382013942,18.51636671913651,12.154274673489006
Deaths,Panama,Both,All ages,Alcoholic cardiomyopathy,Rate,2020,0.14805589411607736,0.17425937248675635,0.12585762292149774
Deaths,Tonga,Both,All ages,Liver cancer due to alcohol use,Rate,2020,1.9131424323923252,3.071400942786042,1.129320619727619
Deaths,Poland,Both,All ages,Liver cancer due to alcohol use,Rate,2020,1.4751961226145283,1.6353560598700485,1.3216799087486364
Deaths,Japan,Both,All ages,Alcohol use disorders,Rate,2020,0.44892279337499197,0.4665670719955146,0.42522512142144486
Deaths,Slovenia,Both,All ages,Alcohol use disorders,Rate,2020,14.304024343469651,16.041173542599864,12.918197452730858
Deaths,Suriname,Both,All ages,Alcoholic cardiomyopathy,Rate,2020,0.7245311100343709,1.2456053757461403,0.13440833866774032
Deaths,Greenland,Both,All ages,Cirrhosis due to alcohol,Rate,2020,3.25369110088956,4.782316537876961,2.006439061758502
Deaths,Oman,Both,All ages,Alcoholic cardiomyopathy,Rate,2020,0.004630481722841898,0.01271834025657288,0.0007586361341969856
Deaths,Mauritius,Both,All ages,Cirrhosis due to alcohol,Rate,2020,4.37718921953297,5.705981965300813,3.154039229924715
Deaths,Mauritius,Both,All ages,Liver cancer due to alcohol use,Rate,2020,0.2205958514248025,0.29729980937651634,0.1574495767008288
Deaths,Singapore,Both,All ages,Liver cancer due to alcohol use,Rate,2020,0.591234700004418,0.9107312182635547,0.37134220324547673
Deaths,Romania,Both,All ages,Liver cancer due to alcohol use,Rate,2020,2.547112587660505,3.1450010258745693,1.9998036349966464
Deaths,United States Virgin Islands,Both,All ages,Alcoholic cardiomyopathy,Rate,2020,2.0143131289559433,3.305273568996787,0.5472096192385844
Deaths,Ireland,Both,All ages,Alcoholic cardiomyopathy,Rate,2020,0.7673882955642249,0.8972839158778129,0.6348094667178391
Deaths,Andorra,Both,All ages,Alcohol use disorders,Rate,2020,0.36235383922085523,0.5230746631118508,0.2221642349820184
Deaths,Brazil,Both,All ages,Alcoholic cardiomyopathy,Rate,2020,0.5297342608921766,0.5635959414801848,0.4992619756825321
Deaths,Lebanon,Both,All ages,Liver cancer due to alcohol use,Rate,2020,0.20359484528533597,0.31382329885768734,0.12923313065756106
Deaths,Mongolia,Both,All ages,Alcohol use disorders,Rate,2020,19.12751622949912,24.275127752158767,13.449751791864298
Deaths,Equatorial Guinea,Both,All ages,Liver cancer due to alcohol use,Rate,2020,0.30606977404054214,0.5664538390452509,0.17035089318527874
Deaths,Equatorial Guinea,Both,All ages,Alcohol use disorders,Rate,2020,0.791261989106509,1.2273225022616772,0.38235405564005126
Deaths,Andorra,Both,All ages,Alcoholic cardiomyopathy,Rate,2020,1.235059350541747,2.046332429504028,0.4158368363970351
Deaths,Germany,Both,All ages,Alcohol use disorders,Rate,2020,6.745233598391837,7.130618468213061,6.366454732667524
Deaths,South Sudan,Both,All ages,Alcoholic cardiomyopathy,Rate,2020,0.0007497632915348783,0.0049219913027020445,0.0001219632805581378
Deaths,Slovenia,Both,All ages,Alcoholic cardiomyopathy,Rate,2020,3.531177320341239,4.279019641231512,2.8941254351230143
Deaths,Equatorial Guinea,Both,All ages,Alcoholic cardiomyopathy,Rate,2020,0.000820121451830352,0.004913176834041335,0.0001353565584433241
Deaths,Qatar,Both,All ages,Cirrhosis due to alcohol,Rate,2020,0.23060388618069977,0.38155108815512967,0.13280683405758986
Deaths,Fiji,Both,All ages,Liver cancer due to alcohol use,Rate,2020,0.4881311452126083,0.7877883324208118,0.2860981616047514
Deaths,Spain,Both,All ages,Liver cancer due to alcohol use,Rate,2020,3.2415639886563232,4.380689104037275,2.2806980379861845
Deaths,South Africa,Both,All ages,Cirrhosis due to alcohol,Rate,2020,2.5053197082836833,2.984606467381559,2.133619840983567
Deaths,Cook Islands,Both,All ages,Liver cancer due to alcohol use,Rate,2020,3.4748110427208183,5.247118357156614,2.2469685581499657
Deaths,Sweden,Both,All ages,Cirrhosis due to alcohol,Rate,2020,4.458076800293964,4.894959095658208,4.01400593037497
Deaths,Republic of Côte d'Ivoire,Both,All ages,Liver cancer due to alcohol use,Rate,2020,0.3487153366896121,0.567119183129015,0.1909928419738639
Deaths,Spain,Both,All ages,Alcoholic cardiomyopathy,Rate,2020,0.5250620264574251,0.6084081389634831,0.44838113882426917
Deaths,Trinidad and Tobago,Both,All ages,Cirrhosis due to alcohol,Rate,2020,4.896026420398157,6.515956292554114,3.5408411599538887
Deaths,Bulgaria,Both,All ages,Alcohol use disorders,Rate,2020,2.1810380099555498,2.3889959558826273,1.9818813169542329
Deaths,Plurinational State of Bolivia,Both,All ages,Liver cancer due to alcohol use,Rate,2020,0.7557924980309323,1.173508941880638,0.4565682040858621
Deaths,Cyprus,Both,All ages,Liver cancer due to alcohol use,Rate,2020,1.7258057466624266,2.5075679353780167,1.1556013636674032
Deaths,Cyprus,Both,All ages,Alcohol use disorders,Rate,2020,0.6420918796640024,0.8476118712685409,0.46065613684218193
Deaths,China,Both,All ages,Cirrhosis due to alcohol,Rate,2020,0.9289026394056908,1.2306265083761256,0.689989142358956
Deaths,Japan,Both,All ages,Alcoholic cardiomyopathy,Rate,2020,0.36716433838965107,0.3951842160318804,0.3373489953863234
Deaths,Poland,Both,All ages,Alcoholic cardiomyopathy,Rate,2020,4.64627093154707,5.23713238309804,4.0663146484724
Deaths,Austria,Both,All ages,Cirrhosis due to alcohol,Rate,2020,7.843486855547099,9.17282238862015,6.413893352243347
Deaths,Israel,Both,All ages,Cirrhosis due to alcohol,Rate,2020,1.9462112949708978,2.3584835032821374,1.5351031532694817
Deaths,Germany,Both,All ages,Alcoholic cardiomyopathy,Rate,2020,3.1056291604134585,3.4296963186255884,2.7484775786738043
Deaths,Bolivarian Republic of Venezuela,Both,All ages,Alcohol use disorders,Rate,2020,0.5296872874906928,0.6851181215389888,0.4104995823479579
Deaths,Lebanon,Both,All ages,Alcoholic cardiomyopathy,Rate,2020,0.0044046556071562284,0.006981568678229463,0.0004615620459586634
Deaths,Gabon,Both,All ages,Cirrhosis due to alcohol,Rate,2020,5.1524849604720755,7.828928421604834,3.100864484064583
Deaths,Trinidad and Tobago,Both,All ages,Alcohol use disorders,Rate,2020,2.1472643447590753,2.728800324802439,1.7011064394977318
Deaths,Papua New Guinea,Both,All ages,Liver cancer due to alcohol use,Rate,2020,0.14905281486413,0.4221768071941743,0.058544005689356096
Deaths,Romania,Both,All ages,Alcoholic cardiomyopathy,Rate,2020,3.8629055580816547,4.6868248188548645,3.207511456759679
Deaths,Paraguay,Both,All ages,Cirrhosis due to alcohol,Rate,2020,3.6673661945247304,4.729245553208828,2.6397605589232347
Deaths,Yemen,Both,All ages,Liver cancer due to alcohol use,Rate,2020,0.06097376378223825,0.11390261031369127,0.030570926987550002
Deaths,Bolivarian Republic of Venezuela,Both,All ages,Cirrhosis due to alcohol,Rate,2020,6.242021146780127,8.620663795480473,4.268454117273366
Deaths,Gabon,Both,All ages,Alcohol use disorders,Rate,2020,1.3230945022840712,1.8503689575293334,0.7665210424314683
Deaths,Commonwealth of the Bahamas,Both,All ages,Liver cancer due to alcohol use,Rate,2020,1.015766614174388,1.3404337676234546,0.7480682283132626
Deaths,Plurinational State of Bolivia,Both,All ages,Alcoholic cardiomyopathy,Rate,2020,0.007774642723665341,0.015940014657663374,0.0005257480054468452
Deaths,Israel,Both,All ages,Alcohol use disorders,Rate,2020,0.8459771865857237,0.8933992525282161,0.7951693480936015
Deaths,Republic of Korea,Both,All ages,Cirrhosis due to alcohol,Rate,2020,7.010698846303185,8.984838877436287,5.5701464076035165
Deaths,Mozambique,Both,All ages,Alcohol use disorders,Rate,2020,1.3841131711485957,1.8681611199739578,0.8874477945358004
Deaths,Tajikistan,Both,All ages,Cirrhosis due to alcohol,Rate,2020,5.179585441424754,6.847408873064869,3.6330677831091838
Deaths,Zimbabwe,Both,All ages,Alcohol use disorders,Rate,2020,0.2794274832091108,0.428542700412225,0.18859295133879772
Deaths,Mozambique,Both,All ages,Alcoholic cardiomyopathy,Rate,2020,0.0006865285425203076,0.004008747347492358,0.00014393510598431007
Deaths,Uruguay,Both,All ages,Liver cancer due to alcohol use,Rate,2020,1.112428443761788,1.5072917469947829,0.7841743769417259
Deaths,Vanuatu,Both,All ages,Liver cancer due to alcohol use,Rate,2020,0.27976936214921844,0.4807643916877471,0.14961133143451794
Deaths,Vanuatu,Both,All ages,Alcohol use disorders,Rate,2020,0.7791043712455514,1.0871294063496062,0.45764910892705407
Deaths,Senegal,Both,All ages,Liver cancer due to alcohol use,Rate,2020,0.6719196083320663,1.0139533032361403,0.43358944457515125
Deaths,Greece,Both,All ages,Cirrhosis due to alcohol,Rate,2020,4.662863182863155,5.525724465579163,3.7525061693913817
Deaths,Lao People's Democratic Republic,Both,All ages,Alcohol use disorders,Rate,2020,0.66453906546284,0.947466620099632,0.4264735423391515
Deaths,Ecuador,Both,All ages,Alcohol use disorders,Rate,2020,1.1010599503422565,1.340174440729768,0.8838512403484209
Deaths,Islamic Republic of Iran,Both,All ages,Liver cancer due to alcohol use,Rate,2020,0.19676668449212603,0.2411684351422027,0.157613750079624
Deaths,Rwanda,Both,All ages,Cirrhosis due to alcohol,Rate,2020,3.9520936122389085,6.3417463435305725,2.3557770611595874
Deaths,Zimbabwe,Both,All ages,Alcoholic cardiomyopathy,Rate,2020,0.013400758574458521,0.051516707190088246,0.0020526817784853758
Deaths,Papua New Guinea,Both,All ages,Alcoholic cardiomyopathy,Rate,2020,0.035948784417622046,0.08092747527472015,0.005011650630144868
Deaths,Commonwealth of the Bahamas,Both,All ages,Alcoholic cardiomyopathy,Rate,2020,4.139868307278118,5.158339099686967,3.3040784444522293
Deaths,Uruguay,Both,All ages,Alcoholic cardiomyopathy,Rate,2020,1.4420883431824914,1.6457022199187175,1.2713929219270668
Deaths,Republic of the Gambia,Both,All ages,Alcohol use disorders,Rate,2020,0.9627683683515185,1.3126889335060583,0.6317257617918182
Deaths,Taiwan (Province of China),Both,All ages,Liver cancer due to alcohol use,Rate,2020,1.1610023983285704,1.6949336905972368,0.7689333479001139
Deaths,Ecuador,Both,All ages,Alcoholic cardiomyopathy,Rate,2020,0.002902738394478705,0.003993661591335514,0.002075117409089616
Deaths,Turkmenistan,Both,All ages,Liver cancer due to alcohol use,Rate,2020,1.0808088166752952,1.5659138950814955,0.7061535421705871
Deaths,Samoa,Both,All ages,Alcohol use disorders,Rate,2020,0.7861909998111732,1.070152770936716,0.42435034527264176
Deaths,Timor-Leste,Both,All ages,Liver cancer due to alcohol use,Rate,2020,0.34358559768388774,0.6502198164233894,0.1923665988888908
Deaths,Barbados,Both,All ages,Alcohol use disorders,Rate,2020,2.3777811476807966,2.9807260401487143,1.8528522385439397
Deaths,Mongolia,Both,All ages,Liver cancer due to alcohol use,Rate,2020,11.98857507173214,17.84957160507269,8.171167698350233
Deaths,Senegal,Both,All ages,Alcoholic cardiomyopathy,Rate,2020,0.029966769048161913,0.09016637831003041,0.004330615894047402
Deaths,Romania,Both,All ages,Alcohol use disorders,Rate,2020,3.0906373473021125,3.3180390839354623,2.841636919675551
Deaths,Zambia,Both,All ages,Alcoholic cardiomyopathy,Rate,2020,0.001491711761208836,0.012339257470505557,0.00012149952995325474
Deaths,Republic of the Gambia,Both,All ages,Alcoholic cardiomyopathy,Rate,2020,0.029527928685578155,0.07027927409874046,0.004463937720659289
Deaths,Kiribati,Both,All ages,Liver cancer due to alcohol use,Rate,2020,0.33912597238432407,0.5520079420471877,0.2074660223956024
Deaths,Kiribati,Both,All ages,Alcohol use disorders,Rate,2020,0.4070218349199499,0.5444452944728935,0.26177996527748454
Deaths,Angola,Both,All ages,Liver cancer due to alcohol use,Rate,2020,0.544641382534847,1.5083995791968297,0.1117400305125548
Deaths,Peru,Both,All ages,Cirrhosis due to alcohol,Rate,2020,9.460377907653628,12.377989284164867,7.011485351046483
Deaths,Libya,Both,All ages,Alcohol use disorders,Rate,2020,0.194808826682565,0.2960125710606796,0.08738988995373474
Deaths,Timor-Leste,Both,All ages,Alcoholic cardiomyopathy,Rate,2020,0.03853437937699122,0.08964303856991801,0.006673969448760641
Deaths,Serbia,Both,All ages,Alcohol use disorders,Rate,2020,4.411472178805016,5.250682316618879,3.391401914127766
Deaths,Tunisia,Both,All ages,Liver cancer due to alcohol use,Rate,2020,0.3075441350968826,0.48131203363379615,0.16603887233606193
Deaths,Mongolia,Both,All ages,Alcoholic cardiomyopathy,Rate,2020,3.8114323703583817,5.887912962004361,1.362141682169182
Deaths,China,Both,All ages,Alcohol use disorders,Rate,2020,1.313640024153455,1.6705531909478517,0.6942593402551743
Deaths,Ghana,Both,All ages,Cirrhosis due to alcohol,Rate,2020,2.8664746386896347,4.279203220714738,1.7681783924744983
Deaths,Greenland,Both,All ages,Alcohol use disorders,Rate,2020,16.338247363464344,20.840130188825732,12.87784040338523
Deaths,United States of America,Both,All ages,Liver cancer due to alcohol use,Rate,2020,2.2235436591063444,2.509959498047415,1.9520332508886487
Deaths,Malawi,Both,All ages,Liver cancer due to alcohol use,Rate,2020,0.40541302129420353,0.5980884873527489,0.2662037487492521
Deaths,Italy,Both,All ages,Cirrhosis due to alcohol,Rate,2020,3.8549553267029575,4.430632199030934,3.322267648916815
Deaths,Kiribati,Both,All ages,Alcoholic cardiomyopathy,Rate,2020,0.10121466936790492,0.1878918408705452,0.023689866471972857
Deaths,Belize,Both,All ages,Cirrhosis due to alcohol,Rate,2020,5.745243235320528,7.0878302612677775,4.458306982146545
Deaths,China,Both,All ages,Alcoholic cardiomyopathy,Rate,2020,0.13051496376568678,0.20093662190727274,0.021968558697834994
Deaths,Sierra Leone,Both,All ages,Alcohol use disorders,Rate,2020,0.8242962072677339,1.1542997156435895,0.517157427591898
Deaths,Principality of Monaco,Both,All ages,Cirrhosis due to alcohol,Rate,2020,7.312314063064929,9.441017176706682,5.338587377443577
Deaths,Tunisia,Both,All ages,Alcoholic cardiomyopathy,Rate,2020,0.07744802668942011,0.1567095715742511,0.015001158546381442
Deaths,Rwanda,Both,All ages,Liver cancer due to alcohol use,Rate,2020,0.46149379574190236,0.7368629908287107,0.26163336742947113
Deaths,Tajikistan,Both,All ages,Alcohol use disorders,Rate,2020,2.0166802592147515,3.141975797476402,1.2973141225952678
Deaths,Angola,Both,All ages,Alcoholic cardiomyopathy,Rate,2020,0.0012499992390611586,0.007006227815110461,0.00022205126477154192
Deaths,Latvia,Both,All ages,Liver cancer due to alcohol use,Rate,2020,2.789682353451103,3.5082135678912745,2.2038591499229128
Deaths,Marshall Islands,Both,All ages,Cirrhosis due to alcohol,Rate,2020,2.98524862299053,4.729748700565524,1.6073271903253528
Deaths,Sierra Leone,Both,All ages,Liver cancer due to alcohol use,Rate,2020,0.7382551674193126,1.1255422538143502,0.44710975903954137
Deaths,Croatia,Both,All ages,Cirrhosis due to alcohol,Rate,2020,11.256353732674334,13.39887928430189,9.073098647599402
Deaths,Costa Rica,Both,All ages,Cirrhosis due to alcohol,Rate,2020,6.176853925796521,7.536073506754382,4.938004716174888
Deaths,Cyprus,Both,All ages,Alcoholic cardiomyopathy,Rate,2020,0.37748444799183606,0.722630271680089,0.08642309373065517
Deaths,Vanuatu,Both,All ages,Alcoholic cardiomyopathy,Rate,2020,0.03678214257971248,0.07534390633983522,0.006293640690192397
Deaths,Democratic People's Republic of Korea,Both,All ages,Cirrhosis due to alcohol,Rate,2020,2.2481116032377355,3.7897422045928146,1.2038879213824436
Deaths,Marshall Islands,Both,All ages,Alcohol use disorders,Rate,2020,1.14713195966342,1.7708688124473158,0.5999215111810052
Deaths,Dominica,Both,All ages,Alcohol use disorders,Rate,2020,5.304245611532034,6.732709762472638,3.4810932056185413
Deaths,Australia,Both,All ages,Liver cancer due to alcohol use,Rate,2020,3.284383526643627,4.126996271039828,2.542167391808834
Deaths,Australia,Both,All ages,Alcohol use disorders,Rate,2020,1.66329896677408,1.751447284119599,1.555665168948774
Deaths,Turkey,Both,All ages,Alcohol use disorders,Rate,2020,0.2619947133100433,0.34479515340927724,0.15792520106549168
Deaths,Malaysia,Both,All ages,Cirrhosis due to alcohol,Rate,2020,3.1784909859009116,4.426916235344687,2.1424105423195785
Deaths,Zimbabwe,Both,All ages,Liver cancer due to alcohol use,Rate,2020,0.9925907454173002,1.5720918672322661,0.5777992745379881
Deaths,Socialist Republic of Viet Nam,Both,All ages,Alcohol use disorders,Rate,2020,1.013427968929754,1.4227057415067155,0.4921890742507321
Deaths,Greenland,Both,All ages,Alcoholic cardiomyopathy,Rate,2020,1.321963313830593,2.33029651745324,0.17763386232105136
Deaths,Latvia,Both,All ages,Alcoholic cardiomyopathy,Rate,2020,20.29102127738997,23.128746795283895,17.3415029528104
Deaths,Cambodia,Both,All ages,Cirrhosis due to alcohol,Rate,2020,9.088652438992124,13.676924919582767,5.686032504632244
Deaths,Togo,Both,All ages,Cirrhosis due to alcohol,Rate,2020,2.8603065124311775,4.397246820059301,1.689534662761271
Deaths,Malawi,Both,All ages,Alcoholic cardiomyopathy,Rate,2020,0.0007266348897058067,0.004853891026352739,0.0001309822948266797
Deaths,Morocco,Both,All ages,Cirrhosis due to alcohol,Rate,2020,0.6310721376037233,1.035186671293004,0.34877153371684416
Deaths,Australia,Both,All ages,Alcoholic cardiomyopathy,Rate,2020,1.2999078011774747,1.4187625721408281,1.1854636272627448
Deaths,Socialist Republic of Viet Nam,Both,All ages,Alcoholic cardiomyopathy,Rate,2020,0.06273355914616462,0.11858265087805595,0.010590208174374347
Deaths,Turkmenistan,Both,All ages,Cirrhosis due to alcohol,Rate,2020,18.80547095061602,24.87143272566842,13.520806128034101
Deaths,Sierra Leone,Both,All ages,Alcoholic cardiomyopathy,Rate,2020,0.0307179198418246,0.07747096549224762,0.004038390576763706
Deaths,Serbia,Both,All ages,Cirrhosis due to alcohol,Rate,2020,7.145154183302467,9.203880240775488,5.325375215129364
Deaths,Uzbekistan,Both,All ages,Liver cancer due to alcohol use,Rate,2020,0.814833546089387,1.236770613417888,0.5313200824104418
Deaths,Federated States of Micronesia,Both,All ages,Cirrhosis due to alcohol,Rate,2020,2.7738895368236056,4.472756255055737,1.5925443004771085
Deaths,Ecuador,Both,All ages,Liver cancer due to alcohol use,Rate,2020,0.631224622065241,0.8939852187758376,0.44290783923097843
Deaths,Russian Federation,Both,All ages,Liver cancer due to alcohol use,Rate,2020,1.584423784264109,1.7715487436924677,1.4100024226888577
Deaths,Democratic People's Republic of Korea,Both,All ages,Liver cancer due to alcohol use,Rate,2020,0.654768664716492,1.048860524600004,0.38858387101071157
Deaths,Australia,Both,All ages,Cirrhosis due to alcohol,Rate,2020,1.5800721664559472,2.024499209360066,1.202294904790142
Deaths,United Republic of Tanzania,Both,All ages,Liver cancer due to alcohol use,Rate,2020,0.43357012078576856,0.6746070959088836,0.26536561515562207
Deaths,Central African Republic,Both,All ages,Liver cancer due to alcohol use,Rate,2020,0.44113813722357637,0.9194845529270544,0.17796288803062413
Deaths,Brazil,Both,All ages,Liver cancer due to alcohol use,Rate,2020,0.6426346901481147,0.727545961642765,0.5614922138818164
Deaths,Malta,Both,All ages,Liver cancer due to alcohol use,Rate,2020,2.2581824337453145,2.969967288435151,1.6590409114169502
Deaths,United Republic of Tanzania,Both,All ages,Alcoholic cardiomyopathy,Rate,2020,0.0007423163006680631,0.0056223069482267025,0.00011489732685924927
Deaths,Slovakia,Both,All ages,Cirrhosis due to alcohol,Rate,2020,12.88494037717782,15.904555959894516,9.90486690694834
Deaths,Uzbekistan,Both,All ages,Alcohol use disorders,Rate,2020,0.6358020925839837,0.7301671779687883,0.5529672213539307
Deaths,United Arab Emirates,Both,All ages,Cirrhosis due to alcohol,Rate,2020,0.19052992675373498,0.30877489606693564,0.10847296488010788
Deaths,Central African Republic,Both,All ages,Alcohol use disorders,Rate,2020,1.323051725473411,1.9919499986567295,0.723509231410447
Deaths,Indonesia,Both,All ages,Cirrhosis due to alcohol,Rate,2020,6.162147470888316,8.006244249681545,4.735521582940261
Deaths,New Zealand,Both,All ages,Alcohol use disorders,Rate,2020,1.0000437252177294,1.0610789687359972,0.9379636710891776
Deaths,Paraguay,Both,All ages,Liver cancer due to alcohol use,Rate,2020,0.8786662059051585,1.241285567354405,0.6162870439844238
Deaths,Dominica,Both,All ages,Alcoholic cardiomyopathy,Rate,2020,1.2929646641863184,2.3235935402157692,0.25033828105979616
Deaths,Guam,Both,All ages,Cirrhosis due to alcohol,Rate,2020,3.4120459468079556,4.724443307626297,2.310982037933985
Deaths,Denmark,Both,All ages,Cirrhosis due to alcohol,Rate,2020,5.834064382469062,6.9021598514193885,4.831688202282525
Deaths,Iraq,Both,All ages,Alcohol use disorders,Rate,2020,0.0027996963553850035,0.003997424440739349,0.0015923378929613816
Deaths,Guinea-Bissau,Both,All ages,Liver cancer due to alcohol use,Rate,2020,1.269762021097464,1.9836699351776612,0.6925846181875387
Deaths,Seychelles,Both,All ages,Liver cancer due to alcohol use,Rate,2020,1.1315289659414811,1.6051866123011023,0.7781177792442238
Deaths,Uganda,Both,All ages,Alcohol use disorders,Rate,2020,1.0011877155459687,1.4200007299958137,0.6893679008734924
Deaths,Peru,Both,All ages,Alcohol use disorders,Rate,2020,0.7925140042308388,1.3529083367509034,0.5931630019187882
Deaths,Mauritius,Both,All ages,Alcohol use disorders,Rate,2020,4.318072023811434,4.645864591621633,3.96339512177014
Deaths,Canada,Both,All ages,Cirrhosis due to alcohol,Rate,2020,2.1696202715890363,2.8325179558096627,1.5484326210697974
Deaths,Togo,Both,All ages,Alcohol use disorders,Rate,2020,1.0130865389018882,1.4418622991167132,0.6289779753271383
Deaths,Central African Republic,Both,All ages,Alcoholic cardiomyopathy,Rate,2020,0.001793190675031177,0.009401561484210647,0.0003219965946463553
Deaths,Netherlands,Both,All ages,Alcohol use disorders,Rate,2020,2.7607226069333333,2.9316644754576706,2.600387352273027
Deaths,Burundi,Both,All ages,Liver cancer due to alcohol use,Rate,2020,0.20454739130247573,0.436558699028919,0.1041349944091402
Deaths,Uzbekistan,Both,All ages,Alcoholic cardiomyopathy,Rate,2020,0.0035955940279739297,0.004802741034928013,0.0026149191688767085
Deaths,Algeria,Both,All ages,Liver cancer due to alcohol use,Rate,2020,0.13269065185643006,0.2017751212337032,0.07987925290591642
Deaths,Denmark,Both,All ages,Alcohol use disorders,Rate,2020,10.088650451494217,10.67812587845519,9.512520059317087
Deaths,Samoa,Both,All ages,Liver cancer due to alcohol use,Rate,2020,0.4158948127748172,0.6536740420436014,0.2546687288616836
Deaths,Iraq,Both,All ages,Alcoholic cardiomyopathy,Rate,2020,0.00403997120354195,0.007248862922558535,0.0003751875560302324
Deaths,Seychelles,Both,All ages,Alcohol use disorders,Rate,2020,0.5929898199807861,0.7288829515960009,0.4518592288436459
Deaths,Peru,Both,All ages,Alcoholic cardiomyopathy,Rate,2020,0.003726130490327866,0.007186890009861469,0.0007570338708519793
Deaths,Netherlands,Both,All ages,Alcoholic cardiomyopathy,Rate,2020,0.9259311214814945,1.0490534917458887,0.801129802645769
Deaths,Taiwan (Province of China),Both,All ages,Alcohol use disorders,Rate,2020,1.5978691989141693,1.7055569146666127,1.497283209884505
Deaths,Plurinational State of Bolivia,Both,All ages,Alcohol use disorders,Rate,2020,2.3610480553259117,3.3883144755642,1.5516482196741963
Deaths,Togo,Both,All ages,Alcoholic cardiomyopathy,Rate,2020,0.03426798490821232,0.08352014666870439,0.004621110437404887
Deaths,Myanmar,Both,All ages,Liver cancer due to alcohol use,Rate,2020,0.4732710675919524,1.0021996381319533,0.22986231427565773
Deaths,Dominican Republic,Both,All ages,Cirrhosis due to alcohol,Rate,2020,9.617140725194403,13.447898354561428,5.628638036910383
Deaths,Taiwan (Province of China),Both,All ages,Alcoholic cardiomyopathy,Rate,2020,0.36479906564112535,0.4070218312171696,0.3242892709695486
Deaths,Principality of Monaco,Both,All ages,Alcohol use disorders,Rate,2020,0.41049275943412267,0.5445069861513275,0.22177971868695134
Deaths,Seychelles,Both,All ages,Alcoholic cardiomyopathy,Rate,2020,0.0524070693138583,0.09853995551321296,0.007526919721135152
Deaths,Congo,Both,All ages,Cirrhosis due to alcohol,Rate,2020,4.900476234263487,7.375662316204729,2.89357721503972
Deaths,Norway,Both,All ages,Cirrhosis due to alcohol,Rate,2020,2.268044681900174,2.5087247688339502,2.0601533960595737
Deaths,Mauritius,Both,All ages,Alcoholic cardiomyopathy,Rate,2020,0.30590722748707244,0.35476366247935254,0.2673130475239134
Deaths,Paraguay,Both,All ages,Alcohol use disorders,Rate,2020,3.894260991591603,4.964205022143411,2.1399289588277806
Deaths,Algeria,Both,All ages,Alcoholic cardiomyopathy,Rate,2020,0.04806394494514438,0.10304891178406692,0.011620746193900246
Deaths,Republic of Niue,Both,All ages,Liver cancer due to alcohol use,Rate,2020,0.9844066766193607,1.729115889863816,0.5541559544599401
Deaths,New Zealand,Both,All ages,Cirrhosis due to alcohol,Rate,2020,0.8489472059711326,0.9680514377103532,0.7420256712381785
Deaths,Hungary,Both,All ages,Liver cancer due to alcohol use,Rate,2020,1.5496216266628278,2.0037282874399587,1.154025380008619
Deaths,United Kingdom of Great Britain and Northern Ireland,Both,All ages,Liver cancer due to alcohol use,Rate,2020,3.6206207483056003,4.1229300613989395,3.202634755621423
Deaths,Congo,Both,All ages,Alcohol use disorders,Rate,2020,1.3939228925326381,1.9623090234237879,0.8443821737063445
Deaths,Mozambique,Both,All ages,Cirrhosis due to alcohol,Rate,2020,1.6031184659382551,2.394426807634011,1.0341614956246448
Deaths,Ukraine,Both,All ages,Alcohol use disorders,Rate,2020,11.707924631130922,14.456283479416095,9.44269607889754
Deaths,Guinea-Bissau,Both,All ages,Alcoholic cardiomyopathy,Rate,2020,0.028938758397444468,0.07024232202875821,0.004606259578272572
Deaths,Jordan,Both,All ages,Cirrhosis due to alcohol,Rate,2020,0.18884347097320983,0.29810467138067365,0.11318230121624892
Deaths,Austria,Both,All ages,Liver cancer due to alcohol use,Rate,2020,5.532388634273579,6.617593924537615,4.431081100092112
Deaths,Burundi,Both,All ages,Alcoholic cardiomyopathy,Rate,2020,0.0007237917936518978,0.005034872331825392,8.15968729695721e-05
Deaths,Oman,Both,All ages,Liver cancer due to alcohol use,Rate,2020,0.15541735215736205,0.23297242651631683,0.10209298418459815
Deaths,Congo,Both,All ages,Alcoholic cardiomyopathy,Rate,2020,0.0015226359266157271,0.008826278840190133,0.0002851767121899391
Deaths,Ukraine,Both,All ages,Alcoholic cardiomyopathy,Rate,2020,19.78959332689293,24.028923931154814,16.283305966999663
Deaths,Albania,Both,All ages,Cirrhosis due to alcohol,Rate,2020,3.8911345210146786,5.229602497544388,2.746356187637263
Deaths,Paraguay,Both,All ages,Alcoholic cardiomyopathy,Rate,2020,0.10817249485333302,0.23304808457887544,0.025282739446312874
Deaths,Benin,Both,All ages,Cirrhosis due to alcohol,Rate,2020,2.3271307274177304,3.5461125880066833,1.4554834752426085
Deaths,Israel,Both,All ages,Liver cancer due to alcohol use,Rate,2020,0.7791647141671959,1.0356147400023432,0.5577051846925063
Deaths,Slovenia,Both,All ages,Liver cancer due to alcohol use,Rate,2020,4.040304592133872,5.190685333338401,3.008782030993441
Deaths,Somalia,Both,All ages,Alcohol use disorders,Rate,2020,0.8875772013843739,1.43287346336633,0.5637017586088136
Deaths,Bahrain,Both,All ages,Alcohol use disorders,Rate,2020,0.11442052753427351,0.18320880950068788,0.08159019008619071
Deaths,Marshall Islands,Both,All ages,Liver cancer due to alcohol use,Rate,2020,0.29577070164669306,0.577424810941428,0.14901711055709624
Deaths,Republic of Nauru,Both,All ages,Cirrhosis due to alcohol,Rate,2020,2.5304987797465643,4.175559162187498,1.0756915646268477
Deaths,Ecuador,Both,All ages,Cirrhosis due to alcohol,Rate,2020,6.829480148812927,8.972655382478203,4.949840530558727
Deaths,Principality of Monaco,Both,All ages,Liver cancer due to alcohol use,Rate,2020,6.5953162654525395,10.098963798894328,4.164608232476784
Deaths,Saint Kitts and Nevis,Both,All ages,Liver cancer due to alcohol use,Rate,2020,1.2763804010440178,1.6781955610580301,0.8839030091420433
Deaths,Marshall Islands,Both,All ages,Alcoholic cardiomyopathy,Rate,2020,0.04366207977574024,0.09398496751822416,0.005778970815901084
Deaths,Egypt,Both,All ages,Cirrhosis due to alcohol,Rate,2020,1.2750303306400055,1.913329883026313,0.7443999513883994
Deaths,Democratic Republic of the Congo,Both,All ages,Cirrhosis due to alcohol,Rate,2020,3.76185236788728,5.798934549474702,2.111251293629567
Deaths,Principality of Monaco,Both,All ages,Alcoholic cardiomyopathy,Rate,2020,4.106096631927057,6.249159304767646,1.5183118322235398
Deaths,Andorra,Both,All ages,Liver cancer due to alcohol use,Rate,2020,5.6681255957257335,8.669331540272646,3.6032506669438416
Deaths,Israel,Both,All ages,Alcoholic cardiomyopathy,Rate,2020,0.06323905934968035,0.07458627088688759,0.05378152401740175
Deaths,Guatemala,Both,All ages,Liver cancer due to alcohol use,Rate,2020,0.8322191293538296,1.0892313305659393,0.6034085876187337
Deaths,Comoros,Both,All ages,Alcohol use disorders,Rate,2020,1.3322654771922307,2.0320961926367707,0.8520805498112052
Deaths,Cameroon,Both,All ages,Liver cancer due to alcohol use,Rate,2020,1.0064639822113364,1.8143152324389853,0.5396303682611322
Deaths,Belarus,Both,All ages,Liver cancer due to alcohol use,Rate,2020,1.7730876082474853,2.2926786757810627,1.2922596388487786
Deaths,Belarus,Both,All ages,Alcohol use disorders,Rate,2020,27.779154596949443,31.135315736469035,24.46119659066205
Deaths,Northern Mariana Islands,Both,All ages,Alcohol use disorders,Rate,2020,2.437145768208688,3.3919839538857466,1.6058708023975523
Deaths,Liberia,Both,All ages,Alcohol use disorders,Rate,2020,0.9377983026425055,1.3816568202267423,0.5542647767935592
Deaths,Bangladesh,Both,All ages,Liver cancer due to alcohol use,Rate,2020,0.35330820246719546,0.5382394381651716,0.2156264158227426
Deaths,Republic of Nauru,Both,All ages,Alcohol use disorders,Rate,2020,1.0468095249248288,1.7569942086518802,0.5071450497225026
Deaths,Federated States of Micronesia,Both,All ages,Alcohol use disorders,Rate,2020,1.0951819312399862,1.6675938224303917,0.6173456035126661
Deaths,Saint Kitts and Nevis,Both,All ages,Alcoholic cardiomyopathy,Rate,2020,2.50531697484528,3.391123482877591,1.9445703682523863
Deaths,Belarus,Both,All ages,Alcoholic cardiomyopathy,Rate,2020,8.527449782825581,10.047092509283296,7.241271135448144
Deaths,United Republic of Tanzania,Both,All ages,Cirrhosis due to alcohol,Rate,2020,2.7988607889288724,4.202821260920674,1.760034111754946
Deaths,Austria,Both,All ages,Alcohol use disorders,Rate,2020,5.233103953419374,5.503963729204533,4.9722310550675966
Deaths,Cameroon,Both,All ages,Alcoholic cardiomyopathy,Rate,2020,0.027932076592918863,0.06979330529146488,0.003896559718785998
Deaths,Republic of Niue,Both,All ages,Cirrhosis due to alcohol,Rate,2020,3.2357516209381756,4.905973126561271,1.8498779923509598
Deaths,Qatar,Both,All ages,Alcohol use disorders,Rate,2020,0.07232764964336738,0.11400842893029509,0.04182493526717948
Deaths,Estonia,Both,All ages,Cirrhosis due to alcohol,Rate,2020,10.883279436483575,12.775532601752005,8.909757979991992
Deaths,Northern Mariana Islands,Both,All ages,Alcoholic cardiomyopathy,Rate,2020,0.1533544147169025,0.44609981484949607,0.046021488927357766
Deaths,Philippines,Both,All ages,Liver cancer due to alcohol use,Rate,2020,1.1542856074456749,1.3838459938398366,0.962152959377892
Deaths,Philippines,Both,All ages,Alcohol use disorders,Rate,2020,0.494039741393078,0.5779161896631496,0.3733659634774453
Deaths,Italy,Both,All ages,Alcohol use disorders,Rate,2020,0.48392834536687523,0.5074380211800338,0.45840707359137817
Deaths,Estonia,Both,All ages,Alcohol use disorders,Rate,2020,12.197228792086124,13.148133876734382,11.156925110349732
Deaths,Papua New Guinea,Both,All ages,Cirrhosis due to alcohol,Rate,2020,0.8249528286594019,1.250929691306258,0.5070123015373088
Deaths,Austria,Both,All ages,Alcoholic cardiomyopathy,Rate,2020,1.7548325515336314,1.9440734381622533,1.5826236467180856
Deaths,Northern Mariana Islands,Both,All ages,Liver cancer due to alcohol use,Rate,2020,0.8772051064679715,1.4668369599532063,0.5236494693973103
Deaths,Finland,Both,All ages,Cirrhosis due to alcohol,Rate,2020,8.352751209683872,9.946696183068024,6.739372006515137
Deaths,Republic of Palau,Both,All ages,Cirrhosis due to alcohol,Rate,2020,3.555992541361182,5.714741275271931,2.036580272168306
Deaths,Comoros,Both,All ages,Alcoholic cardiomyopathy,Rate,2020,0.0008009712018832701,0.006345229062410715,0.00013988351642591425
Deaths,Belgium,Both,All ages,Cirrhosis due to alcohol,Rate,2020,5.544135389306317,6.531870976649912,4.57757536464388
Deaths,Argentina,Both,All ages,Cirrhosis due to alcohol,Rate,2020,4.365782329436561,5.431970160943436,3.2874495699508186
Deaths,Gabon,Both,All ages,Liver cancer due to alcohol use,Rate,2020,1.0817789760732563,1.8225197829782462,0.5805543420796849
Deaths,Philippines,Both,All ages,Alcoholic cardiomyopathy,Rate,2020,0.061262716913880196,0.1216000636736425,0.012881866907874445
Deaths,Qatar,Both,All ages,Alcoholic cardiomyopathy,Rate,2020,0.015444080804367039,0.05139021554315869,0.003444268372804206
Deaths,Bahrain,Both,All ages,Liver cancer due to alcohol use,Rate,2020,0.21345438101056996,0.33580630570377745,0.12502017495275766
Deaths,North Macedonia,Both,All ages,Alcohol use disorders,Rate,2020,1.2905120804545551,1.776536778886381,0.8177582572558688
Deaths,Somalia,Both,All ages,Liver cancer due to alcohol use,Rate,2020,0.36750138997234677,0.7665421685797651,0.15194508509520213
Deaths,Republic of Cabo Verde,Both,All ages,Alcohol use disorders,Rate,2020,1.0332978018418348,1.511602180091097,0.6723237545234251
Deaths,Bahrain,Both,All ages,Alcoholic cardiomyopathy,Rate,2020,0.07299376479692532,0.16430610425379474,0.02160431957011479
Deaths,Bangladesh,Both,All ages,Alcoholic cardiomyopathy,Rate,2020,0.0927375901666604,0.27416504194796604,0.01399633780552713
Deaths,North Macedonia,Both,All ages,Alcoholic cardiomyopathy,Rate,2020,3.254447144186856,6.592847767035185,0.6423245954648823
Deaths,Belarus,Both,All ages,Cirrhosis due to alcohol,Rate,2020,9.26671624670524,11.339784184243149,7.186165018511199
Deaths,Luxembourg,Both,All ages,Cirrhosis due to alcohol,Rate,2020,5.368110981053179,6.290526722287114,4.299391687862816
Deaths,Gabon,Both,All ages,Alcoholic cardiomyopathy,Rate,2020,0.0013666977834274243,0.007262547023341695,0.0002380076396617305
Deaths,Somalia,Both,All ages,Alcoholic cardiomyopathy,Rate,2020,0.000771656893783435,0.004468656446963181,6.446057378997559e-05
Deaths,Sri Lanka,Both,All ages,Cirrhosis due to alcohol,Rate,2020,3.449852763029525,5.6457447566670105,1.9612542062627514
Deaths,Honduras,Both,All ages,Alcohol use disorders,Rate,2020,3.5533304319529355,5.124419692093228,2.3397707635886924
Deaths,Saudi Arabia,Both,All ages,Cirrhosis due to alcohol,Rate,2020,0.5856204211455817,0.9186286790250576,0.33147398278056606
Deaths,Antigua and Barbuda,Both,All ages,Cirrhosis due to alcohol,Rate,2020,6.112123282385733,7.543149668954154,4.710770096552423
Deaths,Zambia,Both,All ages,Liver cancer due to alcohol use,Rate,2020,0.35977715809486677,0.9244171211723667,0.14204746771961593
Deaths,Egypt,Both,All ages,Alcohol use disorders,Rate,2020,0.008600059504440056,0.013307664914644529,0.006889333046117803
Deaths,Sri Lanka,Both,All ages,Alcohol use disorders,Rate,2020,0.9179643174153742,1.5619075306217372,0.5134144184087187
Deaths,Mali,Both,All ages,Cirrhosis due to alcohol,Rate,2020,2.118495234378516,3.2667342727567537,1.304156862732361
Deaths,Honduras,Both,All ages,Alcoholic cardiomyopathy,Rate,2020,0.14549834426780128,0.2898610107616183,0.0239314054279011
Deaths,Djibouti,Both,All ages,Cirrhosis due to alcohol,Rate,2020,3.5422637308281284,5.536841148608651,1.9804055028921508
Deaths,Montenegro,Both,All ages,Cirrhosis due to alcohol,Rate,2020,4.913201645035807,6.4292562017297294,3.747764359316355
Deaths,Republic of San Marino,Both,All ages,Alcohol use disorders,Rate,2020,0.31000393063583914,0.4612300909924022,0.16344396388424742
Deaths,Colombia,Both,All ages,Liver cancer due to alcohol use,Rate,2020,0.6936082195539505,0.9043037368991433,0.5180530570480272
Deaths,Colombia,Both,All ages,Alcohol use disorders,Rate,2020,0.17425831351618812,0.18980154509255578,0.15885371235285062
Deaths,Germany,Both,All ages,Liver cancer due to alcohol use,Rate,2020,4.192543116103645,5.192029275848027,3.214354709580671
Deaths,Republic of Cabo Verde,Both,All ages,Liver cancer due to alcohol use,Rate,2020,1.8921792511463646,2.8330273869433378,1.1591149427813856
Deaths,United Republic of Tanzania,Both,All ages,Alcohol use disorders,Rate,2020,1.0080883995001844,1.5397752140512,0.6313389194977179
Deaths,Barbados,Both,All ages,Liver cancer due to alcohol use,Rate,2020,1.5406867763995882,2.063679511322497,1.0975683104117386
Deaths,Chad,Both,All ages,Cirrhosis due to alcohol,Rate,2020,3.2311714495741857,5.068681973390019,1.9230493914503226
Deaths,Republic of Palau,Both,All ages,Alcohol use disorders,Rate,2020,1.1160208096195348,1.596073224826109,0.7169570882599168
Deaths,Namibia,Both,All ages,Liver cancer due to alcohol use,Rate,2020,0.4164825455238508,0.601093605233417,0.27381965765689137
Deaths,Commonwealth of the Bahamas,Both,All ages,Cirrhosis due to alcohol,Rate,2020,6.6104040185110895,8.640866800762645,4.943410222924886
Deaths,Bhutan,Both,All ages,Alcohol use disorders,Rate,2020,0.4756957848882632,0.8766890760242774,0.018828951426424892
Deaths,Republic of Palau,Both,All ages,Alcoholic cardiomyopathy,Rate,2020,0.041531021511369205,0.0873258513556967,0.005232875602676256
Deaths,Uganda,Both,All ages,Cirrhosis due to alcohol,Rate,2020,2.4706776251895306,3.855431168067227,1.4634342894399075
Deaths,Mexico,Both,All ages,Cirrhosis due to alcohol,Rate,2020,11.642651961046779,13.391534819459038,10.192715969347624
Deaths,Barbados,Both,All ages,Alcoholic cardiomyopathy,Rate,2020,3.928405089320447,4.916191403842557,3.098475065222368
Deaths,Thailand,Both,All ages,Cirrhosis due to alcohol,Rate,2020,7.932753330178438,10.808536319530438,5.2436419331875
Deaths,Netherlands,Both,All ages,Liver cancer due to alcohol use,Rate,2020,2.1660360712773192,2.7148671097965327,1.7026654237470502
Deaths,Bhutan,Both,All ages,Alcoholic cardiomyopathy,Rate,2020,0.07269467031634048,0.22426337763256174,0.012712813552429284
Deaths,Sudan,Both,All ages,Alcoholic cardiomyopathy,Rate,2020,0.031015706819937407,0.06788086674375886,0.008730517304534453
Deaths,Haiti,Both,All ages,Liver cancer due to alcohol use,Rate,2020,0.2128391526198922,0.4302912436176549,0.10365815226273015
Deaths,Libya,Both,All ages,Liver cancer due to alcohol use,Rate,2020,0.43681539638846284,0.6795944068953451,0.27666076203553425
Deaths,Japan,Both,All ages,Liver cancer due to alcohol use,Rate,2020,2.33484281567172,2.798368899481881,1.9755043251808984
Deaths,Tokelau,Both,All ages,Cirrhosis due to alcohol,Rate,2020,2.299102443980794,3.4051110712627017,1.4612792705048152
Deaths,Republic of Cabo Verde,Both,All ages,Alcoholic cardiomyopathy,Rate,2020,0.011107596157211524,0.0262318392460055,0.001459549098976532
Deaths,Azerbaijan,Both,All ages,Liver cancer due to alcohol use,Rate,2020,2.2671715620748274,3.684329921995907,1.2418539041168897
Deaths,Belize,Both,All ages,Alcohol use disorders,Rate,2020,2.5786556517743344,2.9373787992050957,2.2933915363393327
Deaths,Niger,Both,All ages,Liver cancer due to alcohol use,Rate,2020,0.47936834368550985,0.8368108614857249,0.2871726123385586
Deaths,Libya,Both,All ages,Alcoholic cardiomyopathy,Rate,2020,0.0378794560776231,0.0784330715503632,0.010598641153665565
Deaths,India,Both,All ages,Cirrhosis due to alcohol,Rate,2020,6.281874891176425,8.136325806517286,4.371014435049485
Deaths,Belize,Both,All ages,Alcoholic cardiomyopathy,Rate,2020,1.4223087830957475,1.6355876499164463,1.2395089593432176
Deaths,Greece,Both,All ages,Alcohol use disorders,Rate,2020,0.49695979143300645,0.527504240104017,0.46605004223680796
Deaths,Republic of the Gambia,Both,All ages,Liver cancer due to alcohol use,Rate,2020,2.5610187460681915,4.3025281478607384,1.4642885507602879
Deaths,Norway,Both,All ages,Alcohol use disorders,Rate,2020,3.045350573255282,3.17906260996111,2.874310834613866
Deaths,Norway,Both,All ages,Alcoholic cardiomyopathy,Rate,2020,0.3021034622872222,0.3376907100215828,0.27087587329281254
Deaths,Haiti,Both,All ages,Alcoholic cardiomyopathy,Rate,2020,1.1302449538877155,2.2812499184987187,0.3340952256225959
Deaths,Chad,Both,All ages,Alcohol use disorders,Rate,2020,0.7663057224038361,1.0732160546586043,0.4672650290905664
Deaths,Cuba,Both,All ages,Cirrhosis due to alcohol,Rate,2020,8.118847478889437,9.784847653881812,6.601774759061471
Deaths,Portugal,Both,All ages,Cirrhosis due to alcohol,Rate,2020,6.937210791181478,8.08343036919959,5.678404947334407
Deaths,Lithuania,Both,All ages,Liver cancer due to alcohol use,Rate,2020,2.7481739183136726,3.423499202745065,2.09854829936389
Deaths,Morocco,Both,All ages,Alcohol use disorders,Rate,2020,0.12686226304772305,0.17406479274129863,0.06814475835030927
Deaths,Chad,Both,All ages,Alcoholic cardiomyopathy,Rate,2020,0.02453506394850596,0.06687615137911367,0.003545880249137232
Deaths,Ghana,Both,All ages,Liver cancer due to alcohol use,Rate,2020,0.7362826748727772,1.1945832221788553,0.45190640042935437
Deaths,Ghana,Both,All ages,Alcohol use disorders,Rate,2020,1.0403671628247697,1.396174275443712,0.6984562285633873
Deaths,Ghana,Both,All ages,Alcoholic cardiomyopathy,Rate,2020,0.13674011481861703,0.3293913112037576,0.022763163175617766
Deaths,Guinea,Both,All ages,Cirrhosis due to alcohol,Rate,2020,2.738888521683039,4.22821458123912,1.6560899192667617
Deaths,Namibia,Both,All ages,Alcoholic cardiomyopathy,Rate,2020,0.002171919229731287,0.007597825755400402,0.00045552150917238944
Deaths,United States Virgin Islands,Both,All ages,Liver cancer due to alcohol use,Rate,2020,2.021477616304399,3.1726701627891134,1.2606072417023886
Deaths,Turkey,Both,All ages,Liver cancer due to alcohol use,Rate,2020,0.4859564517853454,0.7161690335062988,0.3182137649790377
Deaths,Republic of Côte d'Ivoire,Both,All ages,Cirrhosis due to alcohol,Rate,2020,2.8731052467787643,4.239144025106103,1.8609740942918536
Deaths,Greece,Both,All ages,Alcoholic cardiomyopathy,Rate,2020,0.22092235027391777,0.2592194664259433,0.18924801099024555
Deaths,Kenya,Both,All ages,Liver cancer due to alcohol use,Rate,2020,0.4304206351864828,0.6079796230929818,0.31539782923153203
Deaths,American Samoa,Both,All ages,Alcohol use disorders,Rate,2020,1.1449253210036252,1.4952290031325526,0.8014053395857625
Deaths,Jamaica,Both,All ages,Alcohol use disorders,Rate,2020,0.3593541588018679,0.4737944074386506,0.26487135328648836
Deaths,Jamaica,Both,All ages,Alcoholic cardiomyopathy,Rate,2020,1.180142286619442,1.5673284016939226,0.8387159144854177
Deaths,Turkey,Both,All ages,Alcoholic cardiomyopathy,Rate,2020,0.013566178481333813,0.027084293741201373,0.0025338484593480297
Deaths,Iceland,Both,All ages,Cirrhosis due to alcohol,Rate,2020,1.3876800793732351,1.6502901335150253,1.122099259540917
Deaths,Georgia,Both,All ages,Alcohol use disorders,Rate,2020,1.479794046012198,1.6892528317799536,1.285053417849075
Deaths,Bermuda,Both,All ages,Cirrhosis due to alcohol,Rate,2020,5.025552735788029,6.286871394419301,3.889270259944344
Deaths,United Arab Emirates,Both,All ages,Alcohol use disorders,Rate,2020,0.18028260960796652,0.2376638339357142,0.12156584891866733
Deaths,Socialist Republic of Viet Nam,Both,All ages,Liver cancer due to alcohol use,Rate,2020,3.4782776142196528,5.39834440123924,2.1043656644274003
Deaths,Kenya,Both,All ages,Alcoholic cardiomyopathy,Rate,2020,0.0004984973255842056,0.003322201787205094,9.455205063087047e-05
Deaths,Saint Lucia,Both,All ages,Cirrhosis due to alcohol,Rate,2020,8.37945577149077,10.353144104954046,6.559465535710754
Deaths,South Africa,Both,All ages,Alcohol use disorders,Rate,2020,1.223241661403347,1.440608654048087,0.9133618492335756
Deaths,Palestine,Both,All ages,Cirrhosis due to alcohol,Rate,2020,0.27223706429235683,0.413678724608511,0.15970120744688795
Deaths,United Arab Emirates,Both,All ages,Alcoholic cardiomyopathy,Rate,2020,0.03031362596479453,0.08347122505226891,0.00794868755904673
Deaths,Nigeria,Both,All ages,Liver cancer due to alcohol use,Rate,2020,0.3292203620338201,0.46973417338960116,0.21759574784950617
Deaths,Nigeria,Both,All ages,Alcohol use disorders,Rate,2020,0.6192247080809119,0.9439118587299133,0.3243407676988328
Deaths,Georgia,Both,All ages,Alcoholic cardiomyopathy,Rate,2020,0.5463919940866306,0.6949719750475247,0.4232400053386018
Deaths,Madagascar,Both,All ages,Alcohol use disorders,Rate,2020,0.9000277546173711,1.3799212291463578,0.5916360966217903
Deaths,Bolivarian Republic of Venezuela,Both,All ages,Liver cancer due to alcohol use,Rate,2020,0.7314197665012254,1.039369511907871,0.5132315257658092
Deaths,Serbia,Both,All ages,Liver cancer due to alcohol use,Rate,2020,3.078984217759639,4.244649431006551,2.108187671377847
Deaths,Kazakhstan,Both,All ages,Cirrhosis due to alcohol,Rate,2020,15.201701522783576,19.022837110538404,11.810920462602889
Deaths,Kingdom of Eswatini,Both,All ages,Cirrhosis due to alcohol,Rate,2020,3.706386643446908,5.857195977078376,2.2286735455889306
Deaths,Nigeria,Both,All ages,Alcoholic cardiomyopathy,Rate,2020,0.019013621320298917,0.04439040276365012,0.002354519788552738
Deaths,Greenland,Both,All ages,Liver cancer due to alcohol use,Rate,2020,3.048301943305131,4.154104593610012,2.186009082249059
Deaths,Serbia,Both,All ages,Alcoholic cardiomyopathy,Rate,2020,5.242511427920081,8.192679742256788,1.305136534388398
Deaths,China,Both,All ages,Liver cancer due to alcohol use,Rate,2020,1.2733622931006152,1.6505696877912837,0.9516002264023125
Deaths,Qatar,Both,All ages,Liver cancer due to alcohol use,Rate,2020,0.32366065121105736,0.529603075703096,0.18678394390565156
Deaths,Bolivarian Republic of Venezuela,Both,All ages,Alcoholic cardiomyopathy,Rate,2020,0.3682403208796044,0.4783677673381708,0.2722393004368796
Deaths,Fiji,Both,All ages,Cirrhosis due to alcohol,Rate,2020,1.1373608734503673,1.7544668559979157,0.6890153518784609
Deaths,Sao Tome and Principe,Both,All ages,Cirrhosis due to alcohol,Rate,2020,5.641184646332142,8.594436195035962,3.0444902776990004
Deaths,Italy,Both,All ages,Liver cancer due to alcohol use,Rate,2020,2.5751909201042094,2.9958045378748004,2.2261949239542873
Deaths,Trinidad and Tobago,Both,All ages,Liver cancer due to alcohol use,Rate,2020,0.9331736252971639,1.2606845196667509,0.6506710849604893
Deaths,Italy,Both,All ages,Alcoholic cardiomyopathy,Rate,2020,0.19495332611662153,0.22471966292469014,0.16172642610008067
Deaths,Sao Tome and Principe,Both,All ages,Alcohol use disorders,Rate,2020,0.8103046651293851,1.2347660321578828,0.4970993583275321
Deaths,Guam,Both,All ages,Alcohol use disorders,Rate,2020,0.2850847365256577,0.55725887617582,0.22680611204036344
Deaths,Saudi Arabia,Both,All ages,Liver cancer due to alcohol use,Rate,2020,0.13883945752126164,0.22444754232418848,0.08465590070878876
Deaths,Malawi,Both,All ages,Cirrhosis due to alcohol,Rate,2020,3.6848984303216064,5.2404174774141845,2.375337972283342
Deaths,Trinidad and Tobago,Both,All ages,Alcoholic cardiomyopathy,Rate,2020,1.0835194963739136,1.4084228335820754,0.7864092965445472
Deaths,Slovakia,Both,All ages,Alcohol use disorders,Rate,2020,3.1346231670668563,3.9745909742072554,2.1402915169757457
Deaths,Guam,Both,All ages,Alcoholic cardiomyopathy,Rate,2020,0.11829198419958656,0.23708545778532883,0.026425284792764105
Deaths,Democratic People's Republic of Korea,Both,All ages,Alcohol use disorders,Rate,2020,1.2387139075499078,1.7675045353947865,0.7754965957411669
Deaths,Saudi Arabia,Both,All ages,Alcohol use disorders,Rate,2020,0.012262007241280787,0.016499975050832852,0.008851939903985745
Deaths,Luxembourg,Both,All ages,Alcohol use disorders,Rate,2020,3.541493571986666,3.8604526905372123,3.2543355159874157
Deaths,Canada,Both,All ages,Alcohol use disorders,Rate,2020,3.6376443497392676,3.790668910246873,3.475478442407589
Deaths,Brazil,Both,All ages,Cirrhosis due to alcohol,Rate,2020,5.351435549227907,5.89248674096776,4.908084178823808
Deaths,Senegal,Both,All ages,Cirrhosis due to alcohol,Rate,2020,2.2716898300100357,3.52891686798723,1.3523836884360114
Deaths,Slovakia,Both,All ages,Alcoholic cardiomyopathy,Rate,2020,2.1802422758108206,3.3365851094170287,0.4535314118070371
Deaths,Saudi Arabia,Both,All ages,Alcoholic cardiomyopathy,Rate,2020,0.03754890435547137,0.06643004513172578,0.006831077512441131
Deaths,Democratic People's Republic of Korea,Both,All ages,Alcoholic cardiomyopathy,Rate,2020,0.19626725920379243,0.4390427041246425,0.058790880042706106
Deaths,Canada,Both,All ages,Alcoholic cardiomyopathy,Rate,2020,0.9895643063296132,1.0958985850740792,0.8980432067872872
Deaths,Tajikistan,Both,All ages,Liver cancer due to alcohol use,Rate,2020,0.5224621334064173,0.832761795003947,0.2904014528799143
Deaths,Angola,Both,All ages,Cirrhosis due to alcohol,Rate,2020,3.6172016307290353,5.573304092707526,2.195739633352245
Deaths,Slovenia,Both,All ages,Cirrhosis due to alcohol,Rate,2020,9.004648009334668,10.746247768083427,7.25312570025673
Deaths,Syrian Arab Republic,Both,All ages,Cirrhosis due to alcohol,Rate,2020,0.6838786182457359,1.1311900470476857,0.38107746444651813
Deaths,Mozambique,Both,All ages,Liver cancer due to alcohol use,Rate,2020,1.627965213373086,3.5611253585087725,0.7819011269391553
Deaths,Malta,Both,All ages,Cirrhosis due to alcohol,Rate,2020,3.0872606270553384,3.692669208833617,2.4813746747535284
Deaths,United States of America,Both,All ages,Cirrhosis due to alcohol,Rate,2020,6.5187661889405435,7.351799311620855,5.740554916914104
Deaths,Syrian Arab Republic,Both,All ages,Alcohol use disorders,Rate,2020,0.21087559239862003,0.2872322320424331,0.1430776982539697
Deaths,Taiwan (Province of China),Both,All ages,Cirrhosis due to alcohol,Rate,2020,5.2755931320415606,6.994674381305438,3.7816373922346456
Deaths,Benin,Both,All ages,Liver cancer due to alcohol use,Rate,2020,0.8370744131669249,1.2518230248033726,0.5308348084690199
Deaths,Benin,Both,All ages,Alcohol use disorders,Rate,2020,0.7426269803926124,1.0618247954140159,0.44933733845133156
Deaths,Tajikistan,Both,All ages,Alcoholic cardiomyopathy,Rate,2020,0.0005108479812535628,0.001283572846273455,4.541929317451624e-05
Deaths,Federated States of Micronesia,Both,All ages,Liver cancer due to alcohol use,Rate,2020,0.4483284842907961,0.852498491651806,0.24204563710006252
Deaths,Plurinational State of Bolivia,Both,All ages,Cirrhosis due to alcohol,Rate,2020,10.539232817369617,15.333112663523009,6.371093467817927
Deaths,Benin,Both,All ages,Alcoholic cardiomyopathy,Rate,2020,0.021506926012446033,0.05250531560563139,0.0029223176841745207
Deaths,Federated States of Micronesia,Both,All ages,Alcoholic cardiomyopathy,Rate,2020,0.055602471638289415,0.11741158915436938,0.007461577748272963
Deaths,Turkmenistan,Both,All ages,Alcohol use disorders,Rate,2020,2.7413524298183707,3.5146751602982147,2.14010391552205
Deaths,Tunisia,Both,All ages,Cirrhosis due to alcohol,Rate,2020,0.8020550963594446,1.2436779648419642,0.4488565352210763
Deaths,Togo,Both,All ages,Liver cancer due to alcohol use,Rate,2020,0.5806165606967733,0.9978154791940067,0.3310235341251175
Deaths,Burkina Faso,Both,All ages,Cirrhosis due to alcohol,Rate,2020,2.661987501258312,3.8941039531383685,1.5944652221578604
Deaths,Congo,Both,All ages,Liver cancer due to alcohol use,Rate,2020,0.5869270302390631,1.1848249695254056,0.2836650391718893
Deaths,Rwanda,Both,All ages,Alcohol use disorders,Rate,2020,1.563529973004594,2.226332895753723,1.1139471266443428
Deaths,Turkmenistan,Both,All ages,Alcoholic cardiomyopathy,Rate,2020,0.539713830767057,0.964381439334215,0.28733855355346877
Deaths,Norway,Both,All ages,Liver cancer due to alcohol use,Rate,2020,2.0052619672420215,2.2759335890804486,1.775519565815806
Deaths,Papua New Guinea,Both,All ages,Alcohol use disorders,Rate,2020,0.7413445914875316,1.2244175181453463,0.365041882390423
Deaths,Rwanda,Both,All ages,Alcoholic cardiomyopathy,Rate,2020,0.0006582030538892738,0.004608578437115366,0.00010338744073613154
Deaths,Uzbekistan,Both,All ages,Cirrhosis due to alcohol,Rate,2020,8.774378356547041,11.304773856381455,6.737582865638065
Deaths,Estonia,Both,All ages,Liver cancer due to alcohol use,Rate,2020,3.2106807134267017,4.058991227287519,2.4626089923646806
Deaths,Republic of Nauru,Both,All ages,Liver cancer due to alcohol use,Rate,2020,0.43688436574136585,0.7588952702074657,0.242554102774669
Deaths,Cameroon,Both,All ages,Cirrhosis due to alcohol,Rate,2020,2.4739957953480243,3.9123245982376704,1.4023434864664153
Deaths,Seychelles,Both,All ages,Cirrhosis due to alcohol,Rate,2020,6.37724229392508,8.731058089183193,4.40170909578137
Deaths,Samoa,Both,All ages,Cirrhosis due to alcohol,Rate,2020,1.6498538323412506,2.5071092037901472,0.9982095668954944
Deaths,Estonia,Both,All ages,Alcoholic cardiomyopathy,Rate,2020,6.609141196966388,7.482932155516353,5.7965613054454606
Deaths,Peru,Both,All ages,Liver cancer due to alcohol use,Rate,2020,0.6809225359211573,0.9787766687317846,0.45424563000642326
Deaths,Democratic Republic of the Congo,Both,All ages,Alcohol use disorders,Rate,2020,0.9812523103964205,1.365155257859208,0.6628294044355041
Deaths,United Arab Emirates,Both,All ages,Liver cancer due to alcohol use,Rate,2020,0.4064160689799433,0.6547254568157596,0.23557745075451153
Deaths,Antigua and Barbuda,Both,All ages,Liver cancer due to alcohol use,Rate,2020,1.1184525386742168,1.4311169151137668,0.8283432200851397
Deaths,Antigua and Barbuda,Both,All ages,Alcohol use disorders,Rate,2020,8.476907207530301,9.580312203198282,7.5035721669691196
Deaths,Indonesia,Both,All ages,Liver cancer due to alcohol use,Rate,2020,0.5886752475723601,0.9489678278748452,0.3776864491716605
Deaths,Latvia,Both,All ages,Alcohol use disorders,Rate,2020,10.856085596230978,11.68125242226815,9.878846774701664
Deaths,Portugal,Both,All ages,Liver cancer due to alcohol use,Rate,2020,4.3513294900698485,5.434379781185463,3.388732411850548
Deaths,Portugal,Both,All ages,Alcohol use disorders,Rate,2020,1.463422444660599,1.5487706646014252,1.375749820991759
Deaths,Algeria,Both,All ages,Cirrhosis due to alcohol,Rate,2020,0.39787233064166144,0.6284365131108273,0.23749203837904612
Deaths,Republic of Nauru,Both,All ages,Alcoholic cardiomyopathy,Rate,2020,0.0485240265473174,0.08850422370412434,0.006617918612224368
Deaths,Algeria,Both,All ages,Alcohol use disorders,Rate,2020,0.11025496766163544,0.14800592123494766,0.05127562927442337
Deaths,Democratic Republic of the Congo,Both,All ages,Alcoholic cardiomyopathy,Rate,2020,0.001483412936103872,0.008897709374079237,0.0002215325983539069
Deaths,Antigua and Barbuda,Both,All ages,Alcoholic cardiomyopathy,Rate,2020,1.0713780668276933,1.3164228369045319,0.8823784031040591
Deaths,Portugal,Both,All ages,Alcoholic cardiomyopathy,Rate,2020,0.6162334985615119,0.7124872868881746,0.527215979133517
Deaths,Somalia,Both,All ages,Cirrhosis due to alcohol,Rate,2020,3.6068169785554973,5.918335803354226,1.981723145790178
Deaths,Republic of Niue,Both,All ages,Alcohol use disorders,Rate,2020,1.1092996440654566,1.5191284447033666,0.6265931094831807
Deaths,Equatorial Guinea,Both,All ages,Cirrhosis due to alcohol,Rate,2020,1.9168474003643956,3.357420502950672,1.0021424192110306
Deaths,Spain,Both,All ages,Cirrhosis due to alcohol,Rate,2020,5.937936514574486,6.837596488469777,4.955826898620189
Deaths,Bahrain,Both,All ages,Cirrhosis due to alcohol,Rate,2020,0.4254178702744419,0.647974390786765,0.2542930682743485
Deaths,Yemen,Both,All ages,Alcohol use disorders,Rate,2020,0.0976272738513924,0.14253386379923297,0.042931113672455334
Deaths,Commonwealth of the Bahamas,Both,All ages,Alcohol use disorders,Rate,2020,4.7595762494265275,5.995161766990472,3.735268597538192
Deaths,Republic of Niue,Both,All ages,Alcoholic cardiomyopathy,Rate,2020,0.061262829804871105,0.10992537799956983,0.008179293749066667
Deaths,Chad,Both,All ages,Liver cancer due to alcohol use,Rate,2020,0.8027782294695597,1.4576198107732115,0.4368571054536182
Deaths,Spain,Both,All ages,Alcohol use disorders,Rate,2020,0.745811949185313,0.8029687723320934,0.6935332862871675
Deaths,Republic of Korea,Both,All ages,Alcohol use disorders,Rate,2020,1.919429570575226,2.223780470739516,1.48181942332171
Deaths,Colombia,Both,All ages,Cirrhosis due to alcohol,Rate,2020,2.4829122039302085,3.0564060767305685,1.894939275099611
Deaths,Yemen,Both,All ages,Alcoholic cardiomyopathy,Rate,2020,0.03773003510152708,0.08395709578167927,0.008984227687838032
Deaths,Northern Mariana Islands,Both,All ages,Cirrhosis due to alcohol,Rate,2020,4.420464976239426,6.703793122559679,2.714054557178651
Deaths,Barbados,Both,All ages,Cirrhosis due to alcohol,Rate,2020,5.273528803075604,6.770299560242,3.849401394867185
Deaths,Republic of Korea,Both,All ages,Alcoholic cardiomyopathy,Rate,2020,0.02008816083482766,0.053618316486114426,0.002049165234107402
Deaths,Uganda,Both,All ages,Liver cancer due to alcohol use,Rate,2020,0.6622496528119505,0.9487481285906151,0.4198780263628636
Deaths,Singapore,Both,All ages,Cirrhosis due to alcohol,Rate,2020,0.36232372473137703,0.4936338614760235,0.2499584418161294
Deaths,Republic of Côte d'Ivoire,Both,All ages,Alcohol use disorders,Rate,2020,1.0916489120766573,1.5373616904658494,0.6937040165529507
Deaths,Republic of Côte d'Ivoire,Both,All ages,Alcoholic cardiomyopathy,Rate,2020,0.03228688149909647,0.07150836541892294,0.0042802903860176865
Deaths,Zambia,Both,All ages,Alcohol use disorders,Rate,2020,1.070648218779241,1.5314054624305378,0.681054858019636
Deaths,Cuba,Both,All ages,Liver cancer due to alcohol use,Rate,2020,0.8290160715783792,1.055718263682346,0.6222880248426363
Deaths,Republic of the Gambia,Both,All ages,Cirrhosis due to alcohol,Rate,2020,2.338742547468754,3.5580682957528316,1.3963641163383105
Deaths,New Zealand,Both,All ages,Liver cancer due to alcohol use,Rate,2020,2.1993989798391445,2.5357012862649655,1.8768129513247793
Deaths,New Zealand,Both,All ages,Alcoholic cardiomyopathy,Rate,2020,1.7017225527592172,1.867146258339394,1.5405155482092532
Deaths,Andorra,Both,All ages,Cirrhosis due to alcohol,Rate,2020,5.40622412096801,7.526846879531075,3.571899420555039
Deaths,Belgium,Both,All ages,Liver cancer due to alcohol use,Rate,2020,2.9297588795110787,3.8276471850987965,2.2219779042480936
YLLs (Years of Life Lost),Bhutan,Both,All ages,Alcohol use disorders,Rate,1990,16.47559905166224,28.706063574855477,0.6286486134854624
YLLs (Years of Life Lost),Bhutan,Both,All ages,Alcoholic cardiomyopathy,Rate,1990,1.5544639341829525,4.844844011704565,0.3244768131752892
YLLs (Years of Life Lost),India,Both,All ages,Cirrhosis due to alcohol,Rate,1990,192.81103666868694,243.00546048549378,153.2380443659466
YLLs (Years of Life Lost),Honduras,Both,All ages,Alcoholic cardiomyopathy,Rate,1990,4.44096192759438,7.933195949235782,0.9333862462452857
YLLs (Years of Life Lost),Mexico,Both,All ages,Cirrhosis due to alcohol,Rate,1990,330.05544368679597,358.37167919689995,302.28628122878246
YLLs (Years of Life Lost),Kenya,Both,All ages,Liver cancer due to alcohol use,Rate,1990,6.246021980021913,10.05525928550206,4.2408175309488305
YLLs (Years of Life Lost),Argentina,Both,All ages,Cirrhosis due to alcohol,Rate,1990,162.59879789158757,201.60128757683063,122.47505712417754
YLLs (Years of Life Lost),Niger,Both,All ages,Liver cancer due to alcohol use,Rate,1990,32.52833514395156,58.68405945155506,13.9109617027039
YLLs (Years of Life Lost),Kenya,Both,All ages,Alcoholic cardiomyopathy,Rate,1990,0.01758289481715771,0.11260149247483882,0.0036248160865287467
YLLs (Years of Life Lost),Nigeria,Both,All ages,Liver cancer due to alcohol use,Rate,1990,12.382097087327816,22.83646006875456,5.214664127260368
YLLs (Years of Life Lost),Nigeria,Both,All ages,Alcohol use disorders,Rate,1990,32.678327850352176,47.094076878092956,20.560601097063458
YLLs (Years of Life Lost),Angola,Both,All ages,Cirrhosis due to alcohol,Rate,1990,201.83061500043323,301.6097913741902,121.06388188789526
YLLs (Years of Life Lost),Philippines,Both,All ages,Liver cancer due to alcohol use,Rate,1990,22.834197594497905,31.017063512175085,15.290094532710395
YLLs (Years of Life Lost),Philippines,Both,All ages,Alcohol use disorders,Rate,1990,22.768152667265404,26.526627295013657,12.848422248366644
YLLs (Years of Life Lost),Hungary,Both,All ages,Liver cancer due to alcohol use,Rate,1990,42.11129902405709,53.83501952632053,32.38132390040609
YLLs (Years of Life Lost),Madagascar,Both,All ages,Alcohol use disorders,Rate,1990,38.52174330556465,51.53542431535279,28.69321244301958
YLLs (Years of Life Lost),Libya,Both,All ages,Liver cancer due to alcohol use,Rate,1990,4.848768016689934,7.93203470938817,2.693347199536595
YLLs (Years of Life Lost),Haiti,Both,All ages,Liver cancer due to alcohol use,Rate,1990,6.372519231831771,11.762832156999075,3.305390696456618
YLLs (Years of Life Lost),Nigeria,Both,All ages,Alcoholic cardiomyopathy,Rate,1990,2.5823582267543177,5.365965038963702,0.2554050542669232
YLLs (Years of Life Lost),Japan,Both,All ages,Liver cancer due to alcohol use,Rate,1990,56.77336337639119,67.51905881930422,48.77444354040033
YLLs (Years of Life Lost),Bolivarian Republic of Venezuela,Both,All ages,Liver cancer due to alcohol use,Rate,1990,23.206737318669358,28.98752645657046,17.708158492588563
YLLs (Years of Life Lost),Germany,Both,All ages,Liver cancer due to alcohol use,Rate,1990,45.23199642609924,53.35378683915564,37.624218987189785
YLLs (Years of Life Lost),South Africa,Both,All ages,Alcohol use disorders,Rate,1990,48.4307377315476,58.00445068331848,32.786053531121965
YLLs (Years of Life Lost),China,Both,All ages,Liver cancer due to alcohol use,Rate,1990,19.19214715171148,24.735462230072006,14.70587711182032
YLLs (Years of Life Lost),American Samoa,Both,All ages,Alcohol use disorders,Rate,1990,43.1137134483192,55.78669369377211,25.39403570472227
YLLs (Years of Life Lost),Sao Tome and Principe,Both,All ages,Cirrhosis due to alcohol,Rate,1990,201.8704801100355,284.01561566633035,131.62299210033527
YLLs (Years of Life Lost),Azerbaijan,Both,All ages,Liver cancer due to alcohol use,Rate,1990,30.05860205010012,51.36114058531562,15.169342568537708
YLLs (Years of Life Lost),Mauritania,Both,All ages,Cirrhosis due to alcohol,Rate,1990,97.99983449253006,152.73638801910027,58.90081331062474
YLLs (Years of Life Lost),United States Virgin Islands,Both,All ages,Liver cancer due to alcohol use,Rate,1990,11.908078611390945,18.035983169316296,7.712645716553982
YLLs (Years of Life Lost),Philippines,Both,All ages,Alcoholic cardiomyopathy,Rate,1990,2.17977447759586,3.6527396702533226,0.4485019084371357
YLLs (Years of Life Lost),Bolivarian Republic of Venezuela,Both,All ages,Alcoholic cardiomyopathy,Rate,1990,18.272925713752677,21.42364978745755,16.04091683423983
YLLs (Years of Life Lost),Libya,Both,All ages,Alcoholic cardiomyopathy,Rate,1990,0.9158471956815302,1.6951876756034698,0.1601152432206816
YLLs (Years of Life Lost),Haiti,Both,All ages,Alcoholic cardiomyopathy,Rate,1990,33.10249701581526,63.730149944806975,14.561080417674576
YLLs (Years of Life Lost),North Macedonia,Both,All ages,Alcohol use disorders,Rate,1990,50.82085304014953,64.02638113215839,38.64526237290891
YLLs (Years of Life Lost),South Africa,Both,All ages,Liver cancer due to alcohol use,Rate,1990,17.858800892915927,30.304223374449464,9.795992910827891
YLLs (Years of Life Lost),Malawi,Both,All ages,Cirrhosis due to alcohol,Rate,1990,128.8604278265722,192.81886952136662,83.6282235843715
YLLs (Years of Life Lost),Kingdom of Eswatini,Both,All ages,Cirrhosis due to alcohol,Rate,1990,94.5052561420381,157.07986638235596,54.561452332951994
YLLs (Years of Life Lost),Sao Tome and Principe,Both,All ages,Alcohol use disorders,Rate,1990,23.35254880037785,30.84029709311033,13.444067240917272
YLLs (Years of Life Lost),Republic of Korea,Both,All ages,Alcohol use disorders,Rate,1990,104.46013671776085,113.56257483517824,83.28739599253566
YLLs (Years of Life Lost),Sri Lanka,Both,All ages,Cirrhosis due to alcohol,Rate,1990,183.16301006732334,271.6987636295923,114.80104280813367
YLLs (Years of Life Lost),Bhutan,Both,All ages,Cirrhosis due to alcohol,Rate,1990,139.9342112376054,268.22501350495673,75.5118007255451
YLLs (Years of Life Lost),Congo,Both,All ages,Liver cancer due to alcohol use,Rate,1990,25.78548875416449,47.55007348121553,11.48369998598769
YLLs (Years of Life Lost),North Macedonia,Both,All ages,Alcoholic cardiomyopathy,Rate,1990,74.81375249677274,129.6829197688924,27.700920605808363
YLLs (Years of Life Lost),Greece,Both,All ages,Alcohol use disorders,Rate,1990,8.774989849783777,9.202421532877471,8.330372007214095
YLLs (Years of Life Lost),Morocco,Both,All ages,Alcohol use disorders,Rate,1990,7.497885639748449,10.077365162456603,3.510080320947977
YLLs (Years of Life Lost),Bermuda,Both,All ages,Cirrhosis due to alcohol,Rate,1990,200.46914128908196,238.7938786695382,160.5141023431216
YLLs (Years of Life Lost),Sri Lanka,Both,All ages,Alcohol use disorders,Rate,1990,124.97462616841855,149.16533451821948,66.8093930937706
YLLs (Years of Life Lost),Montenegro,Both,All ages,Cirrhosis due to alcohol,Rate,1990,106.98498662068509,138.19165975117136,82.70132240124912
YLLs (Years of Life Lost),Jamaica,Both,All ages,Alcohol use disorders,Rate,1990,7.156113915343218,7.60558352425294,6.696556717443678
YLLs (Years of Life Lost),Solomon Islands,Both,All ages,Cirrhosis due to alcohol,Rate,2000,74.98527474244223,124.28451450554454,42.97766412758542
YLLs (Years of Life Lost),Georgia,Both,All ages,Alcohol use disorders,Rate,1990,93.24429722394856,103.1044968859457,85.04744418446151
YLLs (Years of Life Lost),Republic of Côte d'Ivoire,Both,All ages,Cirrhosis due to alcohol,Rate,2010,102.90118919278717,148.09053724343187,69.18146334868895
YLLs (Years of Life Lost),United Republic of Tanzania,Both,All ages,Liver cancer due to alcohol use,Rate,2010,12.319058907728271,19.68970488386198,7.765633464395772
YLLs (Years of Life Lost),Senegal,Both,All ages,Cirrhosis due to alcohol,Rate,1990,82.67329440363218,128.58447687467134,50.59239739404572
YLLs (Years of Life Lost),Jamaica,Both,All ages,Alcoholic cardiomyopathy,Rate,1990,13.850426994429121,19.237025817585923,10.174520958216226
YLLs (Years of Life Lost),Republic of Korea,Both,All ages,Alcoholic cardiomyopathy,Rate,1990,0.8357683248675501,1.4965824904550145,0.1320916914380521
YLLs (Years of Life Lost),Greece,Both,All ages,Alcoholic cardiomyopathy,Rate,1990,5.157484747922417,6.204405787990881,4.100921010136217
YLLs (Years of Life Lost),Brazil,Both,All ages,Cirrhosis due to alcohol,Rate,1990,173.23857512330204,187.83191687306427,157.50545414330472
YLLs (Years of Life Lost),Georgia,Both,All ages,Alcoholic cardiomyopathy,Rate,1990,15.332541557247371,21.34276614922536,11.489450361644927
YLLs (Years of Life Lost),Canada,Both,All ages,Alcohol use disorders,Rate,1990,92.08302819412353,95.42796723189747,88.77661306233318
YLLs (Years of Life Lost),Thailand,Both,All ages,Cirrhosis due to alcohol,Rate,1990,130.98714520693946,186.32213861685568,88.67031440973913
YLLs (Years of Life Lost),Democratic Republic of the Congo,Both,All ages,Alcohol use disorders,Rate,1990,43.18616575364103,57.4482681069904,25.949732464671655
YLLs (Years of Life Lost),Sweden,Both,All ages,Cirrhosis due to alcohol,Rate,2000,106.57207522971343,115.57530102962842,97.99151601771777
YLLs (Years of Life Lost),United Republic of Tanzania,Both,All ages,Alcoholic cardiomyopathy,Rate,2010,0.028399314721002215,0.19816850037279257,0.004950508964826386
YLLs (Years of Life Lost),Cyprus,Both,All ages,Liver cancer due to alcohol use,Rate,2000,30.617404979308088,40.83612847408059,22.47453606855863
YLLs (Years of Life Lost),Cyprus,Both,All ages,Alcohol use disorders,Rate,2000,27.901983016016846,34.538253769811234,22.336619994763023
YLLs (Years of Life Lost),Mozambique,Both,All ages,Liver cancer due to alcohol use,Rate,1990,38.77730659454829,65.74169573274455,20.560074614302817
YLLs (Years of Life Lost),Palestine,Both,All ages,Cirrhosis due to alcohol,Rate,1990,12.563843136363513,23.77604409653092,6.150480108674109
YLLs (Years of Life Lost),Turkey,Both,All ages,Cirrhosis due to alcohol,Rate,2010,9.349745748416105,13.586556291942314,5.871370893232
YLLs (Years of Life Lost),France,Both,All ages,Alcoholic cardiomyopathy,Rate,1990,17.306584063039875,18.68762042118652,15.940942012570698
YLLs (Years of Life Lost),Kazakhstan,Both,All ages,Cirrhosis due to alcohol,Rate,1990,152.47737282168796,185.4209880614965,118.98970982134624
YLLs (Years of Life Lost),Democratic People's Republic of Korea,Both,All ages,Alcohol use disorders,Rate,1990,36.87675958236315,54.58585642703632,23.745415527180064
YLLs (Years of Life Lost),Uganda,Both,All ages,Alcohol use disorders,Rate,2010,32.133663699440945,42.03880269242121,22.68082184558217
YLLs (Years of Life Lost),Nepal,Both,All ages,Liver cancer due to alcohol use,Rate,1990,5.386981674503037,8.353896243477067,3.3039994911425428
YLLs (Years of Life Lost),Iceland,Both,All ages,Cirrhosis due to alcohol,Rate,1990,43.71800841099187,52.29893302552196,34.82255909506935
YLLs (Years of Life Lost),Singapore,Both,All ages,Cirrhosis due to alcohol,Rate,1990,25.10758346091475,34.285529266954185,16.815432463803006
YLLs (Years of Life Lost),Democratic Republic of the Congo,Both,All ages,Alcoholic cardiomyopathy,Rate,1990,0.061815646363523456,0.29419761183218646,0.011619670467358772
YLLs (Years of Life Lost),Saint Lucia,Both,All ages,Cirrhosis due to alcohol,Rate,1990,222.75528470898325,264.3793302974454,177.37174620964208
YLLs (Years of Life Lost),Cyprus,Both,All ages,Alcoholic cardiomyopathy,Rate,2000,14.433291708959672,25.49675668292927,3.5750834512394056
YLLs (Years of Life Lost),Canada,Both,All ages,Alcoholic cardiomyopathy,Rate,1990,26.139653235198036,30.16258069948901,22.585864314012827
YLLs (Years of Life Lost),Benin,Both,All ages,Liver cancer due to alcohol use,Rate,1990,38.90325633494137,61.946181286629844,19.059166521459666
YLLs (Years of Life Lost),Benin,Both,All ages,Alcohol use disorders,Rate,1990,27.915386069838462,39.82798724324054,18.304241797622595
YLLs (Years of Life Lost),Guyana,Both,All ages,Cirrhosis due to alcohol,Rate,1990,358.9673361575976,443.6423537014979,270.61353638244327
YLLs (Years of Life Lost),Germany,Both,All ages,Alcohol use disorders,Rate,1990,248.16245793084667,257.9667865853741,240.24091820808408
YLLs (Years of Life Lost),Greenland,Both,All ages,Liver cancer due to alcohol use,Rate,1990,43.295393302358754,60.04132776385149,29.6380306160677
YLLs (Years of Life Lost),American Samoa,Both,All ages,Liver cancer due to alcohol use,Rate,1990,6.01042995566011,9.448832593739715,3.5668057900103944
YLLs (Years of Life Lost),Guinea,Both,All ages,Alcoholic cardiomyopathy,Rate,2000,1.6300544084247117,4.01125532471305,0.1765249000051024
YLLs (Years of Life Lost),Uganda,Both,All ages,Alcoholic cardiomyopathy,Rate,2010,0.0191922207735818,0.10932420521871421,0.0037919271933823783
YLLs (Years of Life Lost),Germany,Both,All ages,Alcoholic cardiomyopathy,Rate,1990,177.57348421286798,199.28317785441072,153.78701719933758
YLLs (Years of Life Lost),Bulgaria,Both,All ages,Liver cancer due to alcohol use,Rate,2000,92.14106732057903,116.92863324507603,68.97328452380678
YLLs (Years of Life Lost),Guinea-Bissau,Both,All ages,Alcohol use disorders,Rate,2000,45.56985140254939,67.12108532021091,27.444232860928675
YLLs (Years of Life Lost),Guinea,Both,All ages,Liver cancer due to alcohol use,Rate,2010,49.67246294148599,71.46681933645951,32.558176693434405
YLLs (Years of Life Lost),Pakistan,Both,All ages,Liver cancer due to alcohol use,Rate,1990,7.0989758884495995,9.651573146482034,5.051117461012581
YLLs (Years of Life Lost),Pakistan,Both,All ages,Alcohol use disorders,Rate,1990,14.458768105065335,21.155420914218013,0.6742752262159265
YLLs (Years of Life Lost),Greece,Both,All ages,Cirrhosis due to alcohol,Rate,1990,139.91291831130874,163.93265453341235,114.50484173513756
YLLs (Years of Life Lost),Zambia,Both,All ages,Cirrhosis due to alcohol,Rate,2010,126.41386755246914,181.9508121867748,83.38987825259781
YLLs (Years of Life Lost),Equatorial Guinea,Both,All ages,Cirrhosis due to alcohol,Rate,1990,204.30341630021613,313.42555394567887,114.42323471742202
YLLs (Years of Life Lost),United States of America,Both,All ages,Cirrhosis due to alcohol,Rate,1990,136.1356901022268,151.00612830645403,123.341992703457
YLLs (Years of Life Lost),South Africa,Both,All ages,Alcoholic cardiomyopathy,Rate,1990,0.15052124032482295,0.21124320374833006,0.012819068090862848
YLLs (Years of Life Lost),Pakistan,Both,All ages,Alcoholic cardiomyopathy,Rate,1990,1.818327371590692,5.487764455739518,0.4073290326450049
YLLs (Years of Life Lost),Guinea,Both,All ages,Alcoholic cardiomyopathy,Rate,2010,1.201417024751825,2.977344291826432,0.15861857828918352
YLLs (Years of Life Lost),Liberia,Both,All ages,Cirrhosis due to alcohol,Rate,2000,113.1554068754685,173.98410055353355,70.0615699998761
YLLs (Years of Life Lost),Taiwan (Province of China),Both,All ages,Alcohol use disorders,Rate,2010,56.713701854042505,59.44403048140141,54.06042211776748
YLLs (Years of Life Lost),United Kingdom of Great Britain and Northern Ireland,Both,All ages,Liver cancer due to alcohol use,Rate,2000,31.68002794524618,35.21411588584028,28.218300099813433
YLLs (Years of Life Lost),Argentina,Both,All ages,Alcohol use disorders,Rate,1990,97.14376383321874,100.8612696649712,93.34553816439866
YLLs (Years of Life Lost),Togo,Both,All ages,Liver cancer due to alcohol use,Rate,1990,15.672996304355669,25.16015972597142,9.961987445917991
YLLs (Years of Life Lost),Denmark,Both,All ages,Cirrhosis due to alcohol,Rate,2000,273.95297295143,320.1140574953228,223.64179001068746
YLLs (Years of Life Lost),Costa Rica,Both,All ages,Alcohol use disorders,Rate,2000,51.41884417410312,54.457792496596184,48.18752966551019
YLLs (Years of Life Lost),Lao People's Democratic Republic,Both,All ages,Alcohol use disorders,Rate,2000,29.791447620075612,44.73502879854453,16.926521793488316
YLLs (Years of Life Lost),Burundi,Both,All ages,Liver cancer due to alcohol use,Rate,2000,11.902530965267529,21.96788674263282,6.861906416606482
YLLs (Years of Life Lost),Puerto Rico,Both,All ages,Liver cancer due to alcohol use,Rate,2000,25.097524976957445,32.43700321673683,18.544636599872057
YLLs (Years of Life Lost),Puerto Rico,Both,All ages,Alcohol use disorders,Rate,2000,228.114894882207,240.43590231094723,216.50226623884882
YLLs (Years of Life Lost),Botswana,Both,All ages,Liver cancer due to alcohol use,Rate,2010,20.945529596486697,56.0039373824518,8.203683523723026
YLLs (Years of Life Lost),Mauritania,Both,All ages,Liver cancer due to alcohol use,Rate,2000,55.26870347750049,114.97958721980953,14.35099466562728
YLLs (Years of Life Lost),Puerto Rico,Both,All ages,Alcoholic cardiomyopathy,Rate,2000,15.748013006970904,17.594406508469827,14.290463477408027
YLLs (Years of Life Lost),Myanmar,Both,All ages,Alcohol use disorders,Rate,1990,402.78186055362346,561.2820981194748,264.21924211450346
YLLs (Years of Life Lost),Guinea-Bissau,Both,All ages,Alcohol use disorders,Rate,2010,48.361015174206955,70.3168803866623,30.07592317487556
YLLs (Years of Life Lost),Qatar,Both,All ages,Liver cancer due to alcohol use,Rate,1990,6.789808932273689,10.87023501313138,4.104048326894781
YLLs (Years of Life Lost),Rwanda,Both,All ages,Alcohol use disorders,Rate,1990,71.45943812133984,94.61689767936184,43.3040408954136
YLLs (Years of Life Lost),Commonwealth of the Bahamas,Both,All ages,Alcoholic cardiomyopathy,Rate,2010,113.27008307864469,126.08138703793489,101.95992840480557
YLLs (Years of Life Lost),Lesotho,Both,All ages,Liver cancer due to alcohol use,Rate,2010,51.11239770384327,137.49799709282843,19.382047524304994
YLLs (Years of Life Lost),Saint Kitts and Nevis,Both,All ages,Cirrhosis due to alcohol,Rate,2000,157.03739651289717,188.64343357174783,123.31588438009545
YLLs (Years of Life Lost),Myanmar,Both,All ages,Alcoholic cardiomyopathy,Rate,1990,1.7472118343408998,3.1024793810548346,0.38958569826904704
YLLs (Years of Life Lost),Bosnia and Herzegovina,Both,All ages,Alcoholic cardiomyopathy,Rate,2000,69.81176321120662,135.82954894873964,18.085538188683085
YLLs (Years of Life Lost),Dominica,Both,All ages,Alcohol use disorders,Rate,2000,119.4456843529797,142.07529831008628,83.7198428257858
YLLs (Years of Life Lost),Costa Rica,Both,All ages,Cirrhosis due to alcohol,Rate,2000,143.04305660304627,171.9386957771775,113.5941648413202
YLLs (Years of Life Lost),Iraq,Both,All ages,Alcohol use disorders,Rate,2000,0.1590948288722498,0.21160514461395646,0.10416589606229194
YLLs (Years of Life Lost),Iraq,Both,All ages,Liver cancer due to alcohol use,Rate,2000,3.5288655459236535,5.553783411688408,2.218844095109743
YLLs (Years of Life Lost),Lesotho,Both,All ages,Alcohol use disorders,Rate,2010,50.061898126686756,71.16930236292652,31.168149156376213
YLLs (Years of Life Lost),Russian Federation,Both,All ages,Liver cancer due to alcohol use,Rate,2000,24.46252217398032,27.041862895942547,22.13242485236605
YLLs (Years of Life Lost),Saint Kitts and Nevis,Both,All ages,Alcohol use disorders,Rate,2000,441.5582833686578,494.2280754905029,392.1511385525758
YLLs (Years of Life Lost),Israel,Both,All ages,Liver cancer due to alcohol use,Rate,1990,11.451575670955814,15.508711096902154,8.189424057444684
YLLs (Years of Life Lost),Tonga,Both,All ages,Liver cancer due to alcohol use,Rate,2000,60.32089129685431,90.34493531465498,39.367789052688295
YLLs (Years of Life Lost),Benin,Both,All ages,Alcoholic cardiomyopathy,Rate,1990,1.4153531497529344,3.5005397988688483,0.14593704069765664
YLLs (Years of Life Lost),Niger,Both,All ages,Alcohol use disorders,Rate,2000,26.510503853584186,41.329235388362285,16.252679905306813
YLLs (Years of Life Lost),Philippines,Both,All ages,Cirrhosis due to alcohol,Rate,1990,73.24191741392403,107.42309060560535,53.370900773215915
YLLs (Years of Life Lost),Liberia,Both,All ages,Cirrhosis due to alcohol,Rate,2010,92.56260325118399,145.20599099426718,58.723781093974914
YLLs (Years of Life Lost),Lesotho,Both,All ages,Alcoholic cardiomyopathy,Rate,2010,0.10434201182326157,0.23317923329341003,0.018927373537450203
YLLs (Years of Life Lost),Bangladesh,Both,All ages,Liver cancer due to alcohol use,Rate,2000,5.647519958565666,8.940405740554244,3.69690367775102
YLLs (Years of Life Lost),Socialist Republic of Viet Nam,Both,All ages,Liver cancer due to alcohol use,Rate,1990,42.60302255319334,66.682915803624,26.40004042571238
YLLs (Years of Life Lost),Turkey,Both,All ages,Liver cancer due to alcohol use,Rate,2010,8.169006754466801,11.890003963847267,5.607190164729181
YLLs (Years of Life Lost),Tuvalu,Both,All ages,Cirrhosis due to alcohol,Rate,1990,112.68582303041788,173.02795287792839,66.97624390536662
YLLs (Years of Life Lost),Israel,Both,All ages,Alcoholic cardiomyopathy,Rate,1990,2.3734932001340554,2.7248403460505624,2.013103085056588
YLLs (Years of Life Lost),Republic of San Marino,Both,All ages,Cirrhosis due to alcohol,Rate,2000,209.50647512627208,257.0179683866444,164.2282926505518
YLLs (Years of Life Lost),Republic of Moldova,Both,All ages,Cirrhosis due to alcohol,Rate,2000,1059.164724096347,1249.3040326104447,848.4550173725737
YLLs (Years of Life Lost),Democratic People's Republic of Korea,Both,All ages,Alcoholic cardiomyopathy,Rate,1990,4.5104687046678045,9.029360561467403,1.6764683133637919
YLLs (Years of Life Lost),Serbia,Both,All ages,Liver cancer due to alcohol use,Rate,1990,47.703762491780694,67.7544810422395,31.33650620906981
YLLs (Years of Life Lost),Mexico,Both,All ages,Alcohol use disorders,Rate,1990,223.5754253221336,228.05650769894743,219.16208496712125
YLLs (Years of Life Lost),Niger,Both,All ages,Alcoholic cardiomyopathy,Rate,2000,1.304376974121456,3.544284373168966,0.12003666685243841
YLLs (Years of Life Lost),Turkey,Both,All ages,Alcoholic cardiomyopathy,Rate,2010,0.3695141657138924,0.6786972659344501,0.06031485324354418
YLLs (Years of Life Lost),Central African Republic,Both,All ages,Liver cancer due to alcohol use,Rate,1990,26.346775091059893,50.5277599977437,9.973972151284205
YLLs (Years of Life Lost),Guam,Both,All ages,Alcohol use disorders,Rate,1990,36.61608477972032,48.58281728729218,15.676371547010788
YLLs (Years of Life Lost),Denmark,Both,All ages,Alcohol use disorders,Rate,2000,406.70133468170974,421.59296039831804,392.9219051745716
YLLs (Years of Life Lost),Republic of Niue,Both,All ages,Liver cancer due to alcohol use,Rate,2010,23.259638432387536,38.0531190549676,13.921451329032816
YLLs (Years of Life Lost),Taiwan (Province of China),Both,All ages,Alcoholic cardiomyopathy,Rate,2010,12.969465714851008,14.252833417388423,11.726716546420477
YLLs (Years of Life Lost),Namibia,Both,All ages,Alcohol use disorders,Rate,2010,37.85801455784761,49.3360724978572,23.382294547799074
YLLs (Years of Life Lost),Nigeria,Both,All ages,Cirrhosis due to alcohol,Rate,2000,112.28371053144566,167.37759539600756,74.47193092934414
YLLs (Years of Life Lost),Argentina,Both,All ages,Alcoholic cardiomyopathy,Rate,1990,38.89006475497538,46.482993195296984,32.84833937624572
YLLs (Years of Life Lost),Marshall Islands,Both,All ages,Alcoholic cardiomyopathy,Rate,2010,1.7480328703415142,3.4543697916329767,0.22551044432472234
YLLs (Years of Life Lost),Burundi,Both,All ages,Alcoholic cardiomyopathy,Rate,2000,0.036816839474319005,0.20355222731022868,0.006465571693895747
YLLs (Years of Life Lost),Italy,Both,All ages,Alcohol use disorders,Rate,1990,23.014680277299476,23.555119357350485,22.486016025013253
YLLs (Years of Life Lost),Belarus,Both,All ages,Liver cancer due to alcohol use,Rate,2010,46.138608041559266,57.33703598808347,35.575484910403055
YLLs (Years of Life Lost),Belarus,Both,All ages,Alcohol use disorders,Rate,2010,1156.7807761217496,1205.9797891282783,1109.7914907675317
YLLs (Years of Life Lost),Bangladesh,Both,All ages,Alcoholic cardiomyopathy,Rate,2000,2.371835537355763,6.306761616951635,0.42332668717106053
YLLs (Years of Life Lost),Solomon Islands,Both,All ages,Liver cancer due to alcohol use,Rate,2000,9.790650150370258,19.210936987379217,4.21701489489837
YLLs (Years of Life Lost),United Arab Emirates,Both,All ages,Alcohol use disorders,Rate,2010,12.362014626061526,16.509202451350415,8.384410699207622
YLLs (Years of Life Lost),Denmark,Both,All ages,Liver cancer due to alcohol use,Rate,2000,33.19518103698786,41.61484397542572,25.5162505793619
YLLs (Years of Life Lost),Mauritania,Both,All ages,Liver cancer due to alcohol use,Rate,2010,37.450358662859365,69.63209489046415,12.981785895429523
YLLs (Years of Life Lost),Dominica,Both,All ages,Liver cancer due to alcohol use,Rate,2000,21.743166159763945,29.12726040246584,15.811946384346909
YLLs (Years of Life Lost),Iraq,Both,All ages,Alcoholic cardiomyopathy,Rate,2000,0.14024935697266835,0.2790035947506245,0.013574951731615124
YLLs (Years of Life Lost),Italy,Both,All ages,Liver cancer due to alcohol use,Rate,1990,70.53841111703946,80.12316844258967,62.140296469945525
YLLs (Years of Life Lost),Lao People's Democratic Republic,Both,All ages,Liver cancer due to alcohol use,Rate,2000,27.6606108424032,42.76772419893346,16.37840965755492
YLLs (Years of Life Lost),Tuvalu,Both,All ages,Liver cancer due to alcohol use,Rate,2000,11.667697233865947,18.688749335369653,6.8190873846441855
YLLs (Years of Life Lost),Belarus,Both,All ages,Alcoholic cardiomyopathy,Rate,2010,452.43870152343555,506.0318207829641,417.879578267445
YLLs (Years of Life Lost),Kingdom of Eswatini,Both,All ages,Alcohol use disorders,Rate,1990,27.420053049098662,37.19294039330329,16.204990676107595
YLLs (Years of Life Lost),Luxembourg,Both,All ages,Cirrhosis due to alcohol,Rate,1990,335.33070894273345,388.6315921194135,276.4350802758765
YLLs (Years of Life Lost),Congo,Both,All ages,Alcohol use disorders,Rate,1990,64.21595520243105,89.82215955602526,40.092087692431214
YLLs (Years of Life Lost),Dominica,Both,All ages,Alcoholic cardiomyopathy,Rate,2000,20.76176336065922,46.58626398179274,5.823810647637118
YLLs (Years of Life Lost),South Africa,Both,All ages,Cirrhosis due to alcohol,Rate,2010,92.91281779056689,111.33549555881922,78.20180216499239
YLLs (Years of Life Lost),United Arab Emirates,Both,All ages,Alcoholic cardiomyopathy,Rate,2010,1.1299893357758397,2.311013957551572,0.25822304172656746
YLLs (Years of Life Lost),Bulgaria,Both,All ages,Alcoholic cardiomyopathy,Rate,2000,17.145373765204834,19.56732169466649,15.22731995591373
YLLs (Years of Life Lost),Federated States of Micronesia,Both,All ages,Alcohol use disorders,Rate,2010,45.91846014282969,68.90495530124724,25.346362767832147
YLLs (Years of Life Lost),Estonia,Both,All ages,Cirrhosis due to alcohol,Rate,2010,331.7663189869913,386.033026710935,270.29797204996623
YLLs (Years of Life Lost),Burkina Faso,Both,All ages,Cirrhosis due to alcohol,Rate,1990,98.66485720753377,140.65957350635455,62.99393313991303
YLLs (Years of Life Lost),Switzerland,Both,All ages,Cirrhosis due to alcohol,Rate,2000,154.6584776062594,180.59765326070143,128.7007599489633
YLLs (Years of Life Lost),Chile,Both,All ages,Cirrhosis due to alcohol,Rate,1990,281.5077763538087,354.93183966919435,212.15093335530244
YLLs (Years of Life Lost),Congo,Both,All ages,Alcoholic cardiomyopathy,Rate,1990,0.06875054930621383,0.31968980189438234,0.0140858716580951
YLLs (Years of Life Lost),Timor-Leste,Both,All ages,Liver cancer due to alcohol use,Rate,1990,5.986575610513937,10.134436065223143,3.3505333293833037
YLLs (Years of Life Lost),Barbados,Both,All ages,Alcohol use disorders,Rate,2010,74.46536435524084,80.38422130538973,69.1370465049608
YLLs (Years of Life Lost),Estonia,Both,All ages,Alcohol use disorders,Rate,2010,604.3609816319649,637.5868750051744,568.8451513786674
YLLs (Years of Life Lost),Yemen,Both,All ages,Cirrhosis due to alcohol,Rate,2010,10.957431700471691,19.606888418853288,5.685899977540583
YLLs (Years of Life Lost),Denmark,Both,All ages,Alcoholic cardiomyopathy,Rate,2000,40.15071706915843,42.97987595452545,37.03118750713589
YLLs (Years of Life Lost),American Samoa,Both,All ages,Alcoholic cardiomyopathy,Rate,1990,6.001263693475484,10.181762641568417,1.6968079759978651
YLLs (Years of Life Lost),Guam,Both,All ages,Alcoholic cardiomyopathy,Rate,1990,3.8104758384553494,8.24380365051121,1.1372416694301035
YLLs (Years of Life Lost),American Samoa,Both,All ages,Alcohol use disorders,Rate,2000,39.864583469101305,50.534635813768666,24.1919458975102
YLLs (Years of Life Lost),Tonga,Both,All ages,Alcohol use disorders,Rate,2000,27.248689314746002,36.78985805824472,13.614282321306044
YLLs (Years of Life Lost),Comoros,Both,All ages,Liver cancer due to alcohol use,Rate,2000,11.099003201263544,18.119198673735106,6.352317523033434
YLLs (Years of Life Lost),Niger,Both,All ages,Alcohol use disorders,Rate,2010,23.905150538675517,37.13223308137509,15.254780835831486
YLLs (Years of Life Lost),Costa Rica,Both,All ages,Liver cancer due to alcohol use,Rate,2000,19.30714430870532,24.473858618255907,14.353210947777427
YLLs (Years of Life Lost),United States Virgin Islands,Both,All ages,Alcohol use disorders,Rate,2000,307.37870635414987,389.3002090418022,229.97214239607544
YLLs (Years of Life Lost),Costa Rica,Both,All ages,Alcoholic cardiomyopathy,Rate,2000,9.831384580367864,10.977215308690967,8.776627763525815
YLLs (Years of Life Lost),Tonga,Both,All ages,Alcoholic cardiomyopathy,Rate,2000,0.9414673406407017,1.7353134181276935,0.12490795846273997
YLLs (Years of Life Lost),Democratic Republic of the Congo,Both,All ages,Cirrhosis due to alcohol,Rate,1990,140.44030525166085,209.41920360267085,87.33760719816567
YLLs (Years of Life Lost),Equatorial Guinea,Both,All ages,Liver cancer due to alcohol use,Rate,2010,5.7475314268838655,10.646415107811624,2.9128638926467048
YLLs (Years of Life Lost),Equatorial Guinea,Both,All ages,Alcohol use disorders,Rate,2010,30.63629555362729,47.23267489070673,16.201958163051355
YLLs (Years of Life Lost),Rwanda,Both,All ages,Alcoholic cardiomyopathy,Rate,1990,0.04487422632406874,0.21194254063480747,0.008573648934445734
YLLs (Years of Life Lost),El Salvador,Both,All ages,Alcohol use disorders,Rate,2000,610.5146853771058,660.7353480802681,467.0042568604906
YLLs (Years of Life Lost),Timor-Leste,Both,All ages,Alcoholic cardiomyopathy,Rate,1990,1.2230763716911393,2.722863895417986,0.22303904804197872
YLLs (Years of Life Lost),Niger,Both,All ages,Alcoholic cardiomyopathy,Rate,2010,0.8109044704341698,2.193099595065258,0.08221358655824905
YLLs (Years of Life Lost),Papua New Guinea,Both,All ages,Cirrhosis due to alcohol,Rate,2010,27.990511640726,43.3669374709401,17.30581346646232
YLLs (Years of Life Lost),Netherlands,Both,All ages,Liver cancer due to alcohol use,Rate,1990,16.248853031944844,19.62010472363695,12.793688498463156
YLLs (Years of Life Lost),Vanuatu,Both,All ages,Cirrhosis due to alcohol,Rate,2000,85.75952103687106,166.52596451843846,41.69404827234004
YLLs (Years of Life Lost),United States Virgin Islands,Both,All ages,Alcoholic cardiomyopathy,Rate,2000,44.042114313660406,88.06800947923584,17.565818525420124
YLLs (Years of Life Lost),Latvia,Both,All ages,Cirrhosis due to alcohol,Rate,2010,350.33586502948356,416.60394302506916,286.517205536379
YLLs (Years of Life Lost),Sierra Leone,Both,All ages,Liver cancer due to alcohol use,Rate,2000,47.58583398005024,84.87795885889618,18.97220881658427
YLLs (Years of Life Lost),Lao People's Democratic Republic,Both,All ages,Alcoholic cardiomyopathy,Rate,2000,1.3498964238384181,2.6952310010218556,0.3173284053539133
YLLs (Years of Life Lost),Mexico,Both,All ages,Alcoholic cardiomyopathy,Rate,1990,3.117218026994735,3.3873332420076645,2.855953438515243
YLLs (Years of Life Lost),Guatemala,Both,All ages,Cirrhosis due to alcohol,Rate,2000,275.2309261223453,338.8005769984782,213.58566845865516
YLLs (Years of Life Lost),Serbia,Both,All ages,Alcoholic cardiomyopathy,Rate,1990,99.76616954613532,148.89556655047176,38.71186513246277
YLLs (Years of Life Lost),Nigeria,Both,All ages,Cirrhosis due to alcohol,Rate,2010,88.66802719098366,139.78794603502158,58.50619690805687
YLLs (Years of Life Lost),Brunei Darussalam,Both,All ages,Liver cancer due to alcohol use,Rate,1990,12.915617074350083,21.006674641073307,7.677605045021021
YLLs (Years of Life Lost),Zimbabwe,Both,All ages,Liver cancer due to alcohol use,Rate,2010,33.94182325911855,51.94454411546935,22.60306445613802
YLLs (Years of Life Lost),Sierra Leone,Both,All ages,Alcoholic cardiomyopathy,Rate,2000,2.1270063331831546,5.371955316687595,0.22842075114551547
YLLs (Years of Life Lost),El Salvador,Both,All ages,Cirrhosis due to alcohol,Rate,2000,205.01233293372582,249.82419710927653,157.8748942305558
YLLs (Years of Life Lost),Socialist Republic of Viet Nam,Both,All ages,Alcohol use disorders,Rate,1990,25.551174159055684,34.21913246232573,11.79945102389283
YLLs (Years of Life Lost),Brunei Darussalam,Both,All ages,Alcoholic cardiomyopathy,Rate,1990,22.361466772351367,35.26133453629268,7.118264771605721
YLLs (Years of Life Lost),Socialist Republic of Viet Nam,Both,All ages,Alcoholic cardiomyopathy,Rate,1990,1.1755873739275693,2.2694410088678336,0.21608458309253112
YLLs (Years of Life Lost),Japan,Both,All ages,Alcohol use disorders,Rate,1990,13.815801397328778,14.106201176282342,13.521560799688542
YLLs (Years of Life Lost),Togo,Both,All ages,Alcohol use disorders,Rate,2000,34.257386845633874,45.238878930373524,24.27877147352478
YLLs (Years of Life Lost),Norway,Both,All ages,Alcohol use disorders,Rate,1990,230.00813687889965,237.27518571120967,223.44688827257096
YLLs (Years of Life Lost),Equatorial Guinea,Both,All ages,Alcoholic cardiomyopathy,Rate,2010,0.029724212684116298,0.17436933695061646,0.004665509100339801
YLLs (Years of Life Lost),Afghanistan,Both,All ages,Liver cancer due to alcohol use,Rate,2010,3.9257843540696666,6.288290031608174,2.330333975073903
YLLs (Years of Life Lost),Mexico,Both,All ages,Liver cancer due to alcohol use,Rate,2000,8.732874182208128,9.980626672717372,7.636552460241559
YLLs (Years of Life Lost),Japan,Both,All ages,Alcoholic cardiomyopathy,Rate,1990,17.271009492477145,18.833333711903137,16.05281855190699
YLLs (Years of Life Lost),Solomon Islands,Both,All ages,Liver cancer due to alcohol use,Rate,2010,9.719463336250238,17.953333309438626,5.022541559908197
YLLs (Years of Life Lost),Republic of Moldova,Both,All ages,Liver cancer due to alcohol use,Rate,2010,29.09672779473196,36.73170109673972,22.328416984347854
YLLs (Years of Life Lost),Norway,Both,All ages,Alcoholic cardiomyopathy,Rate,1990,17.335281161602726,18.215800171906952,16.4505081311492
YLLs (Years of Life Lost),Afghanistan,Both,All ages,Alcoholic cardiomyopathy,Rate,2010,1.2838758228439633,3.1061982376579125,0.31460708748901306
YLLs (Years of Life Lost),Lebanon,Both,All ages,Liver cancer due to alcohol use,Rate,1990,5.500348951372086,8.732187367758762,3.253004576801502
YLLs (Years of Life Lost),Nicaragua,Both,All ages,Liver cancer due to alcohol use,Rate,2000,6.2965749206745425,8.788859566271489,4.459683762266749
YLLs (Years of Life Lost),Togo,Both,All ages,Alcoholic cardiomyopathy,Rate,2000,1.6763267487240834,3.9612629783949513,0.1566215637743692
YLLs (Years of Life Lost),Republic of Korea,Both,All ages,Cirrhosis due to alcohol,Rate,1990,452.49450501036006,544.444910548579,343.9915417604733
YLLs (Years of Life Lost),Nicaragua,Both,All ages,Alcohol use disorders,Rate,2000,186.22367133378248,216.13586430550086,153.13030203333713
YLLs (Years of Life Lost),Croatia,Both,All ages,Alcohol use disorders,Rate,2000,183.83874777353978,204.9080718667996,165.18462021529214
YLLs (Years of Life Lost),Namibia,Both,All ages,Liver cancer due to alcohol use,Rate,2000,9.342869893404615,14.066637004318377,6.096650123909328
YLLs (Years of Life Lost),Bangladesh,Both,All ages,Alcohol use disorders,Rate,2010,0.5128796916328041,0.727565209922782,0.3873518352809399
YLLs (Years of Life Lost),Portugal,Both,All ages,Cirrhosis due to alcohol,Rate,1990,432.98687937339463,501.96498901203864,354.3719118436224
YLLs (Years of Life Lost),Lebanon,Both,All ages,Alcoholic cardiomyopathy,Rate,1990,0.1388191372000827,0.30191633969945747,0.013500702805314941
YLLs (Years of Life Lost),Nicaragua,Both,All ages,Alcoholic cardiomyopathy,Rate,2000,2.7486417840810273,4.5273716299205615,0.5582760183898732
YLLs (Years of Life Lost),Finland,Both,All ages,Alcohol use disorders,Rate,2000,503.72845011532297,521.9462540667225,484.0444249775413
YLLs (Years of Life Lost),Yemen,Both,All ages,Liver cancer due to alcohol use,Rate,2010,1.4534128331155556,2.822568526770757,0.7045597255080959
YLLs (Years of Life Lost),Ethiopia,Both,All ages,Liver cancer due to alcohol use,Rate,1990,6.949136510133891,10.823983665698886,5.063003539411359
YLLs (Years of Life Lost),Ethiopia,Both,All ages,Alcohol use disorders,Rate,1990,42.7642700000279,54.107880426341765,26.359317589359673
YLLs (Years of Life Lost),Kingdom of Eswatini,Both,All ages,Alcoholic cardiomyopathy,Rate,1990,0.1078969564767913,0.30725836492337794,0.018144378403348437
YLLs (Years of Life Lost),Panama,Both,All ages,Cirrhosis due to alcohol,Rate,2000,90.96698910033261,109.34253227060744,72.1448030396402
YLLs (Years of Life Lost),Benin,Both,All ages,Cirrhosis due to alcohol,Rate,2010,80.54843144461829,127.5980573825278,47.820074576943085
YLLs (Years of Life Lost),Jamaica,Both,All ages,Liver cancer due to alcohol use,Rate,1990,5.517435527086222,7.559994586970704,3.9108104630672513
YLLs (Years of Life Lost),Jordan,Both,All ages,Alcohol use disorders,Rate,2000,2.472301386015729,3.2088747745178066,1.6313558495552616
YLLs (Years of Life Lost),Northern Mariana Islands,Both,All ages,Alcohol use disorders,Rate,2010,113.36523606277085,157.36719260223006,71.53989688078185
YLLs (Years of Life Lost),Nicaragua,Both,All ages,Cirrhosis due to alcohol,Rate,1990,121.81463051499468,148.9162948421538,93.9357601570913
YLLs (Years of Life Lost),Dominican Republic,Both,All ages,Liver cancer due to alcohol use,Rate,2000,7.540749417044166,10.279865805037026,5.323189949330988
YLLs (Years of Life Lost),Dominican Republic,Both,All ages,Alcohol use disorders,Rate,2000,37.863290104939196,46.44178506651457,27.21461549335913
YLLs (Years of Life Lost),Ethiopia,Both,All ages,Alcoholic cardiomyopathy,Rate,1990,0.03147514917243034,0.14804971365806716,0.004793537813923833
YLLs (Years of Life Lost),Bhutan,Both,All ages,Cirrhosis due to alcohol,Rate,2010,156.432407284262,293.9213239193349,93.0044155443529
YLLs (Years of Life Lost),Ukraine,Both,All ages,Liver cancer due to alcohol use,Rate,2000,31.016680084341818,36.549801653505966,26.184570482131743
YLLs (Years of Life Lost),Armenia,Both,All ages,Liver cancer due to alcohol use,Rate,2000,46.08884352504364,62.93484700355287,30.957041969648245
YLLs (Years of Life Lost),Sierra Leone,Both,All ages,Liver cancer due to alcohol use,Rate,2010,27.539704317534905,46.18546502273885,14.33129237169072
YLLs (Years of Life Lost),Taiwan (Province of China),Both,All ages,Cirrhosis due to alcohol,Rate,1990,168.9598107752457,215.29602291106227,129.05908944475803
YLLs (Years of Life Lost),Libya,Both,All ages,Alcohol use disorders,Rate,1990,6.560429979191047,8.370958059257473,2.8052616757634583
YLLs (Years of Life Lost),Gabon,Both,All ages,Cirrhosis due to alcohol,Rate,2010,185.0577263537748,270.35678803759595,120.31365922214772
YLLs (Years of Life Lost),Afghanistan,Both,All ages,Cirrhosis due to alcohol,Rate,2000,26.659437368336825,46.500170805929834,12.55697420723847
YLLs (Years of Life Lost),Bolivarian Republic of Venezuela,Both,All ages,Cirrhosis due to alcohol,Rate,2000,136.62966854299418,165.63707703765223,108.70682057391838
YLLs (Years of Life Lost),Niger,Both,All ages,Alcohol use disorders,Rate,1990,26.54576067227009,39.81704876968909,16.623349942977253
YLLs (Years of Life Lost),Guinea-Bissau,Both,All ages,Liver cancer due to alcohol use,Rate,2000,62.44294461753669,103.97081136742557,24.380056333117682
YLLs (Years of Life Lost),Sierra Leone,Both,All ages,Alcoholic cardiomyopathy,Rate,2010,1.1957376856967041,2.8840158229186494,0.1355786161657934
YLLs (Years of Life Lost),Tonga,Both,All ages,Alcohol use disorders,Rate,2010,28.84644102618479,41.07954566992862,15.807774787678923
YLLs (Years of Life Lost),Russian Federation,Both,All ages,Alcohol use disorders,Rate,2010,945.9175862465564,954.9792912052206,934.7750804393535
YLLs (Years of Life Lost),Kenya,Both,All ages,Cirrhosis due to alcohol,Rate,1990,85.81192582613838,161.74833785261254,50.895832470053065
YLLs (Years of Life Lost),American Samoa,Both,All ages,Cirrhosis due to alcohol,Rate,1990,43.46913712677405,63.19172394241941,27.341755891601494
YLLs (Years of Life Lost),Tonga,Both,All ages,Alcoholic cardiomyopathy,Rate,2010,0.8534814940090343,1.743091136376067,0.12648836435700414
YLLs (Years of Life Lost),Kenya,Both,All ages,Alcohol use disorders,Rate,1990,21.810823267149825,33.50312812160995,15.486077235548837
YLLs (Years of Life Lost),Morocco,Both,All ages,Cirrhosis due to alcohol,Rate,1990,11.982678343061814,19.3476522918662,7.099854753817239
YLLs (Years of Life Lost),Brazil,Both,All ages,Liver cancer due to alcohol use,Rate,2000,9.331349431077298,10.67037117741417,8.236365554001573
YLLs (Years of Life Lost),Sao Tome and Principe,Both,All ages,Liver cancer due to alcohol use,Rate,1990,7.013311995536997,9.988102665968702,4.509681447475504
YLLs (Years of Life Lost),Bermuda,Both,All ages,Alcohol use disorders,Rate,1990,62.212365894160975,68.128680725828,56.87628317311116
YLLs (Years of Life Lost),Gabon,Both,All ages,Alcohol use disorders,Rate,2010,55.4022438938819,74.90552214984532,33.15578224102683
YLLs (Years of Life Lost),Marshall Islands,Both,All ages,Liver cancer due to alcohol use,Rate,1990,3.879722540901267,7.433744830379058,1.9975708886321168
YLLs (Years of Life Lost),Niger,Both,All ages,Alcoholic cardiomyopathy,Rate,1990,1.634503753326545,4.316009925372522,0.14914817195607652
YLLs (Years of Life Lost),Russian Federation,Both,All ages,Alcoholic cardiomyopathy,Rate,2010,1972.9833273148467,2008.3516721932162,1939.2725141495641
YLLs (Years of Life Lost),Australia,Both,All ages,Liver cancer due to alcohol use,Rate,1990,22.72073702790907,27.737520028281285,17.83262668146238
YLLs (Years of Life Lost),Australia,Both,All ages,Alcohol use disorders,Rate,1990,55.48056477458097,57.775887082488396,53.21748561898635
YLLs (Years of Life Lost),Togo,Both,All ages,Alcohol use disorders,Rate,2010,40.91462106383837,55.9940284205754,26.37646047192407
YLLs (Years of Life Lost),Burundi,Both,All ages,Alcohol use disorders,Rate,1990,51.260155710274695,70.81178624539352,33.412271007799994
YLLs (Years of Life Lost),Morocco,Both,All ages,Liver cancer due to alcohol use,Rate,1990,0.6045633937650677,0.957896269340593,0.35646601805204997
YLLs (Years of Life Lost),France,Both,All ages,Cirrhosis due to alcohol,Rate,2000,255.43631682547252,298.3240318984126,208.10422180983934
YLLs (Years of Life Lost),Belize,Both,All ages,Cirrhosis due to alcohol,Rate,2010,131.74321227511254,161.2727284772275,105.71916949307543
YLLs (Years of Life Lost),Paraguay,Both,All ages,Alcohol use disorders,Rate,2000,86.1526254202572,106.21655772143247,66.0953566719674
YLLs (Years of Life Lost),Vanuatu,Both,All ages,Cirrhosis due to alcohol,Rate,2010,86.19441086573286,157.2840893957359,45.81077774902846
YLLs (Years of Life Lost),Czech Republic,Both,All ages,Cirrhosis due to alcohol,Rate,2000,287.10290796530325,337.5620727624407,236.502924805791
YLLs (Years of Life Lost),Paraguay,Both,All ages,Alcoholic cardiomyopathy,Rate,2000,5.060673486487099,8.033565806326763,0.8222895277256417
YLLs (Years of Life Lost),Marshall Islands,Both,All ages,Alcoholic cardiomyopathy,Rate,1990,1.529810330930615,3.1409312860295935,0.15913177926730343
YLLs (Years of Life Lost),Australia,Both,All ages,Alcoholic cardiomyopathy,Rate,1990,33.94361471483186,36.322213744213144,31.37683160770709
YLLs (Years of Life Lost),Togo,Both,All ages,Alcoholic cardiomyopathy,Rate,2010,1.3000653680378214,3.2998741814573758,0.14610245316595494
YLLs (Years of Life Lost),Nepal,Both,All ages,Liver cancer due to alcohol use,Rate,2010,9.640947096573164,13.744280647662405,6.095474268444625
YLLs (Years of Life Lost),Ukraine,Both,All ages,Cirrhosis due to alcohol,Rate,2010,649.3344414055352,722.1744515483703,577.1736762052076
YLLs (Years of Life Lost),Nigeria,Both,All ages,Cirrhosis due to alcohol,Rate,1990,134.27094943270717,199.25095727730238,91.67360439333899
YLLs (Years of Life Lost),Madagascar,Both,All ages,Cirrhosis due to alcohol,Rate,1990,106.14287322824056,168.47386681097197,63.43045526943373
YLLs (Years of Life Lost),Azerbaijan,Both,All ages,Alcohol use disorders,Rate,2000,116.14893861071609,136.80538715244424,91.83035488406735
YLLs (Years of Life Lost),New Zealand,Both,All ages,Liver cancer due to alcohol use,Rate,1990,25.563560469737798,28.975121525551632,22.060362317104065
YLLs (Years of Life Lost),Comoros,Both,All ages,Cirrhosis due to alcohol,Rate,1990,97.69516936341917,160.20669211651196,58.490474685042365
YLLs (Years of Life Lost),Switzerland,Both,All ages,Liver cancer due to alcohol use,Rate,1990,61.60525766415176,76.28707348567133,49.03244216834128
YLLs (Years of Life Lost),Jordan,Both,All ages,Alcoholic cardiomyopathy,Rate,2000,0.11577514912166496,0.17718417747103613,0.00848415673454631
YLLs (Years of Life Lost),Morocco,Both,All ages,Alcoholic cardiomyopathy,Rate,1990,1.6443746248500648,3.368660354148097,0.32352941816617964
YLLs (Years of Life Lost),Zimbabwe,Both,All ages,Cirrhosis due to alcohol,Rate,1990,68.49124258279876,97.49486917166956,44.045332476096576
YLLs (Years of Life Lost),Malaysia,Both,All ages,Alcohol use disorders,Rate,2000,18.56073156925951,27.701220425536576,11.508483875725222
YLLs (Years of Life Lost),Northern Mariana Islands,Both,All ages,Alcoholic cardiomyopathy,Rate,2010,5.371317926097327,12.447829095261524,1.1090067627091647
YLLs (Years of Life Lost),Djibouti,Both,All ages,Alcohol use disorders,Rate,2000,47.710549037184784,75.79088897977667,29.361027488142987
YLLs (Years of Life Lost),Saint Kitts and Nevis,Both,All ages,Liver cancer due to alcohol use,Rate,2000,17.621687114496527,23.169074158604264,13.333761023139013
YLLs (Years of Life Lost),Uruguay,Both,All ages,Cirrhosis due to alcohol,Rate,1990,128.24015965655158,160.5029223622883,95.13562583365173
YLLs (Years of Life Lost),Bosnia and Herzegovina,Both,All ages,Alcohol use disorders,Rate,2000,230.0104466210747,309.2897269152636,168.4438723663725
YLLs (Years of Life Lost),Federated States of Micronesia,Both,All ages,Alcohol use disorders,Rate,1990,42.681011109909555,67.13136518238228,23.11663486313853
YLLs (Years of Life Lost),Azerbaijan,Both,All ages,Alcoholic cardiomyopathy,Rate,2000,14.722391930596844,44.009729000469214,1.6925722555898788
YLLs (Years of Life Lost),Malaysia,Both,All ages,Cirrhosis due to alcohol,Rate,2000,80.05799498371896,104.85107649325401,58.62030634152611
YLLs (Years of Life Lost),Jordan,Both,All ages,Cirrhosis due to alcohol,Rate,2000,8.368587821547713,13.154899562790051,4.749620799002672
YLLs (Years of Life Lost),Bahrain,Both,All ages,Liver cancer due to alcohol use,Rate,2000,6.5110930800868365,9.556603459485665,4.230121898468803
YLLs (Years of Life Lost),Bahrain,Both,All ages,Alcoholic cardiomyopathy,Rate,2000,3.2459276499240195,4.8254657148768905,0.5766203201810677
YLLs (Years of Life Lost),New Zealand,Both,All ages,Alcohol use disorders,Rate,1990,41.33474282786719,43.43716242634332,38.968148813229895
YLLs (Years of Life Lost),Pakistan,Both,All ages,Liver cancer due to alcohol use,Rate,2010,9.211915728164614,13.398804860579675,6.556423314821739
YLLs (Years of Life Lost),Pakistan,Both,All ages,Alcohol use disorders,Rate,2010,16.42358541080327,21.655448178870607,0.8382578615563538
YLLs (Years of Life Lost),Uzbekistan,Both,All ages,Alcohol use disorders,Rate,2010,40.600407415136424,44.36746889890984,36.957655591144935
YLLs (Years of Life Lost),Egypt,Both,All ages,Alcohol use disorders,Rate,2000,3.390337717794141,4.145199272255886,1.1659240374791846
YLLs (Years of Life Lost),Algeria,Both,All ages,Liver cancer due to alcohol use,Rate,2010,2.215788851686452,3.231742914103047,1.3901850083664573
YLLs (Years of Life Lost),Guatemala,Both,All ages,Liver cancer due to alcohol use,Rate,2000,6.724507546559959,8.77972219824991,4.98258894049269
YLLs (Years of Life Lost),Honduras,Both,All ages,Liver cancer due to alcohol use,Rate,2000,6.343440985917184,10.986626813463765,3.55057768783323
YLLs (Years of Life Lost),Sao Tome and Principe,Both,All ages,Alcoholic cardiomyopathy,Rate,1990,1.4232025504717711,3.3192393212173337,0.13564128785951154
YLLs (Years of Life Lost),Guyana,Both,All ages,Alcohol use disorders,Rate,1990,59.23828411633094,67.48720905124686,51.216274369175935
YLLs (Years of Life Lost),Vanuatu,Both,All ages,Liver cancer due to alcohol use,Rate,2000,5.934875058846798,10.683398810403395,3.1878798542018156
YLLs (Years of Life Lost),Vanuatu,Both,All ages,Alcohol use disorders,Rate,2000,35.36613565511975,49.63236144127054,18.73054846318301
YLLs (Years of Life Lost),Bulgaria,Both,All ages,Alcohol use disorders,Rate,2000,95.58741788910291,103.51809237266558,87.73326169104091
YLLs (Years of Life Lost),Saudi Arabia,Both,All ages,Liver cancer due to alcohol use,Rate,1990,3.537787821520752,6.204135729291393,1.87824768965169
YLLs (Years of Life Lost),Georgia,Both,All ages,Cirrhosis due to alcohol,Rate,2000,391.41199026462215,491.25203195470107,304.8973038917207
YLLs (Years of Life Lost),Djibouti,Both,All ages,Alcoholic cardiomyopathy,Rate,2000,0.03831693050956528,0.21154000270715717,0.007741086447158985
YLLs (Years of Life Lost),Finland,Both,All ages,Cirrhosis due to alcohol,Rate,2000,215.9466496401839,252.28028711585998,175.1749736827006
YLLs (Years of Life Lost),Burundi,Both,All ages,Liver cancer due to alcohol use,Rate,1990,14.311942674822845,29.432698682789738,7.583214027387004
YLLs (Years of Life Lost),United Kingdom of Great Britain and Northern Ireland,Both,All ages,Alcohol use disorders,Rate,1990,36.48816300108854,37.130250117223895,35.88378324617765
YLLs (Years of Life Lost),Oman,Both,All ages,Liver cancer due to alcohol use,Rate,1990,2.8446612397911855,5.141955512486042,1.5945300049080386
YLLs (Years of Life Lost),Mauritius,Both,All ages,Liver cancer due to alcohol use,Rate,1990,15.534017295037277,21.281540249528472,10.892063415630044
YLLs (Years of Life Lost),Cook Islands,Both,All ages,Liver cancer due to alcohol use,Rate,1990,21.023057280436966,33.26932267096323,12.910655967029864
YLLs (Years of Life Lost),United Kingdom of Great Britain and Northern Ireland,Both,All ages,Alcoholic cardiomyopathy,Rate,1990,18.36188590839153,18.733502509114448,17.93223181211526
YLLs (Years of Life Lost),Eritrea,Both,All ages,Liver cancer due to alcohol use,Rate,1990,7.715839419659314,13.147853249898047,4.299620093648538
YLLs (Years of Life Lost),Papua New Guinea,Both,All ages,Cirrhosis due to alcohol,Rate,1990,34.77509948985279,59.11076905614788,18.618894550953957
YLLs (Years of Life Lost),Pakistan,Both,All ages,Alcoholic cardiomyopathy,Rate,2010,2.1066577259663464,5.702167085998929,0.4352652477178985
YLLs (Years of Life Lost),Kuwait,Both,All ages,Cirrhosis due to alcohol,Rate,2000,7.465134353332898,10.633103439273249,4.730181874185729
YLLs (Years of Life Lost),Republic of Palau,Both,All ages,Cirrhosis due to alcohol,Rate,2010,107.59050123204858,172.04173052124585,61.24705817190249
YLLs (Years of Life Lost),Cook Islands,Both,All ages,Cirrhosis due to alcohol,Rate,1990,11.48293276087922,18.608850311512658,6.739682218475088
YLLs (Years of Life Lost),Bhutan,Both,All ages,Alcohol use disorders,Rate,2000,17.895397048883968,30.925488325203382,0.7863800565737052
YLLs (Years of Life Lost),Dominican Republic,Both,All ages,Cirrhosis due to alcohol,Rate,2000,222.80996360841638,272.1924687691867,171.31846164443564
YLLs (Years of Life Lost),Bulgaria,Both,All ages,Cirrhosis due to alcohol,Rate,2000,382.45711022736594,459.5718555489894,312.43624295472586
YLLs (Years of Life Lost),Republic of Cabo Verde,Both,All ages,Liver cancer due to alcohol use,Rate,2010,32.48435353853212,45.462171006671305,22.731175648389684
YLLs (Years of Life Lost),Malaysia,Both,All ages,Alcoholic cardiomyopathy,Rate,2000,0.05084317958834841,0.09046098043682935,0.0019432118198317778
YLLs (Years of Life Lost),Dominican Republic,Both,All ages,Alcoholic cardiomyopathy,Rate,2000,9.790619821610237,16.968567795065617,3.118950973432806
YLLs (Years of Life Lost),Saint Lucia,Both,All ages,Alcohol use disorders,Rate,1990,125.29631929103844,133.16952521994324,117.66773087753255
YLLs (Years of Life Lost),Armenia,Both,All ages,Liver cancer due to alcohol use,Rate,2010,71.58942022022228,95.89433453594238,48.824323168044884
YLLs (Years of Life Lost),Uzbekistan,Both,All ages,Alcoholic cardiomyopathy,Rate,2010,0.17393417912437484,0.23016248103948675,0.13090006000386578
YLLs (Years of Life Lost),Argentina,Both,All ages,Alcohol use disorders,Rate,2000,87.15460081000967,91.20271380590708,83.13466682964554
YLLs (Years of Life Lost),Sierra Leone,Both,All ages,Liver cancer due to alcohol use,Rate,1990,52.90542744249338,94.2086604058797,18.10568878522742
YLLs (Years of Life Lost),Maldives,Both,All ages,Cirrhosis due to alcohol,Rate,2000,51.452788244710646,70.5771536406277,34.713763365590026
YLLs (Years of Life Lost),Lao People's Democratic Republic,Both,All ages,Liver cancer due to alcohol use,Rate,2010,26.750629942068322,40.66274184264425,16.304778413831936
YLLs (Years of Life Lost),Algeria,Both,All ages,Cirrhosis due to alcohol,Rate,1990,8.641089084749876,15.240360248406816,5.094820593650362
YLLs (Years of Life Lost),Ukraine,Both,All ages,Alcohol use disorders,Rate,2000,1037.6542112321158,1069.8829261084838,1004.4237673326429
YLLs (Years of Life Lost),Mozambique,Both,All ages,Alcohol use disorders,Rate,1990,46.86296478156776,64.22157683276039,30.701236356337624
YLLs (Years of Life Lost),Tajikistan,Both,All ages,Liver cancer due to alcohol use,Rate,1990,14.782592586059836,23.669897917968832,8.99320880757359
YLLs (Years of Life Lost),Seychelles,Both,All ages,Cirrhosis due to alcohol,Rate,1990,178.01173587327153,239.23208530401322,122.59751032568649
YLLs (Years of Life Lost),Papua New Guinea,Both,All ages,Liver cancer due to alcohol use,Rate,2010,4.52485674469303,12.37949229504721,1.9645168318892476
YLLs (Years of Life Lost),Republic of Cabo Verde,Both,All ages,Alcoholic cardiomyopathy,Rate,2010,0.22068454143175525,0.5503895889359837,0.02769450735827859
YLLs (Years of Life Lost),Mozambique,Both,All ages,Alcoholic cardiomyopathy,Rate,1990,0.03106653420580217,0.18357693343681725,0.0063937167840187326
YLLs (Years of Life Lost),Brunei Darussalam,Both,All ages,Liver cancer due to alcohol use,Rate,2010,11.749831916385073,18.61629696417144,7.363551772600852
YLLs (Years of Life Lost),Sierra Leone,Both,All ages,Alcoholic cardiomyopathy,Rate,1990,2.5639269520383463,6.207445915348165,0.2572884309104809
YLLs (Years of Life Lost),Haiti,Both,All ages,Cirrhosis due to alcohol,Rate,1990,336.08299221140436,476.1917119560612,232.69414282618885
YLLs (Years of Life Lost),Trinidad and Tobago,Both,All ages,Liver cancer due to alcohol use,Rate,1990,12.236961790886756,16.14179044131081,9.167663931804055
YLLs (Years of Life Lost),Antigua and Barbuda,Both,All ages,Liver cancer due to alcohol use,Rate,1990,18.57083499849176,24.606137203099244,13.459046509009468
YLLs (Years of Life Lost),Antigua and Barbuda,Both,All ages,Alcohol use disorders,Rate,1990,210.4136203031941,226.72888473276413,192.6130822433146
YLLs (Years of Life Lost),Austria,Both,All ages,Liver cancer due to alcohol use,Rate,1990,54.715489146472585,63.27248400508675,45.90776506080388
YLLs (Years of Life Lost),Qatar,Both,All ages,Alcohol use disorders,Rate,1990,12.14580890685676,16.134772530900303,4.171628077457182
YLLs (Years of Life Lost),Czech Republic,Both,All ages,Liver cancer due to alcohol use,Rate,2000,62.9055453956432,75.66388779757621,50.4933036724791
YLLs (Years of Life Lost),Solomon Islands,Both,All ages,Liver cancer due to alcohol use,Rate,1990,9.313227226240382,21.862568325201487,2.8937001553769988
YLLs (Years of Life Lost),Greenland,Both,All ages,Alcohol use disorders,Rate,1990,766.176537525819,932.0886066562143,612.3954881899492
YLLs (Years of Life Lost),Rwanda,Both,All ages,Cirrhosis due to alcohol,Rate,1990,178.4718282774377,254.0303206401815,118.71996905189704
YLLs (Years of Life Lost),Brunei Darussalam,Both,All ages,Alcoholic cardiomyopathy,Rate,2010,17.360920456971478,29.70962110357186,5.27642863347593
YLLs (Years of Life Lost),Azerbaijan,Both,All ages,Alcohol use disorders,Rate,2010,105.70301257099112,150.09380427645164,72.231291457627
YLLs (Years of Life Lost),Togo,Both,All ages,Alcohol use disorders,Rate,1990,25.857563451060653,34.58266451907846,17.276377764703845
YLLs (Years of Life Lost),Chad,Both,All ages,Alcohol use disorders,Rate,2010,31.891191402890193,43.167311714374,21.673737603620154
YLLs (Years of Life Lost),Palestine,Both,All ages,Alcohol use disorders,Rate,1990,0.2104299542593319,0.29012554457075496,0.12020043663418807
YLLs (Years of Life Lost),Greece,Both,All ages,Liver cancer due to alcohol use,Rate,2000,30.977416933895142,40.039963700574376,23.199740149800597
YLLs (Years of Life Lost),Eritrea,Both,All ages,Cirrhosis due to alcohol,Rate,2000,159.60956355299965,240.0435827267876,97.42007233441288
YLLs (Years of Life Lost),Mongolia,Both,All ages,Liver cancer due to alcohol use,Rate,2000,168.5044071137026,269.1975719432384,100.11239872241157
YLLs (Years of Life Lost),Azerbaijan,Both,All ages,Alcoholic cardiomyopathy,Rate,2010,12.068554195530108,35.4336240111867,1.6409257576893945
YLLs (Years of Life Lost),Qatar,Both,All ages,Alcoholic cardiomyopathy,Rate,1990,0.7878579982309791,1.7301031298572498,0.14787508945357053
YLLs (Years of Life Lost),Central African Republic,Both,All ages,Liver cancer due to alcohol use,Rate,2010,16.186469167158734,32.23271486558581,6.365490745086636
YLLs (Years of Life Lost),Greenland,Both,All ages,Alcoholic cardiomyopathy,Rate,1990,28.78011633236129,55.71550386910707,6.180269461028031
YLLs (Years of Life Lost),Mexico,Both,All ages,Alcohol use disorders,Rate,2000,174.22578741118718,177.71878888045066,170.4878071375217
YLLs (Years of Life Lost),Hungary,Both,All ages,Alcohol use disorders,Rate,2000,251.52101562809196,265.55881066120634,238.63344481492217
YLLs (Years of Life Lost),Togo,Both,All ages,Alcoholic cardiomyopathy,Rate,1990,1.594680300429716,3.8156106025566574,0.14720554566833258
YLLs (Years of Life Lost),Belgium,Both,All ages,Alcohol use disorders,Rate,1990,89.9687882234999,93.85705068656854,86.05522826698346
YLLs (Years of Life Lost),Japan,Both,All ages,Alcohol use disorders,Rate,2010,12.415127716100015,12.689243843956307,12.116199866548166
YLLs (Years of Life Lost),Mongolia,Both,All ages,Alcoholic cardiomyopathy,Rate,2000,92.97077689374893,163.74776695581852,47.69190798729984
YLLs (Years of Life Lost),Georgia,Both,All ages,Cirrhosis due to alcohol,Rate,2010,468.28138790849664,560.335969943696,371.5961893186776
YLLs (Years of Life Lost),Tonga,Both,All ages,Alcohol use disorders,Rate,1990,23.207001356483286,33.31737494696686,11.305079044551587
YLLs (Years of Life Lost),Chad,Both,All ages,Alcoholic cardiomyopathy,Rate,2010,1.0191054403461892,2.655221245606737,0.13113086165706073
YLLs (Years of Life Lost),Hungary,Both,All ages,Alcoholic cardiomyopathy,Rate,2000,373.83517019366917,398.6373818329882,346.5015315930196
YLLs (Years of Life Lost),Japan,Both,All ages,Alcoholic cardiomyopathy,Rate,2010,11.626880053242578,12.13865864760931,11.14093386569715
YLLs (Years of Life Lost),Tonga,Both,All ages,Alcoholic cardiomyopathy,Rate,1990,0.9875425722400537,1.9520189214991683,0.12595084282804678
YLLs (Years of Life Lost),Belgium,Both,All ages,Alcoholic cardiomyopathy,Rate,1990,21.982254557589158,24.218821067997062,20.088053858263535
YLLs (Years of Life Lost),North Macedonia,Both,All ages,Liver cancer due to alcohol use,Rate,2000,91.6850238045067,121.3475893072284,68.47755516422646
YLLs (Years of Life Lost),Bhutan,Both,All ages,Liver cancer due to alcohol use,Rate,2000,13.383019222985721,21.811623521850308,7.47944118046985
YLLs (Years of Life Lost),Saint Lucia,Both,All ages,Alcoholic cardiomyopathy,Rate,1990,27.250083359678296,31.708355896256208,22.268062517509073
YLLs (Years of Life Lost),Senegal,Both,All ages,Alcohol use disorders,Rate,1990,26.500766030522882,38.06637228291959,16.59422807767277
YLLs (Years of Life Lost),North Macedonia,Both,All ages,Cirrhosis due to alcohol,Rate,2000,158.6857081196624,196.2666925007317,124.5628295308146
YLLs (Years of Life Lost),Algeria,Both,All ages,Alcoholic cardiomyopathy,Rate,2010,1.303380202238875,2.8506115754320795,0.29506837551210463
YLLs (Years of Life Lost),Lao People's Democratic Republic,Both,All ages,Alcoholic cardiomyopathy,Rate,2010,1.3726288590160411,2.680441473263399,0.2789132495256727
YLLs (Years of Life Lost),Vanuatu,Both,All ages,Cirrhosis due to alcohol,Rate,1990,88.36912478155486,182.34037869732583,42.04712746396008
YLLs (Years of Life Lost),Saudi Arabia,Both,All ages,Cirrhosis due to alcohol,Rate,1990,22.45780561203405,44.401945721888126,10.982000598079175
YLLs (Years of Life Lost),Guam,Both,All ages,Cirrhosis due to alcohol,Rate,1990,80.0844584759792,115.31660790648152,51.28346679007691
YLLs (Years of Life Lost),Republic of Korea,Both,All ages,Cirrhosis due to alcohol,Rate,2010,246.47800048753203,304.51916773151027,200.4867948396593
YLLs (Years of Life Lost),Tajikistan,Both,All ages,Alcohol use disorders,Rate,2000,125.67957218212288,155.13955639677212,98.23177902264399
YLLs (Years of Life Lost),Colombia,Both,All ages,Liver cancer due to alcohol use,Rate,2010,10.884624846696491,14.024431388825114,8.23058216387656
YLLs (Years of Life Lost),Colombia,Both,All ages,Alcohol use disorders,Rate,2010,7.876027607967394,8.330173345966672,7.46187249367859
YLLs (Years of Life Lost),Cyprus,Both,All ages,Cirrhosis due to alcohol,Rate,1990,156.09867762812814,212.04529662600456,114.76770481797936
YLLs (Years of Life Lost),Congo,Both,All ages,Alcohol use disorders,Rate,2010,55.98089889139647,73.03393327601181,36.64999805707741
YLLs (Years of Life Lost),Islamic Republic of Iran,Both,All ages,Cirrhosis due to alcohol,Rate,2000,14.573598230800537,19.48702127973337,11.376784771154034
YLLs (Years of Life Lost),Congo,Both,All ages,Alcoholic cardiomyopathy,Rate,2010,0.05574976985560134,0.3166418105162936,0.010132179635678303
YLLs (Years of Life Lost),Grenada,Both,All ages,Cirrhosis due to alcohol,Rate,2000,181.22575024582147,216.19661737264138,145.1248777008418
YLLs (Years of Life Lost),Argentina,Both,All ages,Alcoholic cardiomyopathy,Rate,2000,26.057636067761262,28.97391606991823,23.351163651874774
YLLs (Years of Life Lost),Papua New Guinea,Both,All ages,Alcoholic cardiomyopathy,Rate,2010,1.4594831737460825,3.3319006276957777,0.20376557069531337
YLLs (Years of Life Lost),South Sudan,Both,All ages,Cirrhosis due to alcohol,Rate,1990,128.406444685499,218.73914550404908,70.8287215327628
YLLs (Years of Life Lost),Brunei Darussalam,Both,All ages,Cirrhosis due to alcohol,Rate,2000,36.02049899026584,49.04175844699459,24.47503591881394
YLLs (Years of Life Lost),Grenada,Both,All ages,Alcohol use disorders,Rate,2000,93.51692817520356,102.19877887892,85.86424687341314
YLLs (Years of Life Lost),Democratic Republic of the Congo,Both,All ages,Cirrhosis due to alcohol,Rate,2010,128.2226439157009,197.03447845467653,75.47248373693621
YLLs (Years of Life Lost),Italy,Both,All ages,Alcoholic cardiomyopathy,Rate,1990,5.511565157256377,5.7660917235495734,5.238766884780126
YLLs (Years of Life Lost),Comoros,Both,All ages,Alcohol use disorders,Rate,2000,35.922207461342545,55.4147461580294,23.452667787212825
YLLs (Years of Life Lost),Argentina,Both,All ages,Cirrhosis due to alcohol,Rate,2000,120.00902458351132,147.4473640361634,89.99858631854315
YLLs (Years of Life Lost),Turkmenistan,Both,All ages,Cirrhosis due to alcohol,Rate,2000,293.432018723572,364.0168460908766,222.85447937977193
YLLs (Years of Life Lost),Bahrain,Both,All ages,Alcohol use disorders,Rate,2010,5.717748611091132,9.618427515158489,4.427802549281421
YLLs (Years of Life Lost),Mexico,Both,All ages,Alcoholic cardiomyopathy,Rate,2000,4.007670049952814,4.190194497522293,3.829778642755962
YLLs (Years of Life Lost),Burkina Faso,Both,All ages,Liver cancer due to alcohol use,Rate,1990,72.88540826622273,145.3958116210029,33.158302494162406
YLLs (Years of Life Lost),Burkina Faso,Both,All ages,Alcohol use disorders,Rate,1990,35.96454428428094,48.648760967459566,23.9621925246966
YLLs (Years of Life Lost),Dominica,Both,All ages,Liver cancer due to alcohol use,Rate,2010,29.057733893850486,39.38075960161147,20.899210567856546
YLLs (Years of Life Lost),Federated States of Micronesia,Both,All ages,Liver cancer due to alcohol use,Rate,2010,12.10508600611147,22.034102962617222,6.528831756217991
YLLs (Years of Life Lost),Guam,Both,All ages,Liver cancer due to alcohol use,Rate,1990,6.488617804275216,9.395751936471632,4.269332804166652
YLLs (Years of Life Lost),United Republic of Tanzania,Both,All ages,Liver cancer due to alcohol use,Rate,1990,16.064295694303215,24.362373661247144,10.01809656650206
YLLs (Years of Life Lost),Vanuatu,Both,All ages,Alcoholic cardiomyopathy,Rate,2000,1.6643116778167513,3.386933519514511,0.25203559860372615
YLLs (Years of Life Lost),Comoros,Both,All ages,Liver cancer due to alcohol use,Rate,2010,9.879842597008857,16.075474561177387,5.509284948589001
YLLs (Years of Life Lost),Palestine,Both,All ages,Alcoholic cardiomyopathy,Rate,1990,0.5927213594186624,1.0751800340972115,0.10679830126942676
YLLs (Years of Life Lost),Iceland,Both,All ages,Alcohol use disorders,Rate,2000,80.9559701600784,86.7027070975969,75.54724004379021
YLLs (Years of Life Lost),Saint Lucia,Both,All ages,Liver cancer due to alcohol use,Rate,1990,14.066135585901192,18.479583997311487,10.356710952519887
YLLs (Years of Life Lost),Mongolia,Both,All ages,Liver cancer due to alcohol use,Rate,2010,300.82018665123826,459.19199014126633,180.40248725329673
YLLs (Years of Life Lost),United Republic of Tanzania,Both,All ages,Alcoholic cardiomyopathy,Rate,1990,0.035059524878712264,0.20600534939240853,0.0067801276086924935
YLLs (Years of Life Lost),Saint Kitts and Nevis,Both,All ages,Alcoholic cardiomyopathy,Rate,2000,13.852421324473049,16.082722448404855,11.960200512525324
YLLs (Years of Life Lost),Armenia,Both,All ages,Cirrhosis due to alcohol,Rate,2000,173.51040600295187,213.45882589622997,134.39345475173604
YLLs (Years of Life Lost),Chile,Both,All ages,Cirrhosis due to alcohol,Rate,2000,203.67500735712207,256.8996277133622,154.3443229699432
YLLs (Years of Life Lost),Mongolia,Both,All ages,Alcoholic cardiomyopathy,Rate,2010,116.11196078747965,194.77442749295759,61.29544214516961
YLLs (Years of Life Lost),New Zealand,Both,All ages,Alcoholic cardiomyopathy,Rate,1990,57.84090127622938,72.04913360609046,47.63799411358592
YLLs (Years of Life Lost),Algeria,Both,All ages,Alcohol use disorders,Rate,1990,6.54113375827991,8.384210345385052,2.8890335460056926
YLLs (Years of Life Lost),Cameroon,Both,All ages,Cirrhosis due to alcohol,Rate,1990,101.54642835281304,152.58117399241675,62.638720248184505
YLLs (Years of Life Lost),Saint Vincent and the Grenadines,Both,All ages,Alcohol use disorders,Rate,1990,129.72572536968346,141.54365635498002,118.16014285755301
YLLs (Years of Life Lost),Australia,Both,All ages,Liver cancer due to alcohol use,Rate,2010,55.1658863144684,67.448339110558,43.365091593222935
YLLs (Years of Life Lost),Australia,Both,All ages,Alcohol use disorders,Rate,2010,63.290935384532595,65.90003938420743,60.406605582056685
YLLs (Years of Life Lost),Uganda,Both,All ages,Alcohol use disorders,Rate,1990,36.34505993581599,51.646734444249205,25.476977387603394
YLLs (Years of Life Lost),Romania,Both,All ages,Liver cancer due to alcohol use,Rate,2000,23.077391829911424,28.553250070368605,17.48085629932311
YLLs (Years of Life Lost),Afghanistan,Both,All ages,Cirrhosis due to alcohol,Rate,2010,15.60556421435376,25.570546505575443,8.21957315620166
YLLs (Years of Life Lost),Saint Vincent and the Grenadines,Both,All ages,Cirrhosis due to alcohol,Rate,1990,132.44346633784562,161.05639553373913,105.89803590028899
YLLs (Years of Life Lost),South Sudan,Both,All ages,Alcohol use disorders,Rate,1990,39.73547268650184,61.99809015339943,25.62798677124429
YLLs (Years of Life Lost),Samoa,Both,All ages,Alcohol use disorders,Rate,2010,32.22375827616988,45.70646762018982,17.691126678804775
YLLs (Years of Life Lost),Saint Vincent and the Grenadines,Both,All ages,Alcoholic cardiomyopathy,Rate,1990,13.947692362477753,15.651394047356376,12.643084584854934
YLLs (Years of Life Lost),Sierra Leone,Both,All ages,Cirrhosis due to alcohol,Rate,1990,119.99834171097778,184.22945193171856,74.36715682431026
YLLs (Years of Life Lost),France,Both,All ages,Liver cancer due to alcohol use,Rate,1990,60.963819902533906,78.69732708654224,45.78032798578678
YLLs (Years of Life Lost),Tajikistan,Both,All ages,Alcohol use disorders,Rate,2010,106.94871601851106,158.72969382324382,72.40157691405761
YLLs (Years of Life Lost),Uganda,Both,All ages,Alcoholic cardiomyopathy,Rate,1990,0.034653900197083365,0.18016280011100688,0.006427807957693087
YLLs (Years of Life Lost),Romania,Both,All ages,Alcoholic cardiomyopathy,Rate,2000,98.07127821940405,109.49019554743887,88.24251499700479
YLLs (Years of Life Lost),Australia,Both,All ages,Alcoholic cardiomyopathy,Rate,2010,39.265777263903765,41.94688903053049,36.92715910779948
YLLs (Years of Life Lost),Suriname,Both,All ages,Cirrhosis due to alcohol,Rate,1990,247.26777997737597,300.6129721296125,192.73006615275702
YLLs (Years of Life Lost),Mauritania,Both,All ages,Alcohol use disorders,Rate,1990,25.43494258858207,34.1121140539003,18.275966674817706
YLLs (Years of Life Lost),Zambia,Both,All ages,Cirrhosis due to alcohol,Rate,1990,131.87967880005715,200.45183796606523,85.76064451305226
YLLs (Years of Life Lost),India,Both,All ages,Alcohol use disorders,Rate,2000,59.069665856851366,67.32830558993125,35.0575630231139
YLLs (Years of Life Lost),Malaysia,Both,All ages,Alcohol use disorders,Rate,2010,17.378558751896744,26.82233391797463,10.438316924017524
YLLs (Years of Life Lost),Colombia,Both,All ages,Alcoholic cardiomyopathy,Rate,2010,1.5855727559888069,1.7382647537896314,1.4421766572404708
YLLs (Years of Life Lost),Eritrea,Both,All ages,Alcoholic cardiomyopathy,Rate,1990,0.05154652169468071,0.25130551270681517,0.009336852909030361
YLLs (Years of Life Lost),Lebanon,Both,All ages,Cirrhosis due to alcohol,Rate,1990,18.76108108361526,29.698264299186352,9.91337768295114
YLLs (Years of Life Lost),Mauritania,Both,All ages,Alcoholic cardiomyopathy,Rate,1990,1.7880310852902601,4.230225810268789,0.1828356591815816
YLLs (Years of Life Lost),Canada,Both,All ages,Liver cancer due to alcohol use,Rate,1990,29.41814603163536,35.07847156385204,24.513071369901226
YLLs (Years of Life Lost),Lebanon,Both,All ages,Alcohol use disorders,Rate,1990,4.9467525135115915,7.411093439582147,2.6007987421842236
YLLs (Years of Life Lost),Republic of San Marino,Both,All ages,Liver cancer due to alcohol use,Rate,2010,37.513878427380625,51.743638379942944,26.825794733865948
YLLs (Years of Life Lost),Albania,Both,All ages,Liver cancer due to alcohol use,Rate,2000,61.861043415689856,90.85701422422534,40.223256472814356
YLLs (Years of Life Lost),Albania,Both,All ages,Alcohol use disorders,Rate,2000,19.403177246728006,24.343447418559297,15.149625039237257
YLLs (Years of Life Lost),Serbia,Both,All ages,Alcohol use disorders,Rate,2000,166.3717168779698,195.10675005975293,142.78164376219848
YLLs (Years of Life Lost),Principality of Monaco,Both,All ages,Liver cancer due to alcohol use,Rate,1990,58.35112902817226,84.17018258062518,37.07847532130373
YLLs (Years of Life Lost),New Zealand,Both,All ages,Alcohol use disorders,Rate,2010,38.026425169735006,39.966946669774764,36.03517210015361
YLLs (Years of Life Lost),Turkmenistan,Both,All ages,Cirrhosis due to alcohol,Rate,2010,446.9017414008898,546.9686379879884,339.0736225299624
YLLs (Years of Life Lost),Saudi Arabia,Both,All ages,Alcohol use disorders,Rate,1990,0.7987549424605014,1.062861128451744,0.5129825549226721
YLLs (Years of Life Lost),Nicaragua,Both,All ages,Cirrhosis due to alcohol,Rate,2000,154.0234887608438,188.58308072824244,118.4471230079415
YLLs (Years of Life Lost),Liberia,Both,All ages,Liver cancer due to alcohol use,Rate,2000,48.9201832419368,80.15287599130816,24.842661464629664
YLLs (Years of Life Lost),Egypt,Both,All ages,Cirrhosis due to alcohol,Rate,2010,43.80432507978589,72.23461404091653,24.68750763036356
YLLs (Years of Life Lost),Brazil,Both,All ages,Alcohol use disorders,Rate,1990,127.11217228820276,130.0446208684678,124.2266437998701
YLLs (Years of Life Lost),Iceland,Both,All ages,Alcoholic cardiomyopathy,Rate,2000,11.685729332090448,12.849385287540429,10.466394978906694
YLLs (Years of Life Lost),Oman,Both,All ages,Cirrhosis due to alcohol,Rate,1990,12.58658618146393,21.218472757062894,6.602327129426791
YLLs (Years of Life Lost),Turkey,Both,All ages,Liver cancer due to alcohol use,Rate,1990,6.307220140854636,9.850453302787619,4.000501142351553
YLLs (Years of Life Lost),Albania,Both,All ages,Alcoholic cardiomyopathy,Rate,2000,20.752265148752258,32.86701883468947,6.577302105115005
YLLs (Years of Life Lost),China,Both,All ages,Liver cancer due to alcohol use,Rate,2000,22.899628154770863,28.46821405404684,18.277256103474024
YLLs (Years of Life Lost),Slovakia,Both,All ages,Alcohol use disorders,Rate,1990,146.49923764182935,174.21070596230007,107.39850540936355
YLLs (Years of Life Lost),Principality of Monaco,Both,All ages,Alcoholic cardiomyopathy,Rate,1990,155.6986686027688,237.01423358567232,59.888681889491146
YLLs (Years of Life Lost),Bosnia and Herzegovina,Both,All ages,Cirrhosis due to alcohol,Rate,2000,212.33906483745005,276.4996906274439,157.51229299862055
YLLs (Years of Life Lost),Ethiopia,Both,All ages,Cirrhosis due to alcohol,Rate,1990,147.61888604805787,205.77159799114935,91.53282364021914
YLLs (Years of Life Lost),Niger,Both,All ages,Cirrhosis due to alcohol,Rate,1990,106.70330709180564,177.0281565206375,63.83818139242003
YLLs (Years of Life Lost),Guyana,Both,All ages,Cirrhosis due to alcohol,Rate,2000,250.336263134243,316.93666315940254,189.60077293896148
YLLs (Years of Life Lost),Botswana,Both,All ages,Cirrhosis due to alcohol,Rate,2000,113.66927197801529,189.95943954695375,68.41521943795662
YLLs (Years of Life Lost),Republic of San Marino,Both,All ages,Alcoholic cardiomyopathy,Rate,2010,22.775425906901653,41.753046722768076,6.2815514990647054
YLLs (Years of Life Lost),Djibouti,Both,All ages,Alcohol use disorders,Rate,2010,49.94736542168434,82.21571102074718,28.939426193684625
YLLs (Years of Life Lost),Samoa,Both,All ages,Alcoholic cardiomyopathy,Rate,2010,1.353644140046821,2.8736969390900984,0.18984415853216488
YLLs (Years of Life Lost),Dominican Republic,Both,All ages,Liver cancer due to alcohol use,Rate,2010,9.643553609141632,13.393546021150767,6.6869464137951
YLLs (Years of Life Lost),Dominican Republic,Both,All ages,Alcohol use disorders,Rate,2010,39.449386089125625,53.95239636338158,27.697997042596437
YLLs (Years of Life Lost),Libya,Both,All ages,Cirrhosis due to alcohol,Rate,1990,11.5491470470649,24.1341070252769,5.490509022622483
YLLs (Years of Life Lost),Botswana,Both,All ages,Liver cancer due to alcohol use,Rate,1990,11.943281256873117,24.065354611708287,5.12763283017325
YLLs (Years of Life Lost),Slovakia,Both,All ages,Cirrhosis due to alcohol,Rate,2000,416.8130194632116,502.5162711499163,338.15752353079057
YLLs (Years of Life Lost),Turkey,Both,All ages,Alcoholic cardiomyopathy,Rate,1990,0.4114007543751166,0.9807379873326603,0.07974400870804668
YLLs (Years of Life Lost),Plurinational State of Bolivia,Both,All ages,Liver cancer due to alcohol use,Rate,1990,10.6252475774334,16.220701922042007,6.59969077446684
YLLs (Years of Life Lost),Burkina Faso,Both,All ages,Alcoholic cardiomyopathy,Rate,1990,2.7261451021421204,6.940027841798365,0.2248253588012539
YLLs (Years of Life Lost),Republic of Nauru,Both,All ages,Alcohol use disorders,Rate,1990,53.204027144670626,86.59280542833677,27.28422296903901
YLLs (Years of Life Lost),Uzbekistan,Both,All ages,Cirrhosis due to alcohol,Rate,2010,324.79664752648455,403.74561310019453,249.13152357210944
YLLs (Years of Life Lost),Lesotho,Both,All ages,Liver cancer due to alcohol use,Rate,1990,16.2703830740705,34.487329250175094,4.8499644539719435
YLLs (Years of Life Lost),Sri Lanka,Both,All ages,Liver cancer due to alcohol use,Rate,2000,9.588727519868403,13.219285316880459,6.642242578979987
YLLs (Years of Life Lost),Costa Rica,Both,All ages,Alcohol use disorders,Rate,2010,41.207964448224715,43.46847703044811,38.83480383048401
YLLs (Years of Life Lost),Montenegro,Both,All ages,Liver cancer due to alcohol use,Rate,2000,65.50774969277789,91.14789145598168,45.49981001335068
YLLs (Years of Life Lost),Montenegro,Both,All ages,Alcohol use disorders,Rate,2000,61.577456538048985,73.69730853582331,50.54653650228628
YLLs (Years of Life Lost),Lesotho,Both,All ages,Alcohol use disorders,Rate,1990,28.3985220514271,39.392194165629576,18.699874484913945
YLLs (Years of Life Lost),Morocco,Both,All ages,Liver cancer due to alcohol use,Rate,2000,0.6892326878869695,1.059472791872448,0.4343839582404507
YLLs (Years of Life Lost),India,Both,All ages,Alcoholic cardiomyopathy,Rate,2000,2.204722061829529,5.565945453654915,0.45242384403276376
YLLs (Years of Life Lost),Djibouti,Both,All ages,Alcoholic cardiomyopathy,Rate,2010,0.03700684892947635,0.2272629455196199,0.00657183457204572
YLLs (Years of Life Lost),United Arab Emirates,Both,All ages,Alcohol use disorders,Rate,1990,12.955738730418599,18.24063583490609,7.858927832472949
YLLs (Years of Life Lost),Malaysia,Both,All ages,Alcoholic cardiomyopathy,Rate,2010,0.0241349164571546,0.056608718710500876,0.002568534505772677
YLLs (Years of Life Lost),Liberia,Both,All ages,Alcoholic cardiomyopathy,Rate,2000,1.7252128188910485,4.1904171806946655,0.15239415857673871
YLLs (Years of Life Lost),Lesotho,Both,All ages,Alcoholic cardiomyopathy,Rate,1990,0.07516314071853639,0.1926439111118539,0.012487565089009913
YLLs (Years of Life Lost),Dominican Republic,Both,All ages,Alcoholic cardiomyopathy,Rate,2010,20.509279045517115,31.62437901168538,4.00494815450897
YLLs (Years of Life Lost),Georgia,Both,All ages,Liver cancer due to alcohol use,Rate,2000,35.08707008853988,47.96881904388422,24.987767631349833
YLLs (Years of Life Lost),Plurinational State of Bolivia,Both,All ages,Alcoholic cardiomyopathy,Rate,1990,0.12871984614881715,0.2756975302932014,0.008347786407931863
YLLs (Years of Life Lost),Namibia,Both,All ages,Alcoholic cardiomyopathy,Rate,2000,0.1187702205541739,0.29719282096306776,0.02180553643151176
YLLs (Years of Life Lost),Ukraine,Both,All ages,Alcoholic cardiomyopathy,Rate,2000,743.0275682208755,813.495549908895,679.2984544025533
YLLs (Years of Life Lost),Palestine,Both,All ages,Liver cancer due to alcohol use,Rate,1990,6.905072070035627,11.158253580998485,4.098977462086261
YLLs (Years of Life Lost),Brazil,Both,All ages,Alcoholic cardiomyopathy,Rate,1990,44.510811428814,49.06588236894033,41.176587697045356
YLLs (Years of Life Lost),Ecuador,Both,All ages,Alcohol use disorders,Rate,1990,166.94429409562412,174.280637581532,159.53934734629746
YLLs (Years of Life Lost),United States of America,Both,All ages,Alcohol use disorders,Rate,1990,109.47302819280884,111.1782049892058,107.77581640404887
YLLs (Years of Life Lost),Malawi,Both,All ages,Liver cancer due to alcohol use,Rate,1990,8.296115329012093,13.598384628405743,4.71314530535445
YLLs (Years of Life Lost),Ecuador,Both,All ages,Alcoholic cardiomyopathy,Rate,1990,0.12009187393989787,0.1786227520915024,0.08518968947557978
YLLs (Years of Life Lost),Senegal,Both,All ages,Liver cancer due to alcohol use,Rate,1990,24.732664178002107,37.517304777348244,13.70941678965886
YLLs (Years of Life Lost),Malawi,Both,All ages,Alcoholic cardiomyopathy,Rate,1990,0.028925082962643334,0.1483597423598104,0.00647728294708145
YLLs (Years of Life Lost),Peru,Both,All ages,Cirrhosis due to alcohol,Rate,1990,255.70452602726928,315.7235738442755,200.64017070176308
YLLs (Years of Life Lost),Senegal,Both,All ages,Alcoholic cardiomyopathy,Rate,1990,2.0179861685211566,4.567268382220763,0.1949933633890291
YLLs (Years of Life Lost),Oman,Both,All ages,Alcohol use disorders,Rate,1990,8.80160167134401,12.60813666768787,5.81746622814049
YLLs (Years of Life Lost),Ireland,Both,All ages,Cirrhosis due to alcohol,Rate,2000,86.37477072599157,101.89681802176588,70.07426304364701
YLLs (Years of Life Lost),Uruguay,Both,All ages,Cirrhosis due to alcohol,Rate,2000,114.05862010069377,143.8337743867633,84.72955237096853
YLLs (Years of Life Lost),Tokelau,Both,All ages,Alcohol use disorders,Rate,2010,36.25733203580557,52.62602476510904,19.664634609036273
YLLs (Years of Life Lost),Cameroon,Both,All ages,Alcohol use disorders,Rate,1990,33.93144850006451,43.90855850341428,23.460596941834922
YLLs (Years of Life Lost),Oman,Both,All ages,Alcoholic cardiomyopathy,Rate,1990,0.2868267365831162,0.6163499039429603,0.036948893449052896
YLLs (Years of Life Lost),Mauritius,Both,All ages,Alcohol use disorders,Rate,1990,325.22238821708925,345.75946163728645,306.5660050167391
YLLs (Years of Life Lost),Montenegro,Both,All ages,Alcoholic cardiomyopathy,Rate,2000,170.85105433805268,279.6766500260764,55.93131683070611
YLLs (Years of Life Lost),Sierra Leone,Both,All ages,Alcohol use disorders,Rate,1990,30.619791722384996,41.884788120062034,19.245237412955802
YLLs (Years of Life Lost),Botswana,Both,All ages,Liver cancer due to alcohol use,Rate,2000,24.80430452266089,66.75175752596898,8.241690271591414
YLLs (Years of Life Lost),Islamic Republic of Iran,Both,All ages,Alcohol use disorders,Rate,2000,10.162850878269168,11.368509636343425,6.595841802270559
YLLs (Years of Life Lost),Morocco,Both,All ages,Alcoholic cardiomyopathy,Rate,2000,1.6575249759640822,3.6149735282295543,0.3556474017061622
YLLs (Years of Life Lost),Jamaica,Both,All ages,Liver cancer due to alcohol use,Rate,2000,7.899713330866768,10.500368784152709,5.859860594175534
YLLs (Years of Life Lost),Qatar,Both,All ages,Cirrhosis due to alcohol,Rate,1990,13.402954678605083,21.27006828957959,7.79004471221441
YLLs (Years of Life Lost),Mauritius,Both,All ages,Alcoholic cardiomyopathy,Rate,1990,7.693396260423057,8.631257901295278,6.803977240166495
YLLs (Years of Life Lost),Bulgaria,Both,All ages,Liver cancer due to alcohol use,Rate,2010,95.92275264271335,118.44755789503162,73.83449766927173
YLLs (Years of Life Lost),Nepal,Both,All ages,Cirrhosis due to alcohol,Rate,2000,199.60992598423644,340.8482642333416,118.30462044237846
YLLs (Years of Life Lost),Mali,Both,All ages,Alcohol use disorders,Rate,2000,26.81545202111694,41.33199772509176,16.74640110904366
YLLs (Years of Life Lost),Madagascar,Both,All ages,Liver cancer due to alcohol use,Rate,2000,6.4628261716284205,11.582336830664934,3.519123772228981
YLLs (Years of Life Lost),El Salvador,Both,All ages,Liver cancer due to alcohol use,Rate,2000,5.3896466611854175,7.1323656996208085,3.8633054215547133
YLLs (Years of Life Lost),Mozambique,Both,All ages,Cirrhosis due to alcohol,Rate,1990,56.04992022060363,84.47511816726711,35.35440770392439
YLLs (Years of Life Lost),Eritrea,Both,All ages,Cirrhosis due to alcohol,Rate,2010,142.84695193874688,222.15346198909089,85.51293958366912
YLLs (Years of Life Lost),Maldives,Both,All ages,Cirrhosis due to alcohol,Rate,2010,36.606521121347704,49.95202908389601,25.668289707648633
YLLs (Years of Life Lost),Republic of Moldova,Both,All ages,Liver cancer due to alcohol use,Rate,2000,49.422893763567764,61.308939381622075,37.85115831984564
YLLs (Years of Life Lost),Paraguay,Both,All ages,Cirrhosis due to alcohol,Rate,1990,69.93820254036902,87.0380751644024,52.788841705930444
YLLs (Years of Life Lost),Republic of Korea,Both,All ages,Liver cancer due to alcohol use,Rate,2000,87.47357684012994,118.49293580689101,61.36350806774978
YLLs (Years of Life Lost),Namibia,Both,All ages,Alcohol use disorders,Rate,1990,33.0330801806319,44.58871205497593,19.392433815550426
YLLs (Years of Life Lost),United Arab Emirates,Both,All ages,Alcoholic cardiomyopathy,Rate,1990,1.878907137780217,4.020335841363833,0.41511708203048336
YLLs (Years of Life Lost),Republic of Niue,Both,All ages,Cirrhosis due to alcohol,Rate,1990,91.22513303593206,135.54858306996564,54.110066063952125
YLLs (Years of Life Lost),Solomon Islands,Both,All ages,Cirrhosis due to alcohol,Rate,2010,85.37504590053128,132.09397313652212,50.02685506393488
YLLs (Years of Life Lost),Grenada,Both,All ages,Cirrhosis due to alcohol,Rate,2010,155.494631437429,187.27273210051993,124.55243689207855
YLLs (Years of Life Lost),Togo,Both,All ages,Cirrhosis due to alcohol,Rate,1990,76.17685338063455,116.207665440142,43.33340438719707
YLLs (Years of Life Lost),United Republic of Tanzania,Both,All ages,Cirrhosis due to alcohol,Rate,2010,93.85671566225565,133.95995017821005,59.610758089961145
YLLs (Years of Life Lost),Solomon Islands,Both,All ages,Alcohol use disorders,Rate,2000,42.566805818081434,64.59466721405866,20.28043810629532
YLLs (Years of Life Lost),Tajikistan,Both,All ages,Alcoholic cardiomyopathy,Rate,1990,0.024830273335947436,0.05473766334485806,0.0016572037952715779
YLLs (Years of Life Lost),Sri Lanka,Both,All ages,Alcoholic cardiomyopathy,Rate,2000,7.392121375658288,16.81602919200697,1.324954677013168
YLLs (Years of Life Lost),Solomon Islands,Both,All ages,Alcoholic cardiomyopathy,Rate,2000,1.0692573429000265,2.2072631616898954,0.121175162031721
YLLs (Years of Life Lost),Poland,Both,All ages,Cirrhosis due to alcohol,Rate,2000,224.3739388879962,250.43180496824996,200.3460504021834
YLLs (Years of Life Lost),Bhutan,Both,All ages,Liver cancer due to alcohol use,Rate,2010,15.57852587248496,24.225369732040285,9.546212318895652
YLLs (Years of Life Lost),United States of America,Both,All ages,Alcoholic cardiomyopathy,Rate,1990,50.47433642889378,53.419048904971994,47.000006184021764
YLLs (Years of Life Lost),Iraq,Both,All ages,Liver cancer due to alcohol use,Rate,2010,4.77383919604632,7.618905346289446,2.9210679963890858
YLLs (Years of Life Lost),Poland,Both,All ages,Alcohol use disorders,Rate,2000,336.6964189071598,344.163418076837,330.14409767754677
YLLs (Years of Life Lost),Madagascar,Both,All ages,Alcoholic cardiomyopathy,Rate,2000,0.06252058059051467,0.38008883796685144,0.011587213806452779
YLLs (Years of Life Lost),Republic of Cabo Verde,Both,All ages,Cirrhosis due to alcohol,Rate,1990,82.8555038208416,134.89290716932248,51.89691908319727
YLLs (Years of Life Lost),Palestine,Both,All ages,Alcohol use disorders,Rate,2000,0.21138665757519304,0.27528166595094716,0.12140899801099497
YLLs (Years of Life Lost),Mali,Both,All ages,Alcoholic cardiomyopathy,Rate,2000,0.9471036886034957,2.323894150768322,0.08661362292194302
YLLs (Years of Life Lost),El Salvador,Both,All ages,Cirrhosis due to alcohol,Rate,2010,199.27528563610008,250.05864586934916,154.17532296317856
YLLs (Years of Life Lost),Kazakhstan,Both,All ages,Liver cancer due to alcohol use,Rate,2000,81.79157923971839,107.33636733387118,59.27826110261383
YLLs (Years of Life Lost),Kazakhstan,Both,All ages,Alcohol use disorders,Rate,2000,699.102757270846,804.1007117167334,602.598034161372
YLLs (Years of Life Lost),Antigua and Barbuda,Both,All ages,Alcoholic cardiomyopathy,Rate,1990,3.143399898290005,3.7320254818730314,2.57234785137239
YLLs (Years of Life Lost),Grenada,Both,All ages,Alcohol use disorders,Rate,2010,109.17541830221815,118.73047743679989,100.21601821737535
YLLs (Years of Life Lost),Bulgaria,Both,All ages,Alcoholic cardiomyopathy,Rate,2010,13.789442994798897,15.5167793962642,12.301421602903691
YLLs (Years of Life Lost),Andorra,Both,All ages,Alcohol use disorders,Rate,2010,15.765080755315088,20.347607487246076,10.72098764119548
YLLs (Years of Life Lost),Fiji,Both,All ages,Cirrhosis due to alcohol,Rate,1990,35.105430396886476,54.062379175935725,20.985645606006727
YLLs (Years of Life Lost),Taiwan (Province of China),Both,All ages,Cirrhosis due to alcohol,Rate,2010,184.64465154877718,245.1005907376074,129.34174505623216
YLLs (Years of Life Lost),Slovakia,Both,All ages,Alcoholic cardiomyopathy,Rate,1990,28.164777737710825,46.542599723895876,10.548798247439274
YLLs (Years of Life Lost),Republic of the Gambia,Both,All ages,Alcohol use disorders,Rate,2010,34.97202267176626,45.82223932286313,23.936657925170643
YLLs (Years of Life Lost),Costa Rica,Both,All ages,Liver cancer due to alcohol use,Rate,1990,19.78742527700134,25.48110998367089,14.984588103869509
YLLs (Years of Life Lost),Tonga,Both,All ages,Cirrhosis due to alcohol,Rate,2000,85.08721837825271,119.46592928837154,54.56852127568619
YLLs (Years of Life Lost),Kazakhstan,Both,All ages,Alcoholic cardiomyopathy,Rate,2000,12.300227339641888,25.94427244894912,5.873760130390285
YLLs (Years of Life Lost),Costa Rica,Both,All ages,Alcoholic cardiomyopathy,Rate,1990,8.70123074464853,10.26145208864078,7.291394662477492
YLLs (Years of Life Lost),Madagascar,Both,All ages,Liver cancer due to alcohol use,Rate,1990,7.887969908351315,13.833908521200438,4.1547177638108135
YLLs (Years of Life Lost),Bermuda,Both,All ages,Cirrhosis due to alcohol,Rate,2000,114.58963643168995,137.64138695267832,90.92481478823704
YLLs (Years of Life Lost),Tunisia,Both,All ages,Liver cancer due to alcohol use,Rate,1990,3.196494145402955,5.086384472537431,2.0167663108376823
YLLs (Years of Life Lost),Palestine,Both,All ages,Alcoholic cardiomyopathy,Rate,2000,0.5573558489176837,0.9494350985863643,0.09098693732306794
YLLs (Years of Life Lost),Madagascar,Both,All ages,Alcoholic cardiomyopathy,Rate,1990,0.0649498568033772,0.3446770895145818,0.013069258712306558
YLLs (Years of Life Lost),Saint Lucia,Both,All ages,Alcohol use disorders,Rate,2000,138.10061086694498,148.8836505925237,128.95411061912003
YLLs (Years of Life Lost),Andorra,Both,All ages,Alcoholic cardiomyopathy,Rate,2010,37.586393484091,58.95376389359904,13.685803830366865
YLLs (Years of Life Lost),Tuvalu,Both,All ages,Cirrhosis due to alcohol,Rate,2010,96.17602364687885,142.60075120441064,58.17847418756884
YLLs (Years of Life Lost),Zambia,Both,All ages,Liver cancer due to alcohol use,Rate,2010,14.926337513386967,30.869369368323543,7.486850091330321
YLLs (Years of Life Lost),Mauritania,Both,All ages,Cirrhosis due to alcohol,Rate,2000,67.45779080116337,105.73098130398165,38.94743363143761
YLLs (Years of Life Lost),Singapore,Both,All ages,Alcohol use disorders,Rate,2000,3.3222336669300585,3.5240174142178544,3.1386129871810002
YLLs (Years of Life Lost),El Salvador,Both,All ages,Alcohol use disorders,Rate,1990,733.3493970687733,821.3979349910111,470.80132108603203
YLLs (Years of Life Lost),Malawi,Both,All ages,Alcohol use disorders,Rate,2000,43.881338083655685,55.41767183388297,31.291376079607904
YLLs (Years of Life Lost),Principality of Monaco,Both,All ages,Cirrhosis due to alcohol,Rate,1990,221.45093271447865,287.0486373996935,165.47218989419807
YLLs (Years of Life Lost),Republic of the Gambia,Both,All ages,Alcoholic cardiomyopathy,Rate,2010,1.0538700780061818,2.528127165442532,0.11376358295655085
YLLs (Years of Life Lost),Tunisia,Both,All ages,Alcoholic cardiomyopathy,Rate,1990,1.574489959219431,2.979032095966931,0.2313232424617474
YLLs (Years of Life Lost),South Africa,Both,All ages,Liver cancer due to alcohol use,Rate,2000,35.927238707558075,42.18968564678508,29.43928186137327
YLLs (Years of Life Lost),Kyrgyzstan,Both,All ages,Cirrhosis due to alcohol,Rate,2000,399.34709128209425,494.5526827480894,305.91561576337125
YLLs (Years of Life Lost),Somalia,Both,All ages,Liver cancer due to alcohol use,Rate,1990,15.26815557866207,31.06910965078139,5.010733076272674
YLLs (Years of Life Lost),Syrian Arab Republic,Both,All ages,Liver cancer due to alcohol use,Rate,1990,6.15863042348396,10.20845445140356,3.557474602303109
YLLs (Years of Life Lost),Romania,Both,All ages,Cirrhosis due to alcohol,Rate,2000,630.5131370335864,740.6025307343566,510.799499697988
YLLs (Years of Life Lost),Brazil,Both,All ages,Alcohol use disorders,Rate,2000,149.9532346436097,153.2127720641464,146.80944434638005
YLLs (Years of Life Lost),Canada,Both,All ages,Liver cancer due to alcohol use,Rate,2000,43.06705238382804,51.256237615337966,35.734474893082194
YLLs (Years of Life Lost),Croatia,Both,All ages,Alcohol use disorders,Rate,2010,207.07990253571586,224.50147070028848,188.93771904429178
YLLs (Years of Life Lost),Thailand,Both,All ages,Alcohol use disorders,Rate,2000,67.94467718000169,94.35633006463966,43.97018949233772
YLLs (Years of Life Lost),Guatemala,Both,All ages,Cirrhosis due to alcohol,Rate,1990,262.35750678570963,326.94104598264437,203.00629805247522
YLLs (Years of Life Lost),Oman,Both,All ages,Cirrhosis due to alcohol,Rate,2000,10.512969168293358,16.62888609376143,6.094218950542596
YLLs (Years of Life Lost),Turkey,Both,All ages,Alcohol use disorders,Rate,1990,10.525183479755928,15.725985077340678,6.352236786403041
YLLs (Years of Life Lost),Latvia,Both,All ages,Liver cancer due to alcohol use,Rate,2010,42.63421209905838,52.801444194987845,32.77077506493606
YLLs (Years of Life Lost),Austria,Both,All ages,Cirrhosis due to alcohol,Rate,2010,283.9860228386628,329.01978269117063,229.58646270209996
YLLs (Years of Life Lost),Uruguay,Both,All ages,Liver cancer due to alcohol use,Rate,1990,8.918728445541356,11.823828044226916,6.370809185279557
YLLs (Years of Life Lost),Somalia,Both,All ages,Alcoholic cardiomyopathy,Rate,1990,0.04862122931322803,0.22050938892047914,0.00683212925138181
YLLs (Years of Life Lost),Armenia,Both,All ages,Cirrhosis due to alcohol,Rate,1990,147.74648158424574,181.70618855945156,114.62474000307813
YLLs (Years of Life Lost),Ghana,Both,All ages,Cirrhosis due to alcohol,Rate,2010,99.35134917228564,140.48388464917286,67.79534252634878
YLLs (Years of Life Lost),Somalia,Both,All ages,Cirrhosis due to alcohol,Rate,1990,156.29624190392306,245.06203028528225,83.36658416109015
YLLs (Years of Life Lost),South Africa,Both,All ages,Alcoholic cardiomyopathy,Rate,2000,0.14467231409969963,0.20099640424519968,0.010830900298259553
YLLs (Years of Life Lost),Singapore,Both,All ages,Alcoholic cardiomyopathy,Rate,2000,2.3086149301712084,2.5845830451247935,2.063304713124228
YLLs (Years of Life Lost),Honduras,Both,All ages,Liver cancer due to alcohol use,Rate,2010,9.316549016242456,15.412734505456218,5.548705471304543
YLLs (Years of Life Lost),Saudi Arabia,Both,All ages,Alcoholic cardiomyopathy,Rate,1990,1.3566377889750627,2.3691672939089576,0.18803450463443708
YLLs (Years of Life Lost),Latvia,Both,All ages,Alcoholic cardiomyopathy,Rate,2010,963.1295205283403,1027.8021799294684,896.9994471018214
YLLs (Years of Life Lost),United Arab Emirates,Both,All ages,Cirrhosis due to alcohol,Rate,1990,8.481796148549693,14.475541532851043,4.578814898400085
YLLs (Years of Life Lost),United Republic of Tanzania,Both,All ages,Alcohol use disorders,Rate,1990,40.42584660791826,57.50981617076916,27.95950779782709
YLLs (Years of Life Lost),Jordan,Both,All ages,Alcohol use disorders,Rate,2010,2.001732327022628,2.495086282852676,1.365843427608178
YLLs (Years of Life Lost),Brazil,Both,All ages,Alcoholic cardiomyopathy,Rate,2000,46.13100497482071,48.45060077578725,43.95347114928924
YLLs (Years of Life Lost),Luxembourg,Both,All ages,Liver cancer due to alcohol use,Rate,2000,47.59079372882276,58.4948228714366,37.59056722717722
YLLs (Years of Life Lost),Guyana,Both,All ages,Cirrhosis due to alcohol,Rate,2010,401.89499561877125,502.1674259037723,305.15576994085376
YLLs (Years of Life Lost),India,Both,All ages,Alcohol use disorders,Rate,2010,62.47910400686822,70.5288236712518,36.08741562597906
YLLs (Years of Life Lost),Norway,Both,All ages,Liver cancer due to alcohol use,Rate,2010,24.782449503456217,28.191954075786622,21.804051331128065
YLLs (Years of Life Lost),Uganda,Both,All ages,Cirrhosis due to alcohol,Rate,1990,103.36419323744715,151.83170082364964,64.41130746744784
YLLs (Years of Life Lost),Republic of Côte d'Ivoire,Both,All ages,Liver cancer due to alcohol use,Rate,1990,14.014862707529426,22.05283849318095,7.536716603663557
YLLs (Years of Life Lost),Saint Lucia,Both,All ages,Alcoholic cardiomyopathy,Rate,2000,47.10398323811737,52.02296545545052,42.49577050872355
YLLs (Years of Life Lost),Estonia,Both,All ages,Liver cancer due to alcohol use,Rate,2010,56.452728457067735,71.0009894711463,44.32749052921682
YLLs (Years of Life Lost),Croatia,Both,All ages,Cirrhosis due to alcohol,Rate,2000,461.8550269599225,551.0891007407254,372.91782903305705
YLLs (Years of Life Lost),Armenia,Both,All ages,Alcohol use disorders,Rate,2000,78.13904177309601,83.70067318406491,73.64945029818833
YLLs (Years of Life Lost),Armenia,Both,All ages,Alcoholic cardiomyopathy,Rate,2000,119.34239862132596,137.70870195527687,102.66669384378305
YLLs (Years of Life Lost),Azerbaijan,Both,All ages,Cirrhosis due to alcohol,Rate,2000,300.2415086343059,373.2257821954282,221.88042100796625
YLLs (Years of Life Lost),Burundi,Both,All ages,Alcoholic cardiomyopathy,Rate,1990,0.04529905949290925,0.2241928109209331,0.008764915520884096
YLLs (Years of Life Lost),Bhutan,Both,All ages,Alcoholic cardiomyopathy,Rate,2000,1.8740232629991052,6.0470348808655565,0.34953090235263756
YLLs (Years of Life Lost),Plurinational State of Bolivia,Both,All ages,Alcohol use disorders,Rate,1990,125.46087230619652,173.46553750325302,75.75209507321918
YLLs (Years of Life Lost),Tuvalu,Both,All ages,Liver cancer due to alcohol use,Rate,1990,10.467148179568497,17.966760560575267,6.011836477000167
YLLs (Years of Life Lost),Syrian Arab Republic,Both,All ages,Alcoholic cardiomyopathy,Rate,1990,1.437214818500694,2.6005650779159186,0.2955123033422971
YLLs (Years of Life Lost),South Africa,Both,All ages,Cirrhosis due to alcohol,Rate,1990,70.85626934010344,94.6992938374065,54.87356096290082
YLLs (Years of Life Lost),Malawi,Both,All ages,Alcohol use disorders,Rate,1990,37.232870247146536,49.90578703290259,25.873119626790206
YLLs (Years of Life Lost),Turkmenistan,Both,All ages,Alcohol use disorders,Rate,1990,133.39977248274053,150.60128671747154,118.50046482055757
YLLs (Years of Life Lost),Trinidad and Tobago,Both,All ages,Alcoholic cardiomyopathy,Rate,1990,9.082766927150354,11.21407706758625,6.90426744028799
YLLs (Years of Life Lost),Guinea-Bissau,Both,All ages,Alcoholic cardiomyopathy,Rate,2000,1.8910520951559566,4.5882134338618075,0.19775172219460505
YLLs (Years of Life Lost),United States of America,Both,All ages,Alcohol use disorders,Rate,2000,119.91625469473877,121.77891621519453,117.84402904098663
YLLs (Years of Life Lost),Botswana,Both,All ages,Alcohol use disorders,Rate,1990,32.024936387890484,49.185383216696216,18.798418077976358
YLLs (Years of Life Lost),India,Both,All ages,Alcoholic cardiomyopathy,Rate,2010,2.3893423056918883,5.823751058797175,0.4637086534709538
YLLs (Years of Life Lost),Switzerland,Both,All ages,Liver cancer due to alcohol use,Rate,2000,63.26004168288118,77.62668896153677,48.9870258687421
YLLs (Years of Life Lost),Luxembourg,Both,All ages,Alcoholic cardiomyopathy,Rate,2000,41.363986411277786,45.2974942758083,37.674783081989624
YLLs (Years of Life Lost),Mauritius,Both,All ages,Cirrhosis due to alcohol,Rate,2000,193.37792990096204,259.82022329690943,136.29107045543043
YLLs (Years of Life Lost),Timor-Leste,Both,All ages,Cirrhosis due to alcohol,Rate,2000,72.10925912653505,158.1428326833065,35.07985957434811
YLLs (Years of Life Lost),Saint Vincent and the Grenadines,Both,All ages,Cirrhosis due to alcohol,Rate,2000,130.71504019386012,159.25990035524825,102.9903694009733
YLLs (Years of Life Lost),Afghanistan,Both,All ages,Alcohol use disorders,Rate,1990,12.359221526535489,18.69358971311513,4.240875173160009
YLLs (Years of Life Lost),Commonwealth of the Bahamas,Both,All ages,Alcohol use disorders,Rate,2010,143.3745045102735,157.687671522635,129.31991090261508
YLLs (Years of Life Lost),Botswana,Both,All ages,Alcoholic cardiomyopathy,Rate,1990,0.1313108700516716,0.4656097197548998,0.0222057609081382
YLLs (Years of Life Lost),Czech Republic,Both,All ages,Cirrhosis due to alcohol,Rate,2010,316.85491879946983,380.7305108135385,257.0681978737888
YLLs (Years of Life Lost),Paraguay,Both,All ages,Cirrhosis due to alcohol,Rate,2000,82.3985797866106,107.63087459571925,62.272870298943275
YLLs (Years of Life Lost),Mongolia,Both,All ages,Cirrhosis due to alcohol,Rate,2000,317.43995594123004,421.46694719571764,233.97226238842435
YLLs (Years of Life Lost),Lithuania,Both,All ages,Alcohol use disorders,Rate,2010,555.7110596406094,590.7872855155605,523.5337498968836
YLLs (Years of Life Lost),Jordan,Both,All ages,Alcoholic cardiomyopathy,Rate,2010,0.06631428846424095,0.10622610800032076,0.010572096389450019
YLLs (Years of Life Lost),Lesotho,Both,All ages,Cirrhosis due to alcohol,Rate,1990,108.06764372135567,211.8623492279287,55.278836308084756
YLLs (Years of Life Lost),United States of America,Both,All ages,Alcoholic cardiomyopathy,Rate,2000,56.04659326091817,58.1486572143114,53.969364697610644
YLLs (Years of Life Lost),Botswana,Both,All ages,Cirrhosis due to alcohol,Rate,2010,93.97726795485013,138.4975859290023,60.2286790574781
YLLs (Years of Life Lost),Slovakia,Both,All ages,Liver cancer due to alcohol use,Rate,2000,65.55762048859901,86.52600397624016,48.33425320477884
YLLs (Years of Life Lost),Nepal,Both,All ages,Cirrhosis due to alcohol,Rate,2010,217.64487700304176,332.7574323980397,139.7281575227567
YLLs (Years of Life Lost),Algeria,Both,All ages,Liver cancer due to alcohol use,Rate,1990,1.4788816448406192,2.2820503939835026,0.936089312524502
YLLs (Years of Life Lost),Tunisia,Both,All ages,Alcohol use disorders,Rate,1990,6.20610102523171,8.15484169326714,2.598678608769376
YLLs (Years of Life Lost),Kingdom of Eswatini,Both,All ages,Alcohol use disorders,Rate,2000,38.30970306425274,52.74539667430969,23.280883089570583
YLLs (Years of Life Lost),Republic of Niue,Both,All ages,Liver cancer due to alcohol use,Rate,1990,13.46009038649965,21.883816126157758,7.748360613712933
YLLs (Years of Life Lost),Malta,Both,All ages,Alcohol use disorders,Rate,2000,17.401109004362123,18.961227808937505,16.112936356583553
YLLs (Years of Life Lost),Kuwait,Both,All ages,Cirrhosis due to alcohol,Rate,2010,6.011940647515193,8.719798545878314,3.8608354689632565
YLLs (Years of Life Lost),Bangladesh,Both,All ages,Cirrhosis due to alcohol,Rate,1990,161.4021285259834,218.24026711584796,112.02511973792392
YLLs (Years of Life Lost),Madagascar,Both,All ages,Liver cancer due to alcohol use,Rate,2010,5.335310583802911,9.706392039127726,2.7544290817787154
YLLs (Years of Life Lost),Kyrgyzstan,Both,All ages,Liver cancer due to alcohol use,Rate,2000,13.810058842548008,19.161034000948696,9.280996174522688
YLLs (Years of Life Lost),Kyrgyzstan,Both,All ages,Alcohol use disorders,Rate,2000,374.99775784122704,415.32928198693065,338.8858024949341
YLLs (Years of Life Lost),Commonwealth of the Bahamas,Both,All ages,Liver cancer due to alcohol use,Rate,1990,21.797771894747097,29.154985200856462,16.68586433067322
YLLs (Years of Life Lost),Mexico,Both,All ages,Alcohol use disorders,Rate,2010,110.17224931810631,112.85212088306743,107.82675471054937
YLLs (Years of Life Lost),Republic of the Gambia,Both,All ages,Alcohol use disorders,Rate,1990,31.714339939951135,45.64761203677036,19.33374213127806
YLLs (Years of Life Lost),Mauritius,Both,All ages,Cirrhosis due to alcohol,Rate,1990,164.07291437979765,218.19415553130918,115.96222587466843
YLLs (Years of Life Lost),Jamaica,Both,All ages,Liver cancer due to alcohol use,Rate,2010,10.151703871640398,13.106836340268924,7.413204572553956
YLLs (Years of Life Lost),Georgia,Both,All ages,Liver cancer due to alcohol use,Rate,1990,34.90928311451072,48.231964426349634,23.793172458849053
YLLs (Years of Life Lost),Republic of San Marino,Both,All ages,Alcohol use disorders,Rate,2000,12.915819850968063,16.211863243198728,9.114697636476755
YLLs (Years of Life Lost),Ecuador,Both,All ages,Cirrhosis due to alcohol,Rate,1990,196.49728609005805,234.0204270875802,158.7100364917471
YLLs (Years of Life Lost),Sri Lanka,Both,All ages,Liver cancer due to alcohol use,Rate,2010,8.364530486522824,11.655023603672403,5.587970957697084
YLLs (Years of Life Lost),Federated States of Micronesia,Both,All ages,Alcoholic cardiomyopathy,Rate,2010,1.9132625863985928,3.9903590543219143,0.2644808624569367
YLLs (Years of Life Lost),Algeria,Both,All ages,Alcoholic cardiomyopathy,Rate,1990,1.2914063415163641,2.4876504362165544,0.25390826124240046
YLLs (Years of Life Lost),Kingdom of Eswatini,Both,All ages,Alcoholic cardiomyopathy,Rate,2000,0.1367300620430981,0.35052324269046026,0.02355851546651524
YLLs (Years of Life Lost),Comoros,Both,All ages,Alcoholic cardiomyopathy,Rate,2000,0.031142301973737116,0.19751929766368317,0.00577525361910223
YLLs (Years of Life Lost),Malta,Both,All ages,Alcoholic cardiomyopathy,Rate,2000,15.920399956398478,17.708143778200746,14.151377468391393
YLLs (Years of Life Lost),Madagascar,Both,All ages,Alcoholic cardiomyopathy,Rate,2010,0.05735355412234867,0.38707188721619007,0.009795997567586425
YLLs (Years of Life Lost),Republic of Moldova,Both,All ages,Cirrhosis due to alcohol,Rate,2010,1361.65782239619,1620.9026832651386,1084.1156711009116
YLLs (Years of Life Lost),Republic of the Gambia,Both,All ages,Alcoholic cardiomyopathy,Rate,1990,2.0242255323535523,4.911209838056285,0.15402389068719557
YLLs (Years of Life Lost),Sao Tome and Principe,Both,All ages,Liver cancer due to alcohol use,Rate,2000,7.93187626170986,11.599826651128351,5.194421742956991
YLLs (Years of Life Lost),Turkey,Both,All ages,Cirrhosis due to alcohol,Rate,1990,11.416340381605544,17.983427441979774,6.908864004725816
YLLs (Years of Life Lost),Commonwealth of the Bahamas,Both,All ages,Alcohol use disorders,Rate,1990,97.43573127198434,106.8636487386786,88.7022011080235
YLLs (Years of Life Lost),Kyrgyzstan,Both,All ages,Alcoholic cardiomyopathy,Rate,2000,120.2507175450587,134.7908835015465,105.37594638766915
YLLs (Years of Life Lost),Commonwealth of the Bahamas,Both,All ages,Alcoholic cardiomyopathy,Rate,1990,34.383395956687316,41.97123971519039,27.546569227221067
YLLs (Years of Life Lost),Mexico,Both,All ages,Alcoholic cardiomyopathy,Rate,2010,4.8321336117531954,5.021774363440266,4.636348787041217
YLLs (Years of Life Lost),Sri Lanka,Both,All ages,Alcoholic cardiomyopathy,Rate,2010,3.055391576844924,5.670168625303405,0.7032062449319696
YLLs (Years of Life Lost),India,Both,All ages,Cirrhosis due to alcohol,Rate,2000,207.36022178886853,251.71929168039102,175.4913457298097
YLLs (Years of Life Lost),Namibia,Both,All ages,Cirrhosis due to alcohol,Rate,1990,109.61332724243226,195.16608945571824,60.1456272298278
YLLs (Years of Life Lost),Zimbabwe,Both,All ages,Cirrhosis due to alcohol,Rate,2000,99.55926165023833,143.3761514957902,64.15038079829388
YLLs (Years of Life Lost),Myanmar,Both,All ages,Liver cancer due to alcohol use,Rate,2000,8.456152469413476,18.546335438325553,4.212349704598413
YLLs (Years of Life Lost),Honduras,Both,All ages,Alcohol use disorders,Rate,2000,124.99589689572602,180.33269949612017,81.94744575944159
YLLs (Years of Life Lost),South Africa,Both,All ages,Alcohol use disorders,Rate,2000,56.18663797609568,61.61888925637624,36.19539045869253
YLLs (Years of Life Lost),Bahrain,Both,All ages,Alcohol use disorders,Rate,1990,20.009888681075797,24.816273173439107,8.483266707437014
YLLs (Years of Life Lost),Ghana,Both,All ages,Cirrhosis due to alcohol,Rate,1990,96.88262793506983,144.59951638442493,58.87387678549591
YLLs (Years of Life Lost),Andorra,Both,All ages,Cirrhosis due to alcohol,Rate,1990,195.2925758935187,281.6921692652225,123.59562126250798
YLLs (Years of Life Lost),Rwanda,Both,All ages,Liver cancer due to alcohol use,Rate,2000,18.714818088284883,28.771803492384784,11.778098419734219
YLLs (Years of Life Lost),Slovenia,Both,All ages,Alcohol use disorders,Rate,2000,274.6464381020931,292.1931419387192,258.4660340397061
YLLs (Years of Life Lost),Armenia,Both,All ages,Cirrhosis due to alcohol,Rate,2010,336.3221818869291,410.7588178174744,267.8869408491998
YLLs (Years of Life Lost),Luxembourg,Both,All ages,Alcohol use disorders,Rate,1990,161.08097747376254,169.83829240191534,152.781660702338
YLLs (Years of Life Lost),North Macedonia,Both,All ages,Liver cancer due to alcohol use,Rate,2010,91.69986632320578,121.7409548043117,67.43615821179158
YLLs (Years of Life Lost),Sao Tome and Principe,Both,All ages,Alcoholic cardiomyopathy,Rate,2000,1.2298341494509029,2.763273808691041,0.12501535553736495
YLLs (Years of Life Lost),Mongolia,Both,All ages,Alcohol use disorders,Rate,2000,447.32669416516853,658.629147298129,338.6276167923191
YLLs (Years of Life Lost),Denmark,Both,All ages,Liver cancer due to alcohol use,Rate,2010,43.94769485254281,55.4392553696208,33.6897793835435
YLLs (Years of Life Lost),Netherlands,Both,All ages,Cirrhosis due to alcohol,Rate,2000,98.77434785637261,115.83128198169749,80.86088175742256
YLLs (Years of Life Lost),Nicaragua,Both,All ages,Cirrhosis due to alcohol,Rate,2010,196.2764056165114,244.21944553656476,147.8576495788003
YLLs (Years of Life Lost),Bahrain,Both,All ages,Cirrhosis due to alcohol,Rate,1990,14.808116959682293,21.58787375179257,9.32776490136376
YLLs (Years of Life Lost),Turkmenistan,Both,All ages,Liver cancer due to alcohol use,Rate,2000,16.988155108599628,23.18513758954703,11.990118383886282
YLLs (Years of Life Lost),Honduras,Both,All ages,Alcoholic cardiomyopathy,Rate,2000,4.4663991766893565,8.903810547282571,0.8025145915307624
YLLs (Years of Life Lost),Liberia,Both,All ages,Liver cancer due to alcohol use,Rate,2010,41.55185422282006,66.32525909003908,21.8907619581442
YLLs (Years of Life Lost),Germany,Both,All ages,Liver cancer due to alcohol use,Rate,2000,62.70418177354294,73.24161449788046,52.099619838790154
YLLs (Years of Life Lost),Indonesia,Both,All ages,Liver cancer due to alcohol use,Rate,1990,9.548304703812704,15.125897160734414,6.691416406775174
YLLs (Years of Life Lost),South Sudan,Both,All ages,Cirrhosis due to alcohol,Rate,2010,89.73900879954236,156.45531282941425,49.96413592351887
YLLs (Years of Life Lost),Northern Mariana Islands,Both,All ages,Alcohol use disorders,Rate,1990,106.47214890220344,151.4469542625172,63.70973799083758
YLLs (Years of Life Lost),Djibouti,Both,All ages,Cirrhosis due to alcohol,Rate,2000,116.04109863144265,202.80242299498514,66.3628162541049
YLLs (Years of Life Lost),Comoros,Both,All ages,Alcohol use disorders,Rate,1990,35.77575887471778,57.879270236423075,20.641274001858875
YLLs (Years of Life Lost),Tajikistan,Both,All ages,Cirrhosis due to alcohol,Rate,2000,198.0251439524691,255.74513340792396,147.21419780962913
YLLs (Years of Life Lost),Turkmenistan,Both,All ages,Alcoholic cardiomyopathy,Rate,1990,22.497680336214106,33.114466315547375,14.441815154609893
YLLs (Years of Life Lost),Angola,Both,All ages,Alcohol use disorders,Rate,2000,45.92808323710779,62.45654065176948,28.62985982257021
YLLs (Years of Life Lost),India,Both,All ages,Alcohol use disorders,Rate,1990,55.94319197500179,65.35596295853146,33.27595721019855
YLLs (Years of Life Lost),North Macedonia,Both,All ages,Liver cancer due to alcohol use,Rate,1990,88.88101125222113,120.06730493806417,62.510862759564006
YLLs (Years of Life Lost),Guyana,Both,All ages,Alcoholic cardiomyopathy,Rate,1990,25.33467767235976,30.461618871581077,21.27871274425902
YLLs (Years of Life Lost),Syrian Arab Republic,Both,All ages,Cirrhosis due to alcohol,Rate,1990,11.01028620403604,17.987321071061988,6.203356927683825
YLLs (Years of Life Lost),Liberia,Both,All ages,Alcohol use disorders,Rate,2000,32.30111817120599,42.65298770176411,20.888868809684304
YLLs (Years of Life Lost),Andorra,Both,All ages,Cirrhosis due to alcohol,Rate,2010,183.77874825955539,245.67469677195388,132.18347231804174
YLLs (Years of Life Lost),Sri Lanka,Both,All ages,Liver cancer due to alcohol use,Rate,1990,6.3214806950734665,9.09242590184328,4.32395212262882
YLLs (Years of Life Lost),Papua New Guinea,Both,All ages,Alcohol use disorders,Rate,2010,31.301386473752373,49.05551490790792,15.566132465597354
YLLs (Years of Life Lost),Spain,Both,All ages,Liver cancer due to alcohol use,Rate,2010,62.239870688230866,80.91917268936388,46.222377310509245
YLLs (Years of Life Lost),Barbados,Both,All ages,Alcohol use disorders,Rate,1990,61.91640437224634,66.74192791613403,57.60534767079429
YLLs (Years of Life Lost),Slovenia,Both,All ages,Cirrhosis due to alcohol,Rate,1990,469.03388229921273,557.3542646469298,375.531561940374
YLLs (Years of Life Lost),Uzbekistan,Both,All ages,Liver cancer due to alcohol use,Rate,2000,13.959172914899069,21.179540250147237,9.083138711186566
YLLs (Years of Life Lost),Chad,Both,All ages,Liver cancer due to alcohol use,Rate,1990,35.38354260672669,69.58574131856443,14.058060964726993
YLLs (Years of Life Lost),Barbados,Both,All ages,Cirrhosis due to alcohol,Rate,1990,168.9750985996793,201.12544867804567,137.61256871595444
YLLs (Years of Life Lost),Austria,Both,All ages,Liver cancer due to alcohol use,Rate,2010,110.11802228098166,129.22607812373815,90.86197235469305
YLLs (Years of Life Lost),Burundi,Both,All ages,Alcohol use disorders,Rate,2010,37.633342665638146,58.002021345991466,26.087154573435438
YLLs (Years of Life Lost),American Samoa,Both,All ages,Cirrhosis due to alcohol,Rate,2000,43.69588897802034,63.0924830095077,27.493301040057183
YLLs (Years of Life Lost),Commonwealth of the Bahamas,Both,All ages,Cirrhosis due to alcohol,Rate,2010,164.11087523569103,203.77680268747682,127.72880814067987
YLLs (Years of Life Lost),Uzbekistan,Both,All ages,Cirrhosis due to alcohol,Rate,1990,217.74199077162814,268.16356963447146,163.64800191688147
YLLs (Years of Life Lost),Libya,Both,All ages,Liver cancer due to alcohol use,Rate,2000,6.061940894006806,9.29571580240164,3.845189911712847
YLLs (Years of Life Lost),Denmark,Both,All ages,Alcoholic cardiomyopathy,Rate,2010,29.875024279543126,32.300024606637415,27.484203536466076
YLLs (Years of Life Lost),Indonesia,Both,All ages,Alcoholic cardiomyopathy,Rate,1990,1.164942366526518,2.1006017993590214,0.22978575225411743
YLLs (Years of Life Lost),Republic of Nauru,Both,All ages,Liver cancer due to alcohol use,Rate,1990,13.511102293130385,21.566210497941768,8.017920139115162
YLLs (Years of Life Lost),Greece,Both,All ages,Alcohol use disorders,Rate,2000,11.389083614621052,12.007850185266522,10.811052211094706
YLLs (Years of Life Lost),Haiti,Both,All ages,Liver cancer due to alcohol use,Rate,2000,5.55894558601764,11.184425893980611,2.828453207896407
YLLs (Years of Life Lost),Hungary,Both,All ages,Liver cancer due to alcohol use,Rate,2000,33.20425425940853,41.93617383880234,26.113852163184347
YLLs (Years of Life Lost),Portugal,Both,All ages,Liver cancer due to alcohol use,Rate,2010,70.66980103960151,87.55679584756172,54.70064074833015
YLLs (Years of Life Lost),Portugal,Both,All ages,Alcohol use disorders,Rate,2010,55.31172345198026,57.991072313599695,52.75938397541185
YLLs (Years of Life Lost),Comoros,Both,All ages,Alcoholic cardiomyopathy,Rate,1990,0.03953533823478995,0.24017883385921263,0.0067157898604934185
YLLs (Years of Life Lost),Kingdom of Eswatini,Both,All ages,Cirrhosis due to alcohol,Rate,2000,131.3074090191018,190.3011263518097,81.53969043609143
YLLs (Years of Life Lost),Mexico,Both,All ages,Cirrhosis due to alcohol,Rate,2000,352.1252574653569,380.5875960953876,323.1279793492708
YLLs (Years of Life Lost),Albania,Both,All ages,Cirrhosis due to alcohol,Rate,2000,86.3711428525351,111.34561436989198,67.82864135684332
YLLs (Years of Life Lost),Mali,Both,All ages,Cirrhosis due to alcohol,Rate,2000,73.4957651205383,111.98668482711905,44.63118744440391
YLLs (Years of Life Lost),Tokelau,Both,All ages,Cirrhosis due to alcohol,Rate,2000,73.71389867346278,117.54863701408635,44.358841507089046
YLLs (Years of Life Lost),Syrian Arab Republic,Both,All ages,Alcohol use disorders,Rate,1990,12.70670267218619,16.679563792714703,8.191288164984268
YLLs (Years of Life Lost),Malta,Both,All ages,Cirrhosis due to alcohol,Rate,1990,118.73535548183463,140.94317113717312,95.65166120368401
YLLs (Years of Life Lost),Haiti,Both,All ages,Alcoholic cardiomyopathy,Rate,2000,30.944266468753472,64.23703884162869,12.694795499461168
YLLs (Years of Life Lost),Portugal,Both,All ages,Alcoholic cardiomyopathy,Rate,2010,23.712186246139666,25.834458747613116,21.803439326531507
YLLs (Years of Life Lost),Belgium,Both,All ages,Liver cancer due to alcohol use,Rate,1990,37.52680123862141,47.25265103572794,28.80388363185826
YLLs (Years of Life Lost),Philippines,Both,All ages,Liver cancer due to alcohol use,Rate,2000,25.978698047087022,33.142692826102824,19.42585140742537
YLLs (Years of Life Lost),Philippines,Both,All ages,Alcohol use disorders,Rate,2000,23.968724527976338,27.023033090567687,14.103468357199592
YLLs (Years of Life Lost),Libya,Both,All ages,Alcoholic cardiomyopathy,Rate,2000,0.9310944399927717,1.6932449403859227,0.16212130983811754
YLLs (Years of Life Lost),Plurinational State of Bolivia,Both,All ages,Cirrhosis due to alcohol,Rate,1990,298.02538813510006,422.8921091665315,163.23250828639794
YLLs (Years of Life Lost),Uganda,Both,All ages,Liver cancer due to alcohol use,Rate,1990,22.001811195362606,32.277146369444864,14.345310880455155
YLLs (Years of Life Lost),Samoa,Both,All ages,Cirrhosis due to alcohol,Rate,2010,50.86956062128569,81.01489830339263,30.121016119674806
YLLs (Years of Life Lost),Indonesia,Both,All ages,Liver cancer due to alcohol use,Rate,2010,14.28569129799114,21.998776473561655,9.722808935149082
YLLs (Years of Life Lost),Albania,Both,All ages,Liver cancer due to alcohol use,Rate,2010,67.0826796824702,96.80725826658559,45.17282105756143
YLLs (Years of Life Lost),Albania,Both,All ages,Alcohol use disorders,Rate,2010,18.689353180186696,24.896243205057043,12.846622620393905
YLLs (Years of Life Lost),Azerbaijan,Both,All ages,Liver cancer due to alcohol use,Rate,2000,31.23700867547238,49.30511603313956,18.260918357158587
YLLs (Years of Life Lost),Bosnia and Herzegovina,Both,All ages,Liver cancer due to alcohol use,Rate,2010,68.77216478145621,92.92015777706062,49.233145620753525
YLLs (Years of Life Lost),Greenland,Both,All ages,Liver cancer due to alcohol use,Rate,2000,50.292907884127395,66.42729701665725,36.053921589469944
YLLs (Years of Life Lost),Republic of Côte d'Ivoire,Both,All ages,Alcohol use disorders,Rate,1990,38.891573408271086,54.35833143092028,26.087394421401477
YLLs (Years of Life Lost),Greece,Both,All ages,Alcoholic cardiomyopathy,Rate,2000,5.0490233859785345,5.9282676068309765,4.3730190246362595
YLLs (Years of Life Lost),Belgium,Both,All ages,Liver cancer due to alcohol use,Rate,2010,55.76115798486926,67.86502168687393,43.217273681129704
YLLs (Years of Life Lost),Islamic Republic of Iran,Both,All ages,Liver cancer due to alcohol use,Rate,1990,1.8552094476575933,2.5603827493363003,1.426434198978987
YLLs (Years of Life Lost),Lao People's Democratic Republic,Both,All ages,Alcohol use disorders,Rate,1990,32.595292140121806,51.04259212749334,16.78198113705783
YLLs (Years of Life Lost),Cuba,Both,All ages,Alcoholic cardiomyopathy,Rate,2000,28.21864417489986,30.53245469709098,26.052394791801554
YLLs (Years of Life Lost),Philippines,Both,All ages,Alcoholic cardiomyopathy,Rate,2000,2.4826961108698,4.1234917625374505,0.47424607981625044
YLLs (Years of Life Lost),Spain,Both,All ages,Cirrhosis due to alcohol,Rate,2010,186.05337823209211,212.51722982169176,160.28744309288376
YLLs (Years of Life Lost),Hungary,Both,All ages,Alcohol use disorders,Rate,1990,318.68783234620696,333.10322537122886,303.90019024875005
YLLs (Years of Life Lost),Norway,Both,All ages,Alcohol use disorders,Rate,2010,179.52189733906064,185.91155324035728,173.53541819130768
YLLs (Years of Life Lost),Burundi,Both,All ages,Alcohol use disorders,Rate,2000,47.6734107429907,65.62067573795349,32.97550825713596
YLLs (Years of Life Lost),Republic of Côte d'Ivoire,Both,All ages,Alcoholic cardiomyopathy,Rate,1990,2.194403701399991,4.5724812541845665,0.1833210104159827
YLLs (Years of Life Lost),Djibouti,Both,All ages,Cirrhosis due to alcohol,Rate,1990,93.90312301257315,164.89896163736125,54.046446381066275
YLLs (Years of Life Lost),Japan,Both,All ages,Liver cancer due to alcohol use,Rate,2000,78.08128027178752,90.52676416242038,68.44490042085263
YLLs (Years of Life Lost),Bosnia and Herzegovina,Both,All ages,Alcoholic cardiomyopathy,Rate,2010,84.83507310971642,160.0703007016611,18.375274991503268
YLLs (Years of Life Lost),Republic of Nauru,Both,All ages,Alcoholic cardiomyopathy,Rate,1990,2.251545149894107,4.613199677911436,0.2918477768399117
YLLs (Years of Life Lost),Democratic People's Republic of Korea,Both,All ages,Liver cancer due to alcohol use,Rate,1990,17.841730146621966,30.995721080012387,8.874375804521017
YLLs (Years of Life Lost),Kazakhstan,Both,All ages,Liver cancer due to alcohol use,Rate,1990,72.46435984934848,96.58363395841364,51.39200708069033
YLLs (Years of Life Lost),Kazakhstan,Both,All ages,Alcohol use disorders,Rate,1990,310.0343687299604,337.0175219180788,285.572864214676
YLLs (Years of Life Lost),Malawi,Both,All ages,Alcohol use disorders,Rate,2010,39.87617912556249,50.82411520402484,29.386637310028146
YLLs (Years of Life Lost),Cyprus,Both,All ages,Cirrhosis due to alcohol,Rate,2000,142.3379760559262,184.1890218311891,106.6948755293433
YLLs (Years of Life Lost),Afghanistan,Both,All ages,Liver cancer due to alcohol use,Rate,2000,5.343316652644896,8.798977646928229,2.8201138197165903
YLLs (Years of Life Lost),Indonesia,Both,All ages,Alcoholic cardiomyopathy,Rate,2010,1.658487267096326,2.8123315918993796,0.26126075403438187
YLLs (Years of Life Lost),United States Virgin Islands,Both,All ages,Liver cancer due to alcohol use,Rate,2000,17.88791897578826,24.681077727686176,12.116865832345557
YLLs (Years of Life Lost),Spain,Both,All ages,Alcohol use disorders,Rate,2010,27.507896351352194,28.72107575226314,26.32758074572037
YLLs (Years of Life Lost),American Samoa,Both,All ages,Liver cancer due to alcohol use,Rate,2010,12.409873579572988,18.537512616548092,7.90956097053071
YLLs (Years of Life Lost),Lao People's Democratic Republic,Both,All ages,Cirrhosis due to alcohol,Rate,2000,154.37366992442452,251.05010839059148,87.47783356970692
YLLs (Years of Life Lost),Belarus,Both,All ages,Liver cancer due to alcohol use,Rate,2000,33.73252433633053,43.519485344372264,25.588240227276373
YLLs (Years of Life Lost),Belarus,Both,All ages,Alcohol use disorders,Rate,2000,1079.3114181544133,1131.6752260359694,1034.118133449833
YLLs (Years of Life Lost),Panama,Both,All ages,Liver cancer due to alcohol use,Rate,1990,15.993886889329707,20.294807311547284,12.133949543390088
YLLs (Years of Life Lost),Panama,Both,All ages,Alcohol use disorders,Rate,1990,39.224797845160076,42.50898753795657,36.506868965640585
YLLs (Years of Life Lost),Armenia,Both,All ages,Liver cancer due to alcohol use,Rate,1990,34.423813399022706,48.565446834693816,23.266201570902872
YLLs (Years of Life Lost),Brunei Darussalam,Both,All ages,Cirrhosis due to alcohol,Rate,1990,40.11892851047462,58.56707464712231,27.568604861192586
YLLs (Years of Life Lost),Tunisia,Both,All ages,Cirrhosis due to alcohol,Rate,1990,14.472627295487891,24.141563931451802,8.282425815408827
YLLs (Years of Life Lost),North Macedonia,Both,All ages,Alcohol use disorders,Rate,2000,58.072732123428956,68.1439188408144,43.20093034375572
YLLs (Years of Life Lost),Egypt,Both,All ages,Cirrhosis due to alcohol,Rate,1990,45.447389914787465,66.08240038114619,28.72593617017416
YLLs (Years of Life Lost),Jamaica,Both,All ages,Alcohol use disorders,Rate,2000,12.730421836733422,13.496346888194825,11.833838224370865
YLLs (Years of Life Lost),China,Both,All ages,Alcohol use disorders,Rate,2000,43.56641850057686,48.92214586819851,35.65703712720785
YLLs (Years of Life Lost),Zambia,Both,All ages,Alcohol use disorders,Rate,1990,37.71347751909304,49.42259117649348,27.706739594661048
YLLs (Years of Life Lost),Jamaica,Both,All ages,Alcoholic cardiomyopathy,Rate,2000,13.269311191757346,14.84852720050837,11.71854285328857
YLLs (Years of Life Lost),Republic of the Gambia,Both,All ages,Cirrhosis due to alcohol,Rate,1990,80.61450539606804,127.82611817892746,47.11038178546026
YLLs (Years of Life Lost),Sri Lanka,Both,All ages,Cirrhosis due to alcohol,Rate,2000,222.8173104390825,308.5792394488511,145.7078086149853
YLLs (Years of Life Lost),Canada,Both,All ages,Alcohol use disorders,Rate,2000,102.42926365222553,106.07519772002956,99.04257762800147
YLLs (Years of Life Lost),Morocco,Both,All ages,Alcohol use disorders,Rate,2000,6.958492559235157,9.360393552823611,3.614749489781586
YLLs (Years of Life Lost),Iceland,Both,All ages,Cirrhosis due to alcohol,Rate,2000,39.568603598301834,47.399040875055555,31.952754461059403
YLLs (Years of Life Lost),Bulgaria,Both,All ages,Alcohol use disorders,Rate,2010,70.98481138080426,75.81598956506447,66.56267656043116
YLLs (Years of Life Lost),Federated States of Micronesia,Both,All ages,Liver cancer due to alcohol use,Rate,1990,8.677454799460376,14.691183680713985,4.799215057590717
YLLs (Years of Life Lost),Guam,Both,All ages,Alcohol use disorders,Rate,2000,29.288764143549237,34.760829485266456,16.045982189709935
YLLs (Years of Life Lost),Sri Lanka,Both,All ages,Alcohol use disorders,Rate,2000,168.26101329919726,185.3663540976694,78.99166261313954
YLLs (Years of Life Lost),Malaysia,Both,All ages,Cirrhosis due to alcohol,Rate,1990,63.58633551853313,87.06082649696069,44.33125116659753
YLLs (Years of Life Lost),Republic of Niue,Both,All ages,Alcohol use disorders,Rate,1990,42.25701225786951,60.56899607789252,24.75140814118688
YLLs (Years of Life Lost),Tonga,Both,All ages,Liver cancer due to alcohol use,Rate,2010,55.891435516840865,85.84184628471223,34.97163671028628
YLLs (Years of Life Lost),Niger,Both,All ages,Liver cancer due to alcohol use,Rate,2000,25.241390363795347,45.39740923357465,12.055681283558727
YLLs (Years of Life Lost),Norway,Both,All ages,Liver cancer due to alcohol use,Rate,1990,16.663717844402665,18.989905734633247,14.839482948606825
YLLs (Years of Life Lost),Georgia,Both,All ages,Alcohol use disorders,Rate,2000,63.90513162156203,72.85671952145564,56.09246442433416
YLLs (Years of Life Lost),China,Both,All ages,Alcohol use disorders,Rate,1990,35.84189112889677,45.93894942212344,28.724779445713263
YLLs (Years of Life Lost),North Macedonia,Both,All ages,Alcoholic cardiomyopathy,Rate,2000,81.70980388668754,138.6482943939922,26.654207906671296
YLLs (Years of Life Lost),Yemen,Both,All ages,Cirrhosis due to alcohol,Rate,1990,16.993194319945054,33.85633107681822,8.189205290301459
YLLs (Years of Life Lost),Guam,Both,All ages,Alcoholic cardiomyopathy,Rate,2000,4.278519655639347,7.017217736767109,1.1516070715254871
YLLs (Years of Life Lost),Lao People's Democratic Republic,Both,All ages,Alcohol use disorders,Rate,2010,26.9167334064072,36.957892790926984,17.34248590218986
YLLs (Years of Life Lost),India,Both,All ages,Alcoholic cardiomyopathy,Rate,1990,2.3061179853944864,5.33594645239921,0.5043112153538489
YLLs (Years of Life Lost),American Samoa,Both,All ages,Liver cancer due to alcohol use,Rate,2000,8.437571196894995,12.868114030407593,5.610457723040914
YLLs (Years of Life Lost),Uganda,Both,All ages,Liver cancer due to alcohol use,Rate,2010,20.09667583325226,28.57248237830896,14.063914217774611
YLLs (Years of Life Lost),Algeria,Both,All ages,Liver cancer due to alcohol use,Rate,2000,1.7223594645226215,2.564308614483166,1.108735567136323
YLLs (Years of Life Lost),Algeria,Both,All ages,Cirrhosis due to alcohol,Rate,2010,9.085126024241678,15.066014745549237,5.385893403601031
YLLs (Years of Life Lost),Islamic Republic of Iran,Both,All ages,Alcoholic cardiomyopathy,Rate,2000,1.093783268413495,2.1552066214353816,0.19270494924317919
YLLs (Years of Life Lost),Republic of Côte d'Ivoire,Both,All ages,Alcohol use disorders,Rate,2010,42.95203637975326,57.4418097693674,28.33849311039691
YLLs (Years of Life Lost),Greece,Both,All ages,Liver cancer due to alcohol use,Rate,1990,19.326788872952314,24.775222070994783,14.69258551922785
YLLs (Years of Life Lost),Senegal,Both,All ages,Alcohol use disorders,Rate,2000,25.393061880725217,35.74088296226093,14.39733185908804
YLLs (Years of Life Lost),Thailand,Both,All ages,Alcohol use disorders,Rate,2010,69.40591135125544,86.47350165544744,54.84649773945104
YLLs (Years of Life Lost),Sudan,Both,All ages,Cirrhosis due to alcohol,Rate,2000,15.465501264348173,32.29968795943449,7.2791882571786655
YLLs (Years of Life Lost),Cyprus,Both,All ages,Liver cancer due to alcohol use,Rate,1990,26.89820752883816,38.08280445221479,17.765089228281287
YLLs (Years of Life Lost),Cyprus,Both,All ages,Alcohol use disorders,Rate,1990,28.730549388265732,35.43935361653254,21.425018040738728
YLLs (Years of Life Lost),Republic of San Marino,Both,All ages,Liver cancer due to alcohol use,Rate,2000,28.94577306102577,38.727102125952,20.952045356339205
YLLs (Years of Life Lost),Kazakhstan,Both,All ages,Alcoholic cardiomyopathy,Rate,1990,2.674144495342587,4.763045851608937,1.3574900282585496
YLLs (Years of Life Lost),Montenegro,Both,All ages,Liver cancer due to alcohol use,Rate,2010,81.14343716706225,112.9809978921896,55.54226937001025
YLLs (Years of Life Lost),Montenegro,Both,All ages,Alcohol use disorders,Rate,2010,62.4611942088886,76.55168548168494,46.815538819334414
YLLs (Years of Life Lost),Rwanda,Both,All ages,Liver cancer due to alcohol use,Rate,1990,19.761974086289367,31.55235567005605,10.857596964725843
YLLs (Years of Life Lost),Ukraine,Both,All ages,Liver cancer due to alcohol use,Rate,2010,36.981957168928005,42.68382581975477,31.872273854762714
YLLs (Years of Life Lost),Northern Mariana Islands,Both,All ages,Alcoholic cardiomyopathy,Rate,1990,5.087566448650183,9.585535789684906,1.103868912750697
YLLs (Years of Life Lost),Yemen,Both,All ages,Liver cancer due to alcohol use,Rate,1990,2.3391971868615387,4.86285451368051,0.8116706295768554
YLLs (Years of Life Lost),Democratic People's Republic of Korea,Both,All ages,Liver cancer due to alcohol use,Rate,2000,19.431389831239297,34.319032762823525,9.697706075092489
YLLs (Years of Life Lost),Uruguay,Both,All ages,Alcoholic cardiomyopathy,Rate,1990,101.48149842654222,114.47766973355375,87.86595628325595
YLLs (Years of Life Lost),Republic of Korea,Both,All ages,Alcohol use disorders,Rate,2000,108.94836586969234,118.76441203051196,70.1725769668508
YLLs (Years of Life Lost),Federated States of Micronesia,Both,All ages,Alcoholic cardiomyopathy,Rate,1990,2.0961531014894277,4.220535369872223,0.2177952076473965
YLLs (Years of Life Lost),Republic of Côte d'Ivoire,Both,All ages,Alcoholic cardiomyopathy,Rate,2010,1.2847150951953243,2.8605357437542405,0.14902693400756048
YLLs (Years of Life Lost),El Salvador,Both,All ages,Alcoholic cardiomyopathy,Rate,2000,1.05672370125966,1.695056848733907,0.1364060444972577
YLLs (Years of Life Lost),Sweden,Both,All ages,Cirrhosis due to alcohol,Rate,2010,118.5437954042355,128.33384839572145,107.74992950646667
YLLs (Years of Life Lost),Cuba,Both,All ages,Liver cancer due to alcohol use,Rate,1990,14.227908998897167,18.597368071553863,10.69508693466321
YLLs (Years of Life Lost),Republic of Niue,Both,All ages,Alcoholic cardiomyopathy,Rate,1990,2.0297011696665157,3.681373524343419,0.21963620741918272
YLLs (Years of Life Lost),Kenya,Both,All ages,Liver cancer due to alcohol use,Rate,2000,8.26594718419412,15.254010988908346,5.431826869967191
YLLs (Years of Life Lost),Iraq,Both,All ages,Alcohol use disorders,Rate,1990,0.14322890339086117,0.18407113091153818,0.09335972337929255
YLLs (Years of Life Lost),Canada,Both,All ages,Alcoholic cardiomyopathy,Rate,2000,30.66233135539061,32.98105829875279,28.439625768793725
YLLs (Years of Life Lost),Benin,Both,All ages,Liver cancer due to alcohol use,Rate,2000,39.30879731865088,62.658641750436274,20.53888646008722
YLLs (Years of Life Lost),Benin,Both,All ages,Alcohol use disorders,Rate,2000,30.764143145042492,43.98117368241405,20.295224196732406
YLLs (Years of Life Lost),Cyprus,Both,All ages,Liver cancer due to alcohol use,Rate,2010,35.88376090542986,48.76881462733966,26.063468164927407
YLLs (Years of Life Lost),Cyprus,Both,All ages,Alcohol use disorders,Rate,2010,24.72564222818578,30.487305916784194,19.396344152341218
YLLs (Years of Life Lost),Saint Lucia,Both,All ages,Alcohol use disorders,Rate,2010,133.56536663915278,143.23648624009283,124.65965075872337
YLLs (Years of Life Lost),Egypt,Both,All ages,Liver cancer due to alcohol use,Rate,2010,20.75764398332228,31.723510394772486,12.553297952012075
YLLs (Years of Life Lost),Cyprus,Both,All ages,Alcoholic cardiomyopathy,Rate,1990,15.432791806790021,29.189760224241393,3.852926190221469
YLLs (Years of Life Lost),Thailand,Both,All ages,Cirrhosis due to alcohol,Rate,2000,171.6530378106412,237.41596957065696,118.47940868478018
YLLs (Years of Life Lost),Saint Lucia,Both,All ages,Cirrhosis due to alcohol,Rate,2000,168.24784740405417,199.9503320372069,137.21609797455054
YLLs (Years of Life Lost),Zambia,Both,All ages,Alcoholic cardiomyopathy,Rate,1990,0.025792782085294806,0.12908967627323484,0.0048193613442718275
YLLs (Years of Life Lost),Estonia,Both,All ages,Liver cancer due to alcohol use,Rate,1990,36.779032914875735,48.466454721490265,27.19315094709914
YLLs (Years of Life Lost),Democratic People's Republic of Korea,Both,All ages,Liver cancer due to alcohol use,Rate,2010,18.53623892351432,30.6568173002826,10.839799784485495
YLLs (Years of Life Lost),Fiji,Both,All ages,Alcohol use disorders,Rate,2000,4.554093763138439,5.600468458375449,2.758875747875305
YLLs (Years of Life Lost),Georgia,Both,All ages,Alcoholic cardiomyopathy,Rate,2000,22.670300410354656,28.062182853596028,17.850670431335544
YLLs (Years of Life Lost),Palestine,Both,All ages,Cirrhosis due to alcohol,Rate,2000,8.890745048720808,14.4137217358485,5.121051005693402
YLLs (Years of Life Lost),Republic of the Gambia,Both,All ages,Cirrhosis due to alcohol,Rate,2010,69.71872866389174,105.14282950146278,42.409942697301084
YLLs (Years of Life Lost),Bosnia and Herzegovina,Both,All ages,Liver cancer due to alcohol use,Rate,1990,49.45675714684821,68.14320662971411,34.97290500731484
YLLs (Years of Life Lost),Peru,Both,All ages,Alcohol use disorders,Rate,2010,27.18965986652981,43.35914890374118,21.20756135451016
YLLs (Years of Life Lost),Burundi,Both,All ages,Cirrhosis due to alcohol,Rate,2000,153.06688225554373,236.35544052805346,93.32162127308096
YLLs (Years of Life Lost),Republic of Niue,Both,All ages,Alcohol use disorders,Rate,2010,45.15770593994203,62.06656156584257,27.292573174286474
YLLs (Years of Life Lost),Estonia,Both,All ages,Alcoholic cardiomyopathy,Rate,2010,436.42388191502425,466.85300679483544,403.81306392632337
YLLs (Years of Life Lost),Finland,Both,All ages,Alcohol use disorders,Rate,2010,410.53389367915383,424.42409271569085,394.8239635850722
YLLs (Years of Life Lost),Belize,Both,All ages,Cirrhosis due to alcohol,Rate,1990,111.03139788681342,134.55041264249755,87.95189209456028
YLLs (Years of Life Lost),Uzbekistan,Both,All ages,Alcohol use disorders,Rate,2000,142.85903992507534,155.44161643837953,130.3670813790577
YLLs (Years of Life Lost),Syrian Arab Republic,Both,All ages,Liver cancer due to alcohol use,Rate,2000,6.264576421182436,9.415463943195926,3.889995552132021
YLLs (Years of Life Lost),Montenegro,Both,All ages,Cirrhosis due to alcohol,Rate,2000,129.42971023827846,162.44217795875448,101.88479190187316
YLLs (Years of Life Lost),Barbados,Both,All ages,Cirrhosis due to alcohol,Rate,2010,128.78396140258735,155.07084081080657,103.76228942858687
YLLs (Years of Life Lost),Democratic Republic of the Congo,Both,All ages,Alcoholic cardiomyopathy,Rate,2010,0.0553693432656283,0.33804393919563674,0.008709284176766155
YLLs (Years of Life Lost),United Arab Emirates,Both,All ages,Liver cancer due to alcohol use,Rate,2010,5.744682420422851,9.022430378748531,3.5148615733485524
YLLs (Years of Life Lost),Bolivarian Republic of Venezuela,Both,All ages,Liver cancer due to alcohol use,Rate,2000,8.68999559009288,10.847209294663145,6.766080990864572
YLLs (Years of Life Lost),Kazakhstan,Both,All ages,Cirrhosis due to alcohol,Rate,2000,316.7713255224619,381.95750508950897,248.72797227442513
YLLs (Years of Life Lost),Peru,Both,All ages,Liver cancer due to alcohol use,Rate,1990,7.33433148079412,10.277427995176263,4.919880147381335
YLLs (Years of Life Lost),Croatia,Both,All ages,Cirrhosis due to alcohol,Rate,2010,402.41695602292253,480.22452060935393,325.99460087418777
YLLs (Years of Life Lost),Malaysia,Both,All ages,Cirrhosis due to alcohol,Rate,2010,83.4730297729832,113.93641686929023,59.38686703612319
YLLs (Years of Life Lost),Kenya,Both,All ages,Alcoholic cardiomyopathy,Rate,2000,0.01824757555250468,0.10537117468790806,0.003978155232513958
YLLs (Years of Life Lost),Republic of Korea,Both,All ages,Alcoholic cardiomyopathy,Rate,2000,0.7892055580891394,1.4218904110718027,0.10020777927423766
YLLs (Years of Life Lost),South Sudan,Both,All ages,Alcohol use disorders,Rate,2010,30.363670903755455,50.005008282531655,18.9157164438624
YLLs (Years of Life Lost),Zambia,Both,All ages,Alcohol use disorders,Rate,2010,38.24718109975269,48.52435786230714,28.23727002800604
YLLs (Years of Life Lost),Myanmar,Both,All ages,Liver cancer due to alcohol use,Rate,1990,7.954825326555907,16.987884572991266,3.673380529777357
YLLs (Years of Life Lost),Republic of Palau,Both,All ages,Cirrhosis due to alcohol,Rate,1990,80.90540989494771,129.29925112054713,45.236521928590065
YLLs (Years of Life Lost),Republic of Niue,Both,All ages,Alcoholic cardiomyopathy,Rate,2010,1.7492780860994963,3.32154603690974,0.23959267096344666
YLLs (Years of Life Lost),Nigeria,Both,All ages,Liver cancer due to alcohol use,Rate,2000,12.298936171100324,22.470118942412938,5.770201001607232
YLLs (Years of Life Lost),Nigeria,Both,All ages,Alcohol use disorders,Rate,2000,31.43842701006603,43.33122448025977,21.09666630913704
YLLs (Years of Life Lost),Bosnia and Herzegovina,Both,All ages,Alcoholic cardiomyopathy,Rate,1990,56.47790594893673,100.27268172225685,17.721106822741813
YLLs (Years of Life Lost),Iraq,Both,All ages,Alcoholic cardiomyopathy,Rate,1990,0.13323954960568324,0.2715855071085074,0.014322412725946646
YLLs (Years of Life Lost),Djibouti,Both,All ages,Liver cancer due to alcohol use,Rate,2000,10.181092257867567,16.97943573168392,5.4181996997983495
YLLs (Years of Life Lost),Equatorial Guinea,Both,All ages,Cirrhosis due to alcohol,Rate,2010,61.76222353808922,104.6116941300714,34.64752753882949
YLLs (Years of Life Lost),Denmark,Both,All ages,Cirrhosis due to alcohol,Rate,1990,226.4699120681449,264.88849667405947,185.06532003465966
YLLs (Years of Life Lost),Democratic People's Republic of Korea,Both,All ages,Alcohol use disorders,Rate,2000,41.863983699060995,64.10909965971952,25.030711330676905
YLLs (Years of Life Lost),Northern Mariana Islands,Both,All ages,Cirrhosis due to alcohol,Rate,1990,97.34620124488066,153.55191119330485,57.74089786331273
YLLs (Years of Life Lost),Angola,Both,All ages,Cirrhosis due to alcohol,Rate,2000,159.07825699492523,236.63806958673146,99.8194970607807
YLLs (Years of Life Lost),Cyprus,Both,All ages,Alcoholic cardiomyopathy,Rate,2010,11.690041046585465,20.04224082379681,2.7873535447599522
YLLs (Years of Life Lost),Bolivarian Republic of Venezuela,Both,All ages,Alcoholic cardiomyopathy,Rate,2000,20.955183396953725,22.747071907831614,19.299248440230055
YLLs (Years of Life Lost),Benin,Both,All ages,Alcoholic cardiomyopathy,Rate,2000,1.1826202611387828,2.9454339994109833,0.1290142347129591
YLLs (Years of Life Lost),Papua New Guinea,Both,All ages,Alcohol use disorders,Rate,1990,34.02695288879275,55.634352711817456,11.616900660126474
YLLs (Years of Life Lost),Dominica,Both,All ages,Alcohol use disorders,Rate,1990,95.17088606983557,111.17142751460554,80.3806027275843
YLLs (Years of Life Lost),Vanuatu,Both,All ages,Liver cancer due to alcohol use,Rate,2010,7.312389422167736,12.846109825215072,4.139991231501153
YLLs (Years of Life Lost),Vanuatu,Both,All ages,Alcohol use disorders,Rate,2010,33.883262870348844,45.58994710824696,19.55852239312844
YLLs (Years of Life Lost),Denmark,Both,All ages,Alcohol use disorders,Rate,1990,264.53040325741017,278.03590041426776,250.57113169366838
YLLs (Years of Life Lost),United Arab Emirates,Both,All ages,Liver cancer due to alcohol use,Rate,1990,6.26409938067894,9.684642728872443,3.6588535690912782
YLLs (Years of Life Lost),United Kingdom of Great Britain and Northern Ireland,Both,All ages,Liver cancer due to alcohol use,Rate,2010,52.55000941205794,58.573365789051,46.85323310249486
YLLs (Years of Life Lost),Nigeria,Both,All ages,Alcoholic cardiomyopathy,Rate,2000,2.003862746448819,4.2102374776055465,0.19584217981372515
YLLs (Years of Life Lost),Portugal,Both,All ages,Liver cancer due to alcohol use,Rate,1990,27.394016327190112,33.63017325194385,21.55042489130908
YLLs (Years of Life Lost),Portugal,Both,All ages,Alcohol use disorders,Rate,1990,45.13421143049502,47.48524514277762,43.13027206354691
YLLs (Years of Life Lost),Estonia,Both,All ages,Alcoholic cardiomyopathy,Rate,1990,289.7056337028284,356.80262770386383,218.75153539963785
YLLs (Years of Life Lost),Eritrea,Both,All ages,Alcohol use disorders,Rate,2000,51.36273751276216,69.70435711432978,32.828010106250666
YLLs (Years of Life Lost),United States of America,Both,All ages,Cirrhosis due to alcohol,Rate,2000,136.06210141346403,147.96721840753094,124.23486673772469
YLLs (Years of Life Lost),Denmark,Both,All ages,Cirrhosis due to alcohol,Rate,2010,247.25457326796578,293.2362424009331,195.82063272783253
YLLs (Years of Life Lost),Eritrea,Both,All ages,Alcoholic cardiomyopathy,Rate,2000,0.038517328744601884,0.20542248752665934,0.0074488995344575695
YLLs (Years of Life Lost),Vanuatu,Both,All ages,Alcoholic cardiomyopathy,Rate,2010,1.4363901987060084,2.8000065086462422,0.24114531089138264
YLLs (Years of Life Lost),Montenegro,Both,All ages,Liver cancer due to alcohol use,Rate,1990,50.60473934638734,73.22582836432966,34.57321019694657
YLLs (Years of Life Lost),Montenegro,Both,All ages,Alcohol use disorders,Rate,1990,54.16618437527489,70.92279895647987,41.86727302175911
YLLs (Years of Life Lost),Seychelles,Both,All ages,Liver cancer due to alcohol use,Rate,2000,21.68127738827519,30.172670441894144,14.85013310046754
YLLs (Years of Life Lost),Georgia,Both,All ages,Liver cancer due to alcohol use,Rate,2010,21.828093972296244,29.125650907543708,15.620003069667822
YLLs (Years of Life Lost),Singapore,Both,All ages,Cirrhosis due to alcohol,Rate,2000,17.575066229687963,23.476397905012696,12.335429499016083
YLLs (Years of Life Lost),Ethiopia,Both,All ages,Cirrhosis due to alcohol,Rate,2000,116.11233305526588,153.14423957154287,84.62739397212452
YLLs (Years of Life Lost),Northern Mariana Islands,Both,All ages,Cirrhosis due to alcohol,Rate,2010,112.39554496628917,171.61761230982563,67.61560740485396
YLLs (Years of Life Lost),Zambia,Both,All ages,Alcoholic cardiomyopathy,Rate,2010,0.029977116841343653,0.1882047115008307,0.005189767348221896
YLLs (Years of Life Lost),Dominica,Both,All ages,Alcoholic cardiomyopathy,Rate,1990,19.079325315583475,43.83566536949532,5.833939959906468
YLLs (Years of Life Lost),Jordan,Both,All ages,Cirrhosis due to alcohol,Rate,1990,7.934513636653777,13.214078066482971,4.56852576937479
YLLs (Years of Life Lost),Portugal,Both,All ages,Alcoholic cardiomyopathy,Rate,1990,14.826968990017786,16.178558353823032,13.609910877874283
YLLs (Years of Life Lost),Denmark,Both,All ages,Alcohol use disorders,Rate,2010,477.3530681510076,495.6876230851533,460.47978475220947
YLLs (Years of Life Lost),Burkina Faso,Both,All ages,Cirrhosis due to alcohol,Rate,2000,98.73022674899954,140.843330563374,61.47452164734252
YLLs (Years of Life Lost),Central African Republic,Both,All ages,Cirrhosis due to alcohol,Rate,2000,225.42500584358353,342.35062020360255,133.79344918350634
YLLs (Years of Life Lost),South Africa,Both,All ages,Liver cancer due to alcohol use,Rate,2010,31.687641655265253,37.31161384468308,26.89350423558641
YLLs (Years of Life Lost),Slovenia,Both,All ages,Alcoholic cardiomyopathy,Rate,2000,94.82607227145508,133.06360504790166,65.81271843129343
YLLs (Years of Life Lost),Algeria,Both,All ages,Alcoholic cardiomyopathy,Rate,2000,1.308152184226278,2.633747478174515,0.25185449765816054
YLLs (Years of Life Lost),Dominica,Both,All ages,Cirrhosis due to alcohol,Rate,2000,140.4078001376136,173.28340280665404,109.17514093668639
YLLs (Years of Life Lost),Sao Tome and Principe,Both,All ages,Cirrhosis due to alcohol,Rate,2000,192.83181526518425,270.49120148930643,132.05563121169794
YLLs (Years of Life Lost),China,Both,All ages,Alcohol use disorders,Rate,2010,61.94006606151855,71.66262549141756,34.4630130944599
YLLs (Years of Life Lost),Lesotho,Both,All ages,Liver cancer due to alcohol use,Rate,2000,46.16549787599644,99.99243328111977,21.72887522077194
YLLs (Years of Life Lost),Sierra Leone,Both,All ages,Cirrhosis due to alcohol,Rate,2000,98.8695371439163,155.59303120689367,60.839021331524066
YLLs (Years of Life Lost),Spain,Both,All ages,Alcoholic cardiomyopathy,Rate,2010,15.403183505636898,17.055898046222424,13.802721337107773
YLLs (Years of Life Lost),Yemen,Both,All ages,Alcohol use disorders,Rate,2010,4.658773794860624,6.81054164000671,2.06641166674871
YLLs (Years of Life Lost),Republic of Palau,Both,All ages,Liver cancer due to alcohol use,Rate,1990,19.550311282882074,33.217287680249925,11.236045411463703
YLLs (Years of Life Lost),Malawi,Both,All ages,Liver cancer due to alcohol use,Rate,2000,16.04596112217186,23.09959038042509,10.171034953959042
YLLs (Years of Life Lost),Malawi,Both,All ages,Alcoholic cardiomyopathy,Rate,2000,0.03315590028982673,0.16276398218071816,0.008008185830920436
YLLs (Years of Life Lost),Sri Lanka,Both,All ages,Alcoholic cardiomyopathy,Rate,1990,5.583603452731355,12.873455033715837,1.106970360649084
YLLs (Years of Life Lost),Mauritius,Both,All ages,Cirrhosis due to alcohol,Rate,2010,172.3859211087138,229.49329930899526,119.09918327083851
YLLs (Years of Life Lost),Nepal,Both,All ages,Cirrhosis due to alcohol,Rate,1990,198.7407271889976,328.3115255548186,120.35341972365696
YLLs (Years of Life Lost),Uzbekistan,Both,All ages,Alcoholic cardiomyopathy,Rate,2000,0.14827247181502676,0.21097020154327614,0.0963566735435482
YLLs (Years of Life Lost),Kyrgyzstan,Both,All ages,Cirrhosis due to alcohol,Rate,1990,267.82145198621095,335.51601157408896,206.81553428177273
YLLs (Years of Life Lost),Latvia,Both,All ages,Alcohol use disorders,Rate,1990,458.20773537169106,484.9669361141517,434.4050239297973
YLLs (Years of Life Lost),Montenegro,Both,All ages,Alcoholic cardiomyopathy,Rate,2010,180.73829649320678,280.02710774410815,52.76888402203305
YLLs (Years of Life Lost),Seychelles,Both,All ages,Liver cancer due to alcohol use,Rate,1990,35.59149678320007,52.04192303612236,23.765183162609063
YLLs (Years of Life Lost),Samoa,Both,All ages,Cirrhosis due to alcohol,Rate,1990,50.27428605038686,80.44982706471406,29.18469107391694
YLLs (Years of Life Lost),Russian Federation,Both,All ages,Alcohol use disorders,Rate,2000,1409.7848278073263,1429.5346546405208,1390.584397573042
YLLs (Years of Life Lost),Liberia,Both,All ages,Liver cancer due to alcohol use,Rate,1990,63.01603709557428,105.59272761940112,30.132852879574163
YLLs (Years of Life Lost),Hungary,Both,All ages,Alcoholic cardiomyopathy,Rate,1990,325.66355094916923,363.3759028997301,289.31361125114324
YLLs (Years of Life Lost),Andorra,Both,All ages,Alcohol use disorders,Rate,2000,17.120752616061132,22.85635189729791,11.336023593556593
YLLs (Years of Life Lost),Panama,Both,All ages,Alcoholic cardiomyopathy,Rate,1990,4.035384682869176,4.855829393745103,3.3393534788346377
YLLs (Years of Life Lost),Seychelles,Both,All ages,Alcohol use disorders,Rate,2000,43.58433507799539,51.58221426346744,20.34751036615393
YLLs (Years of Life Lost),Madagascar,Both,All ages,Alcohol use disorders,Rate,2000,34.39348978941766,45.96350679592604,24.97516966674563
YLLs (Years of Life Lost),Bulgaria,Both,All ages,Alcohol use disorders,Rate,1990,115.95359104399553,126.30994134824745,106.48131851337382
YLLs (Years of Life Lost),Afghanistan,Both,All ages,Alcoholic cardiomyopathy,Rate,2000,1.976118512446019,4.57208348579768,0.3867022214694666
YLLs (Years of Life Lost),Mauritius,Both,All ages,Alcohol use disorders,Rate,2000,230.79152687464259,245.89109935944856,217.83282371291932
YLLs (Years of Life Lost),Zimbabwe,Both,All ages,Liver cancer due to alcohol use,Rate,1990,22.63047147490865,38.061911736861724,11.57736800537639
YLLs (Years of Life Lost),Timor-Leste,Both,All ages,Cirrhosis due to alcohol,Rate,2010,71.37544506757148,145.47269450073622,35.5428038859832
YLLs (Years of Life Lost),Italy,Both,All ages,Liver cancer due to alcohol use,Rate,2000,76.89027141798425,86.75133025051542,68.4573490690292
YLLs (Years of Life Lost),Iraq,Both,All ages,Cirrhosis due to alcohol,Rate,2000,9.91212425108124,16.288165225568463,5.4487302207267225
YLLs (Years of Life Lost),Norway,Both,All ages,Alcoholic cardiomyopathy,Rate,2010,16.301221317032315,16.993609919377292,15.557371699189458
YLLs (Years of Life Lost),Yemen,Both,All ages,Alcoholic cardiomyopathy,Rate,2010,1.1586472400235772,2.3832167468323067,0.2752756406021893
YLLs (Years of Life Lost),Egypt,Both,All ages,Alcoholic cardiomyopathy,Rate,2010,0.02694357202473326,0.055810392693927555,0.008625181434990059
YLLs (Years of Life Lost),Socialist Republic of Viet Nam,Both,All ages,Liver cancer due to alcohol use,Rate,2000,46.34350238309254,69.38900819963025,29.63071710455903
YLLs (Years of Life Lost),Albania,Both,All ages,Alcoholic cardiomyopathy,Rate,2010,23.662886783931494,42.45861079034018,5.987958221839958
YLLs (Years of Life Lost),Comoros,Both,All ages,Cirrhosis due to alcohol,Rate,2000,95.5974837595332,153.7861738404433,59.92431691901678
YLLs (Years of Life Lost),Colombia,Both,All ages,Cirrhosis due to alcohol,Rate,1990,58.702113963964386,71.50716774884785,46.847606142860876
YLLs (Years of Life Lost),Haiti,Both,All ages,Alcohol use disorders,Rate,1990,105.74351393910777,149.24405939769187,50.27184067582301
YLLs (Years of Life Lost),Belgium,Both,All ages,Alcohol use disorders,Rate,2010,134.18797201347613,139.7611198631825,128.78128888131957
YLLs (Years of Life Lost),Mauritius,Both,All ages,Alcoholic cardiomyopathy,Rate,2000,27.49517942086011,30.721553419150602,24.424471155442813
YLLs (Years of Life Lost),Mozambique,Both,All ages,Cirrhosis due to alcohol,Rate,2000,55.53186892099843,82.86541323523919,34.81669252555224
YLLs (Years of Life Lost),Saint Lucia,Both,All ages,Alcoholic cardiomyopathy,Rate,2010,122.48556297310617,134.3748681933851,111.6415621583778
YLLs (Years of Life Lost),Iraq,Both,All ages,Liver cancer due to alcohol use,Rate,1990,4.309891579864711,6.7278490460849225,2.672087801620187
YLLs (Years of Life Lost),Qatar,Both,All ages,Liver cancer due to alcohol use,Rate,2000,12.480415885294166,19.62675954135313,7.890766814425856
YLLs (Years of Life Lost),Hungary,Both,All ages,Liver cancer due to alcohol use,Rate,2010,25.258196285216787,32.09919721153028,19.349529863241916
YLLs (Years of Life Lost),Sao Tome and Principe,Both,All ages,Alcohol use disorders,Rate,2000,23.953534410700364,30.729130754279637,16.728656898205955
YLLs (Years of Life Lost),Republic of Nauru,Both,All ages,Liver cancer due to alcohol use,Rate,2000,14.31359615387884,23.91897110130595,8.026745259976149
YLLs (Years of Life Lost),Cambodia,Both,All ages,Liver cancer due to alcohol use,Rate,2010,21.406903238480012,40.20016416456551,10.799842252387934
YLLs (Years of Life Lost),Cambodia,Both,All ages,Alcohol use disorders,Rate,2010,28.59878909458181,37.90620277793393,18.503197517864216
YLLs (Years of Life Lost),Brazil,Both,All ages,Cirrhosis due to alcohol,Rate,2000,186.1071738114186,201.5120776551293,169.80747157359784
YLLs (Years of Life Lost),Liberia,Both,All ages,Alcoholic cardiomyopathy,Rate,2010,1.0976217776098238,2.780775518324062,0.11324072453856991
YLLs (Years of Life Lost),Colombia,Both,All ages,Liver cancer due to alcohol use,Rate,1990,10.740544250822438,13.827394954791755,8.046657868153106
YLLs (Years of Life Lost),Colombia,Both,All ages,Alcohol use disorders,Rate,1990,14.380864424862706,15.126868128342066,13.653234489304088
YLLs (Years of Life Lost),Dominican Republic,Both,All ages,Cirrhosis due to alcohol,Rate,1990,218.28390792522117,274.7844244093318,162.77016397929813
YLLs (Years of Life Lost),Finland,Both,All ages,Cirrhosis due to alcohol,Rate,1990,200.7832584643892,233.83854686165952,163.38153910761983
YLLs (Years of Life Lost),Spain,Both,All ages,Cirrhosis due to alcohol,Rate,1990,338.0037841266523,386.46806985510483,287.64721418570105
YLLs (Years of Life Lost),Italy,Both,All ages,Alcoholic cardiomyopathy,Rate,2000,7.116544335538913,7.499198015879753,6.590257686646426
YLLs (Years of Life Lost),Republic of San Marino,Both,All ages,Alcoholic cardiomyopathy,Rate,2000,24.520410104670574,39.458269079833386,6.926860696025588
YLLs (Years of Life Lost),Poland,Both,All ages,Cirrhosis due to alcohol,Rate,2010,292.24876135946784,322.92270725512026,265.11230147433065
YLLs (Years of Life Lost),Montenegro,Both,All ages,Alcoholic cardiomyopathy,Rate,1990,134.47241561059303,215.8206190196059,49.82853917424574
YLLs (Years of Life Lost),Peru,Both,All ages,Liver cancer due to alcohol use,Rate,2010,11.028952105682844,15.41511033107333,7.729821545817571
YLLs (Years of Life Lost),Burkina Faso,Both,All ages,Liver cancer due to alcohol use,Rate,2000,66.77908211843894,127.70132785410097,27.464492135004296
YLLs (Years of Life Lost),Burkina Faso,Both,All ages,Alcohol use disorders,Rate,2000,37.28496102646144,49.21570291710914,25.1390917130594
YLLs (Years of Life Lost),Republic of Korea,Both,All ages,Liver cancer due to alcohol use,Rate,1990,87.87752016334535,131.33412324066745,54.425001645920055
YLLs (Years of Life Lost),France,Both,All ages,Cirrhosis due to alcohol,Rate,2010,201.1243852980345,234.52704334355374,162.9890088368974
YLLs (Years of Life Lost),Andorra,Both,All ages,Alcoholic cardiomyopathy,Rate,2000,45.382085697729785,76.01462688929477,17.36344790143234
YLLs (Years of Life Lost),Serbia,Both,All ages,Liver cancer due to alcohol use,Rate,2000,63.712646883535584,86.61799416764525,44.389363476486906
YLLs (Years of Life Lost),United Kingdom of Great Britain and Northern Ireland,Both,All ages,Alcohol use disorders,Rate,2000,72.34394836672102,73.49722211984293,71.18381012313617
YLLs (Years of Life Lost),Lesotho,Both,All ages,Alcohol use disorders,Rate,2000,42.25950771170959,56.77747047153836,26.703934311489196
YLLs (Years of Life Lost),Thailand,Both,All ages,Alcohol use disorders,Rate,1990,48.75182798815884,63.68830602567846,32.50899224896603
YLLs (Years of Life Lost),Iceland,Both,All ages,Alcohol use disorders,Rate,1990,73.72952622313927,78.79330744133304,68.67490941931817
YLLs (Years of Life Lost),Saint Vincent and the Grenadines,Both,All ages,Cirrhosis due to alcohol,Rate,2010,137.37811094643456,166.43833532076934,109.00181206741158
YLLs (Years of Life Lost),Cambodia,Both,All ages,Alcoholic cardiomyopathy,Rate,2010,1.0874190308654057,2.0323536361492116,0.2162303009866498
YLLs (Years of Life Lost),Spain,Both,All ages,Alcohol use disorders,Rate,1990,34.05800867872815,35.42877003879529,32.75752380124854
YLLs (Years of Life Lost),Morocco,Both,All ages,Liver cancer due to alcohol use,Rate,2010,0.8387259601852837,1.3652920310376164,0.513719833261937
YLLs (Years of Life Lost),Syrian Arab Republic,Both,All ages,Alcoholic cardiomyopathy,Rate,2000,1.4197475112974607,2.6258295731790113,0.2937510861440011
YLLs (Years of Life Lost),South Africa,Both,All ages,Alcoholic cardiomyopathy,Rate,2010,0.10312035224907688,0.14054854384624363,0.011098799432769254
YLLs (Years of Life Lost),Myanmar,Both,All ages,Liver cancer due to alcohol use,Rate,2010,9.590927008725842,20.1830456174385,5.011585192337017
YLLs (Years of Life Lost),Guatemala,Both,All ages,Alcohol use disorders,Rate,2000,464.71527368105154,479.24330165317497,449.05657760862465
YLLs (Years of Life Lost),North Macedonia,Both,All ages,Cirrhosis due to alcohol,Rate,1990,128.5652440305399,159.1964392034173,102.30152056175865
YLLs (Years of Life Lost),Seychelles,Both,All ages,Alcohol use disorders,Rate,1990,24.209438016119226,28.593958527044183,16.24143371433369
YLLs (Years of Life Lost),Russian Federation,Both,All ages,Alcoholic cardiomyopathy,Rate,2000,971.9029151044285,985.128005157147,959.1620869282277
YLLs (Years of Life Lost),Portugal,Both,All ages,Cirrhosis due to alcohol,Rate,2010,263.7781786089348,305.35154030689404,216.46944199171622
YLLs (Years of Life Lost),Commonwealth of the Bahamas,Both,All ages,Liver cancer due to alcohol use,Rate,2000,20.15623846987871,26.520165450559826,15.035355693332901
YLLs (Years of Life Lost),Plurinational State of Bolivia,Both,All ages,Alcohol use disorders,Rate,2000,109.90798363282853,146.82955908178224,71.85665918980084
YLLs (Years of Life Lost),Iceland,Both,All ages,Alcoholic cardiomyopathy,Rate,1990,11.098415414541602,12.13816334967438,10.068791919277562
YLLs (Years of Life Lost),Poland,Both,All ages,Alcohol use disorders,Rate,2010,423.5762846485812,433.4861525371864,414.246346994278
YLLs (Years of Life Lost),Bangladesh,Both,All ages,Alcohol use disorders,Rate,2000,0.43745513268067976,0.5649704827283282,0.33873563063675965
YLLs (Years of Life Lost),Belgium,Both,All ages,Alcoholic cardiomyopathy,Rate,2010,25.943352423002363,27.631543265086865,24.00940555786078
YLLs (Years of Life Lost),Peru,Both,All ages,Alcoholic cardiomyopathy,Rate,2010,0.08450953468393005,0.14573322611204492,0.010568026229462088
YLLs (Years of Life Lost),Croatia,Both,All ages,Cirrhosis due to alcohol,Rate,1990,479.05761819361487,568.8653208466333,386.6672416344832
YLLs (Years of Life Lost),Maldives,Both,All ages,Liver cancer due to alcohol use,Rate,2000,15.73483399492013,22.859028997823792,10.229246098830357
YLLs (Years of Life Lost),Angola,Both,All ages,Alcohol use disorders,Rate,2010,41.5850721487903,56.966289461459745,27.163775955426885
YLLs (Years of Life Lost),Lesotho,Both,All ages,Alcoholic cardiomyopathy,Rate,2000,0.10049748652415443,0.24018413019037896,0.015874371653898035
YLLs (Years of Life Lost),Seychelles,Both,All ages,Alcoholic cardiomyopathy,Rate,1990,1.4386735999054785,2.6226549829811145,0.22513006913732497
YLLs (Years of Life Lost),Bosnia and Herzegovina,Both,All ages,Cirrhosis due to alcohol,Rate,2010,195.38510552350968,256.47636279469316,150.8215249370182
YLLs (Years of Life Lost),Poland,Both,All ages,Cirrhosis due to alcohol,Rate,1990,136.72876632095335,151.43354988230024,122.31306799112777
YLLs (Years of Life Lost),Austria,Both,All ages,Cirrhosis due to alcohol,Rate,2000,318.3861364778105,372.85683958920134,261.5201014917096
YLLs (Years of Life Lost),Seychelles,Both,All ages,Alcoholic cardiomyopathy,Rate,2000,1.9023421000134915,3.4508852640233294,0.23862254046117903
YLLs (Years of Life Lost),Tokelau,Both,All ages,Alcohol use disorders,Rate,2000,37.35899071766759,55.63056205088446,20.35822413572476
YLLs (Years of Life Lost),Belarus,Both,All ages,Alcoholic cardiomyopathy,Rate,2000,401.6262802511687,468.3735750104571,337.85689832589566
YLLs (Years of Life Lost),Mali,Both,All ages,Alcohol use disorders,Rate,2010,26.89411205670304,39.932752807861675,18.30745914338136
YLLs (Years of Life Lost),Burkina Faso,Both,All ages,Alcoholic cardiomyopathy,Rate,2000,2.042554284012808,5.297849134509647,0.19463240014056077
YLLs (Years of Life Lost),Sweden,Both,All ages,Alcohol use disorders,Rate,2010,142.92558804211455,148.15568425855548,137.1852273398475
YLLs (Years of Life Lost),Fiji,Both,All ages,Alcoholic cardiomyopathy,Rate,2000,0.3739718387485781,0.5915940991064241,0.06067905576280654
YLLs (Years of Life Lost),United Kingdom of Great Britain and Northern Ireland,Both,All ages,Alcoholic cardiomyopathy,Rate,2000,20.17031400129058,20.63272013537512,19.589797031513594
YLLs (Years of Life Lost),Belize,Both,All ages,Liver cancer due to alcohol use,Rate,2010,10.771271727752502,13.650442142443996,8.11328480977882
YLLs (Years of Life Lost),Tunisia,Both,All ages,Alcohol use disorders,Rate,2000,6.60037486182718,8.342596861138608,2.8887041730160723
YLLs (Years of Life Lost),United States Virgin Islands,Both,All ages,Alcohol use disorders,Rate,1990,246.20609573395058,326.8399923672563,183.03727924988283
YLLs (Years of Life Lost),Azerbaijan,Both,All ages,Alcohol use disorders,Rate,1990,106.34757706563624,129.80630464610525,85.87537241558502
YLLs (Years of Life Lost),Saudi Arabia,Both,All ages,Liver cancer due to alcohol use,Rate,2000,4.193754086861808,6.3559213891007165,2.57138521645408
YLLs (Years of Life Lost),Guinea-Bissau,Both,All ages,Liver cancer due to alcohol use,Rate,1990,73.66286145294906,124.89072437086193,26.583714532151138
YLLs (Years of Life Lost),Bosnia and Herzegovina,Both,All ages,Alcohol use disorders,Rate,2010,157.76158476086096,223.38562506288343,131.28883044630047
YLLs (Years of Life Lost),Saudi Arabia,Both,All ages,Alcohol use disorders,Rate,2000,0.8318051249310617,1.0697845993768722,0.4846193863564546
YLLs (Years of Life Lost),Yemen,Both,All ages,Alcohol use disorders,Rate,1990,5.7857464850115745,8.975538023960103,1.9106804640496424
YLLs (Years of Life Lost),Indonesia,Both,All ages,Alcohol use disorders,Rate,2010,4.816848826627792,5.821492216744772,2.7051297474176503
YLLs (Years of Life Lost),Finland,Both,All ages,Cirrhosis due to alcohol,Rate,2010,326.34263031785184,384.5776614682113,260.3711321309041
YLLs (Years of Life Lost),Bolivarian Republic of Venezuela,Both,All ages,Alcohol use disorders,Rate,1990,47.19430431854261,49.350226039889066,45.02649816621886
YLLs (Years of Life Lost),Congo,Both,All ages,Liver cancer due to alcohol use,Rate,2000,20.114114589193996,35.906584253276776,10.073413019126829
YLLs (Years of Life Lost),Serbia,Both,All ages,Alcoholic cardiomyopathy,Rate,2000,117.12471496383098,178.248493427969,43.24423536164594
YLLs (Years of Life Lost),Tajikistan,Both,All ages,Liver cancer due to alcohol use,Rate,2000,12.700378051460618,21.092884496453067,7.230905912665042
YLLs (Years of Life Lost),Antigua and Barbuda,Both,All ages,Liver cancer due to alcohol use,Rate,2000,14.549937099722555,18.803635800257506,11.010236985708069
YLLs (Years of Life Lost),Antigua and Barbuda,Both,All ages,Alcohol use disorders,Rate,2000,215.81517775136425,235.4943920029921,198.49504121368867
YLLs (Years of Life Lost),Jamaica,Both,All ages,Cirrhosis due to alcohol,Rate,1990,63.93427187170711,76.97154845488913,51.22003390911909
YLLs (Years of Life Lost),Lithuania,Both,All ages,Cirrhosis due to alcohol,Rate,1990,107.26262519793616,134.05596790063004,83.4890327517784
YLLs (Years of Life Lost),Republic of Nauru,Both,All ages,Alcoholic cardiomyopathy,Rate,2000,2.5902461755784576,5.011319562214037,0.3107274626600156
YLLs (Years of Life Lost),Trinidad and Tobago,Both,All ages,Liver cancer due to alcohol use,Rate,2000,13.71767532542522,17.590394709998908,10.209213517558567
YLLs (Years of Life Lost),United States Virgin Islands,Both,All ages,Alcoholic cardiomyopathy,Rate,1990,33.757048154809205,83.50923255242168,15.546819517230164
YLLs (Years of Life Lost),Bahrain,Both,All ages,Alcohol use disorders,Rate,2000,24.045150645314813,29.04605103451377,9.442093735214977
YLLs (Years of Life Lost),Morocco,Both,All ages,Alcoholic cardiomyopathy,Rate,2010,1.7296936160430207,4.003844764092259,0.4222465523870582
YLLs (Years of Life Lost),Guatemala,Both,All ages,Alcoholic cardiomyopathy,Rate,2000,2.4604537256960337,2.732520874008213,2.230089126189736
YLLs (Years of Life Lost),Namibia,Both,All ages,Alcohol use disorders,Rate,2000,41.17453402572551,53.204212877676454,24.413668871890245
YLLs (Years of Life Lost),Guinea-Bissau,Both,All ages,Liver cancer due to alcohol use,Rate,2010,46.79544029081671,73.71625439506592,20.689669891975708
YLLs (Years of Life Lost),Costa Rica,Both,All ages,Cirrhosis due to alcohol,Rate,1990,117.46061955700107,143.9615157493682,92.3763792616608
YLLs (Years of Life Lost),Spain,Both,All ages,Liver cancer due to alcohol use,Rate,2000,66.51903614041268,84.27099970418931,50.2499499262326
YLLs (Years of Life Lost),Kazakhstan,Both,All ages,Liver cancer due to alcohol use,Rate,2010,48.322853248974596,63.827930010460044,34.910478471362325
YLLs (Years of Life Lost),Kazakhstan,Both,All ages,Alcohol use disorders,Rate,2010,524.9642244480483,572.1074140937438,479.5225914045968
YLLs (Years of Life Lost),Yemen,Both,All ages,Alcoholic cardiomyopathy,Rate,1990,1.6292342798477268,3.592103503770856,0.30456994291533207
YLLs (Years of Life Lost),Malawi,Both,All ages,Cirrhosis due to alcohol,Rate,2000,156.40243832288604,215.25293099724936,102.7551730565108
YLLs (Years of Life Lost),Saudi Arabia,Both,All ages,Alcoholic cardiomyopathy,Rate,2000,1.4738636850046998,2.4050482824987403,0.20856238231523924
YLLs (Years of Life Lost),Cameroon,Both,All ages,Cirrhosis due to alcohol,Rate,2000,96.46246222199605,147.83738814139411,58.94222047936498
YLLs (Years of Life Lost),Saint Kitts and Nevis,Both,All ages,Liver cancer due to alcohol use,Rate,1990,23.945500459951,32.1419516851301,17.382287507916434
YLLs (Years of Life Lost),Argentina,Both,All ages,Cirrhosis due to alcohol,Rate,2010,121.27775495720941,151.371828750665,89.69537526097575
YLLs (Years of Life Lost),Islamic Republic of Iran,Both,All ages,Alcohol use disorders,Rate,2010,8.810574001556871,9.427140474027347,6.724495548170458
YLLs (Years of Life Lost),Namibia,Both,All ages,Liver cancer due to alcohol use,Rate,1990,4.67420833190069,9.204921873117225,2.099782946790216
YLLs (Years of Life Lost),Antigua and Barbuda,Both,All ages,Alcoholic cardiomyopathy,Rate,2000,5.645284992422583,6.4243047524941845,4.909268214877065
YLLs (Years of Life Lost),Senegal,Both,All ages,Cirrhosis due to alcohol,Rate,2000,60.88790437049448,96.88973374326176,38.41902983084293
YLLs (Years of Life Lost),Republic of Niue,Both,All ages,Alcohol use disorders,Rate,2000,49.12863946923378,69.16189294745516,29.584573678255182
YLLs (Years of Life Lost),Benin,Both,All ages,Cirrhosis due to alcohol,Rate,1990,105.0763878977155,159.478181089518,64.95680341974511
YLLs (Years of Life Lost),New Zealand,Both,All ages,Liver cancer due to alcohol use,Rate,2000,35.94221585602779,40.58665398777387,31.690300675243968
YLLs (Years of Life Lost),Cyprus,Both,All ages,Cirrhosis due to alcohol,Rate,2010,113.58337814170248,139.34711989881896,89.27491347335003
YLLs (Years of Life Lost),Ukraine,Both,All ages,Cirrhosis due to alcohol,Rate,2000,421.7848183348684,474.2168135094082,371.1177189441452
YLLs (Years of Life Lost),Puerto Rico,Both,All ages,Liver cancer due to alcohol use,Rate,1990,21.549402567093964,28.363116095250785,15.833864553177778
YLLs (Years of Life Lost),Puerto Rico,Both,All ages,Alcohol use disorders,Rate,1990,237.6152109724341,248.5085333686948,226.6546791260787
YLLs (Years of Life Lost),Philippines,Both,All ages,Liver cancer due to alcohol use,Rate,2010,27.502075048966436,33.3463152178699,22.62326715705703
YLLs (Years of Life Lost),Philippines,Both,All ages,Alcohol use disorders,Rate,2010,20.624084439269286,23.20272477828216,15.220239668657692
YLLs (Years of Life Lost),Luxembourg,Both,All ages,Alcohol use disorders,Rate,2000,176.27646513699835,187.330884621061,166.73797876320177
YLLs (Years of Life Lost),Trinidad and Tobago,Both,All ages,Alcoholic cardiomyopathy,Rate,2000,13.274882743533908,15.247206699600357,11.526416982975777
YLLs (Years of Life Lost),Azerbaijan,Both,All ages,Liver cancer due to alcohol use,Rate,2010,40.93670710896552,66.7289314018391,24.012222757104208
YLLs (Years of Life Lost),Tajikistan,Both,All ages,Alcoholic cardiomyopathy,Rate,2000,0.025784694392493406,0.06251750057562541,0.001880137117391208
YLLs (Years of Life Lost),Burundi,Both,All ages,Liver cancer due to alcohol use,Rate,2010,6.332269909078115,13.069479413905455,3.368388794081887
YLLs (Years of Life Lost),Syrian Arab Republic,Both,All ages,Cirrhosis due to alcohol,Rate,2000,9.84856447186929,15.233350923782048,5.8836527078067045
YLLs (Years of Life Lost),Guinea-Bissau,Both,All ages,Alcoholic cardiomyopathy,Rate,1990,2.400149134593719,5.925315565648217,0.2409592098029029
YLLs (Years of Life Lost),Slovakia,Both,All ages,Alcohol use disorders,Rate,2000,107.23451425633588,123.73159383518683,92.66433372300445
YLLs (Years of Life Lost),Namibia,Both,All ages,Alcoholic cardiomyopathy,Rate,1990,0.10563420906907278,0.28168051035232927,0.018172742607148486
YLLs (Years of Life Lost),Colombia,Both,All ages,Alcoholic cardiomyopathy,Rate,1990,1.225029265661236,1.3599429865488242,1.0894701903717114
YLLs (Years of Life Lost),Algeria,Both,All ages,Alcohol use disorders,Rate,2010,5.533171040404016,7.456955404976734,2.7852805230807283
YLLs (Years of Life Lost),Botswana,Both,All ages,Alcohol use disorders,Rate,2000,36.93778715435286,55.11325267892112,21.486938637440108
YLLs (Years of Life Lost),New Zealand,Both,All ages,Alcoholic cardiomyopathy,Rate,2000,75.23019917383819,79.9683071504216,70.89660712733728
YLLs (Years of Life Lost),Guyana,Both,All ages,Liver cancer due to alcohol use,Rate,2000,13.638023042773066,17.489626353012014,10.133060540585692
YLLs (Years of Life Lost),Fiji,Both,All ages,Cirrhosis due to alcohol,Rate,2000,38.25780997249506,53.50194284271692,25.739278094159157
YLLs (Years of Life Lost),Syrian Arab Republic,Both,All ages,Alcohol use disorders,Rate,2000,14.119560589068232,16.977533652044425,8.096291906926293
YLLs (Years of Life Lost),Slovakia,Both,All ages,Alcoholic cardiomyopathy,Rate,2000,30.809040220233218,49.79991528719503,9.264251377365138
YLLs (Years of Life Lost),North Macedonia,Both,All ages,Alcohol use disorders,Rate,2010,55.36724730801293,65.79797708560697,39.470612993346315
YLLs (Years of Life Lost),Philippines,Both,All ages,Alcoholic cardiomyopathy,Rate,2010,2.362748982381929,4.407315498542129,0.5040171106908985
YLLs (Years of Life Lost),Tonga,Both,All ages,Liver cancer due to alcohol use,Rate,1990,39.228157989837435,64.8335677233736,22.29992041852978
YLLs (Years of Life Lost),Saint Kitts and Nevis,Both,All ages,Alcoholic cardiomyopathy,Rate,1990,10.637049407706023,13.42316209340683,8.362067621782945
YLLs (Years of Life Lost),Brazil,Both,All ages,Alcohol use disorders,Rate,2010,172.76566140141708,176.54620885774872,169.0514439942906
YLLs (Years of Life Lost),Canada,Both,All ages,Cirrhosis due to alcohol,Rate,1990,51.76043274200821,71.23530385001602,34.71800717978858
YLLs (Years of Life Lost),Azerbaijan,Both,All ages,Alcoholic cardiomyopathy,Rate,1990,13.072054329584738,36.569429118350996,1.5285316903049175
YLLs (Years of Life Lost),Timor-Leste,Both,All ages,Cirrhosis due to alcohol,Rate,1990,74.92142827377587,163.396402648184,37.236942663323696
YLLs (Years of Life Lost),Jordan,Both,All ages,Alcohol use disorders,Rate,1990,2.429336188546041,3.1311770781147255,1.5464211020351522
YLLs (Years of Life Lost),Liberia,Both,All ages,Alcoholic cardiomyopathy,Rate,1990,1.949536920053394,4.8193603383719354,0.15402549503297308
YLLs (Years of Life Lost),Kingdom of Eswatini,Both,All ages,Alcohol use disorders,Rate,2010,43.656571450889395,65.03002160524967,24.343443667228453
YLLs (Years of Life Lost),Sudan,Both,All ages,Liver cancer due to alcohol use,Rate,2000,4.636730879618509,8.72196298341576,2.2140219169616113
YLLs (Years of Life Lost),Botswana,Both,All ages,Alcoholic cardiomyopathy,Rate,2000,0.12482769781384459,0.36938855120643116,0.021832932128125117
YLLs (Years of Life Lost),Mali,Both,All ages,Alcoholic cardiomyopathy,Rate,2010,0.6127449301817601,1.7901876790318385,0.060224995918846114
YLLs (Years of Life Lost),Poland,Both,All ages,Alcohol use disorders,Rate,1990,300.98953377127685,307.0812594546706,295.04219534657545
YLLs (Years of Life Lost),Kiribati,Both,All ages,Cirrhosis due to alcohol,Rate,2000,88.93360962827747,138.0925856841166,52.44398617828149
YLLs (Years of Life Lost),Somalia,Both,All ages,Liver cancer due to alcohol use,Rate,2000,16.969436164531253,32.54832170627734,6.218594551919516
YLLs (Years of Life Lost),Commonwealth of the Bahamas,Both,All ages,Alcoholic cardiomyopathy,Rate,2000,44.7467988006079,50.977416528330686,38.889415532938045
YLLs (Years of Life Lost),Lesotho,Both,All ages,Cirrhosis due to alcohol,Rate,2000,155.19817980435926,243.48489231781502,93.86359885636979
YLLs (Years of Life Lost),Cuba,Both,All ages,Alcohol use disorders,Rate,2010,117.44251705743804,122.82895595988698,112.17666567505985
YLLs (Years of Life Lost),Afghanistan,Both,All ages,Liver cancer due to alcohol use,Rate,1990,8.56422634311904,14.17364826885031,4.475709264565187
YLLs (Years of Life Lost),Somalia,Both,All ages,Alcoholic cardiomyopathy,Rate,2000,0.04309698104760971,0.21346721294199608,0.004975405096868163
YLLs (Years of Life Lost),Honduras,Both,All ages,Cirrhosis due to alcohol,Rate,2000,187.34061691354214,271.5637743505892,123.48605814061175
YLLs (Years of Life Lost),Tuvalu,Both,All ages,Cirrhosis due to alcohol,Rate,2000,102.60806074632569,157.18337687535734,63.296377764498814
YLLs (Years of Life Lost),Central African Republic,Both,All ages,Cirrhosis due to alcohol,Rate,2010,211.07933469079526,314.6869826458156,124.96352356747158
YLLs (Years of Life Lost),Somalia,Both,All ages,Alcohol use disorders,Rate,1990,39.99910801431662,61.455902540679446,25.115405539167245
YLLs (Years of Life Lost),Romania,Both,All ages,Cirrhosis due to alcohol,Rate,2010,743.6115965962877,879.2182313181048,602.8571072985801
YLLs (Years of Life Lost),Kazakhstan,Both,All ages,Alcoholic cardiomyopathy,Rate,2010,55.71344484714337,108.64916945633152,27.076396539141022
YLLs (Years of Life Lost),Ireland,Both,All ages,Cirrhosis due to alcohol,Rate,1990,61.97494649771096,73.77333904299184,51.227666684847314
YLLs (Years of Life Lost),Ecuador,Both,All ages,Cirrhosis due to alcohol,Rate,2000,188.41784593016146,227.48847090013797,147.42814909950002
YLLs (Years of Life Lost),Egypt,Both,All ages,Cirrhosis due to alcohol,Rate,2000,40.21034812613892,60.361459460865305,25.92348921914535
YLLs (Years of Life Lost),Guinea-Bissau,Both,All ages,Alcoholic cardiomyopathy,Rate,2010,1.2080957531303433,2.986466374733152,0.15464591508643635
YLLs (Years of Life Lost),Kingdom of Eswatini,Both,All ages,Alcoholic cardiomyopathy,Rate,2010,0.126261481340929,0.3097845973483988,0.02345444101696574
YLLs (Years of Life Lost),Singapore,Both,All ages,Alcohol use disorders,Rate,1990,2.9119958235975774,3.0608188718886367,2.773252518140126
YLLs (Years of Life Lost),Bulgaria,Both,All ages,Cirrhosis due to alcohol,Rate,2010,479.77594811740255,572.5308881289156,387.4909447440881
YLLs (Years of Life Lost),France,Both,All ages,Liver cancer due to alcohol use,Rate,2000,80.54456442984188,100.98722000566917,60.18859893057992
YLLs (Years of Life Lost),Estonia,Both,All ages,Cirrhosis due to alcohol,Rate,2000,303.9484815457029,363.0310395387952,239.7683857516006
YLLs (Years of Life Lost),Bhutan,Both,All ages,Cirrhosis due to alcohol,Rate,2000,154.1398452289436,313.39620605454576,90.83142790536004
YLLs (Years of Life Lost),Georgia,Both,All ages,Cirrhosis due to alcohol,Rate,1990,342.9830490594564,413.9568092968603,269.161576874855
YLLs (Years of Life Lost),Myanmar,Both,All ages,Alcohol use disorders,Rate,2000,444.56166496463135,578.2720331276211,308.6411803124534
YLLs (Years of Life Lost),Turkey,Both,All ages,Cirrhosis due to alcohol,Rate,2000,9.52924934206684,14.922537785910494,5.773418184866707
YLLs (Years of Life Lost),Somalia,Both,All ages,Alcohol use disorders,Rate,2000,40.97975462758943,62.156177146975566,26.45147860486096
YLLs (Years of Life Lost),Eritrea,Both,All ages,Liver cancer due to alcohol use,Rate,2000,9.392419240813126,17.068615048052028,5.217959879837288
YLLs (Years of Life Lost),Brunei Darussalam,Both,All ages,Cirrhosis due to alcohol,Rate,2010,40.61925751703456,55.57847436395549,27.45667884354125
YLLs (Years of Life Lost),Mongolia,Both,All ages,Cirrhosis due to alcohol,Rate,1990,282.8784268663586,366.2218581648212,211.20720361080961
YLLs (Years of Life Lost),Lao People's Democratic Republic,Both,All ages,Cirrhosis due to alcohol,Rate,2010,134.22894996808895,218.30598362911206,80.36631183303162
YLLs (Years of Life Lost),Switzerland,Both,All ages,Cirrhosis due to alcohol,Rate,2010,130.70919836854262,152.91136385324748,107.10711457501893
YLLs (Years of Life Lost),Cameroon,Both,All ages,Alcohol use disorders,Rate,2000,39.23977028953608,52.48765230721485,24.818880647643024
YLLs (Years of Life Lost),Islamic Republic of Iran,Both,All ages,Alcoholic cardiomyopathy,Rate,2010,1.5890100639271996,3.0786538256140363,0.23441827513976224
YLLs (Years of Life Lost),Dominica,Both,All ages,Liver cancer due to alcohol use,Rate,1990,17.867995515663214,25.21418487458066,12.17819496608014
YLLs (Years of Life Lost),Palestine,Both,All ages,Alcohol use disorders,Rate,2010,0.18127856149026392,0.23079395247989343,0.10468589328967338
YLLs (Years of Life Lost),South Africa,Both,All ages,Cirrhosis due to alcohol,Rate,2000,89.66836545328563,105.51401321698853,75.424106933143
YLLs (Years of Life Lost),Namibia,Both,All ages,Liver cancer due to alcohol use,Rate,2010,10.177669943641748,14.811797665620027,7.061740880658958
YLLs (Years of Life Lost),Puerto Rico,Both,All ages,Alcoholic cardiomyopathy,Rate,1990,6.8657909137959985,7.958093103499747,6.009071166759977
YLLs (Years of Life Lost),Greece,Both,All ages,Liver cancer due to alcohol use,Rate,2010,33.93402929486962,43.81639054744318,25.376659409632737
YLLs (Years of Life Lost),Kyrgyzstan,Both,All ages,Cirrhosis due to alcohol,Rate,2010,530.4251369858592,656.5816742676734,401.8681677416652
YLLs (Years of Life Lost),Jordan,Both,All ages,Alcoholic cardiomyopathy,Rate,1990,0.10605665695446627,0.16793407437191327,0.008875621468783028
YLLs (Years of Life Lost),Brazil,Both,All ages,Alcoholic cardiomyopathy,Rate,2010,26.578132197992254,27.70089069013555,25.49333602558469
YLLs (Years of Life Lost),Costa Rica,Both,All ages,Alcohol use disorders,Rate,1990,59.21396502962567,62.926720121749455,55.74845233046082
YLLs (Years of Life Lost),Romania,Both,All ages,Cirrhosis due to alcohol,Rate,1990,451.4197290506498,537.9430194302009,357.6863696479946
YLLs (Years of Life Lost),Cuba,Both,All ages,Alcoholic cardiomyopathy,Rate,2010,87.39493418126906,92.64240395353687,82.68703402949068
YLLs (Years of Life Lost),Mauritania,Both,All ages,Cirrhosis due to alcohol,Rate,2010,59.314082639965314,95.83268864728885,34.180016638946825
YLLs (Years of Life Lost),Singapore,Both,All ages,Alcoholic cardiomyopathy,Rate,1990,6.051936311669447,6.673915487912219,5.462682540411643
YLLs (Years of Life Lost),Estonia,Both,All ages,Alcohol use disorders,Rate,2000,934.2172448404169,981.5791548790122,885.0278927197342
YLLs (Years of Life Lost),Iraq,Both,All ages,Cirrhosis due to alcohol,Rate,2010,9.900808920120285,16.03113572904699,5.748238286237666
YLLs (Years of Life Lost),Saint Vincent and the Grenadines,Both,All ages,Liver cancer due to alcohol use,Rate,1990,17.248581796747487,22.765085153540234,12.79431302061016
YLLs (Years of Life Lost),Democratic People's Republic of Korea,Both,All ages,Alcoholic cardiomyopathy,Rate,2000,4.7908326530388665,10.11296169802343,1.9158779455003903
YLLs (Years of Life Lost),Latvia,Both,All ages,Alcohol use disorders,Rate,2010,496.5705343340834,521.8153035589147,471.8634222096756
YLLs (Years of Life Lost),Guyana,Both,All ages,Alcoholic cardiomyopathy,Rate,2000,24.593260709983383,28.408528871477078,20.602528848642322
YLLs (Years of Life Lost),American Samoa,Both,All ages,Alcohol use disorders,Rate,2010,39.133739016615436,51.533827631084755,27.277690192450788
YLLs (Years of Life Lost),Sweden,Both,All ages,Cirrhosis due to alcohol,Rate,1990,127.88476977878979,138.2322964737577,117.12364737293483
YLLs (Years of Life Lost),Saint Kitts and Nevis,Both,All ages,Cirrhosis due to alcohol,Rate,1990,270.0655316617128,326.7768819713638,216.4558275798889
YLLs (Years of Life Lost),Guinea-Bissau,Both,All ages,Cirrhosis due to alcohol,Rate,2000,127.2323497072124,193.80268038229192,74.42422848849672
YLLs (Years of Life Lost),Sudan,Both,All ages,Liver cancer due to alcohol use,Rate,1990,6.921582725272143,13.315013333962112,3.10449693583907
YLLs (Years of Life Lost),United Republic of Tanzania,Both,All ages,Alcohol use disorders,Rate,2000,38.845376759589925,54.36265562311508,27.66033056862018
YLLs (Years of Life Lost),Namibia,Both,All ages,Cirrhosis due to alcohol,Rate,2000,130.1915330074924,202.97606041205842,79.79528185727477
YLLs (Years of Life Lost),Saint Kitts and Nevis,Both,All ages,Alcohol use disorders,Rate,1990,491.27690452781786,526.0521989142804,458.16291519634717
YLLs (Years of Life Lost),Barbados,Both,All ages,Alcohol use disorders,Rate,2000,86.45796415136374,93.71736514149556,79.67147336966198
YLLs (Years of Life Lost),Rwanda,Both,All ages,Liver cancer due to alcohol use,Rate,2010,11.329713164118319,19.100829017360304,6.760056304632193
YLLs (Years of Life Lost),Mali,Both,All ages,Alcohol use disorders,Rate,1990,28.226501967936656,42.23163715572076,17.80595032190902
YLLs (Years of Life Lost),Republic of San Marino,Both,All ages,Liver cancer due to alcohol use,Rate,1990,26.197594769454184,36.01730179791145,18.519390745536104
YLLs (Years of Life Lost),Spain,Both,All ages,Alcoholic cardiomyopathy,Rate,2000,19.28586477788066,20.858815737498176,17.45793006345019
YLLs (Years of Life Lost),Democratic Republic of the Congo,Both,All ages,Liver cancer due to alcohol use,Rate,2000,5.954406419093693,14.332817750016536,2.4780182834868727
YLLs (Years of Life Lost),United Republic of Tanzania,Both,All ages,Cirrhosis due to alcohol,Rate,1990,102.14879851795763,146.34166769283468,65.14252111881669
YLLs (Years of Life Lost),Kuwait,Both,All ages,Cirrhosis due to alcohol,Rate,1990,5.1953293983432065,7.723017566706884,3.2320408074199283
YLLs (Years of Life Lost),Dominican Republic,Both,All ages,Liver cancer due to alcohol use,Rate,1990,5.722273853963632,7.996945335204332,3.8216500661420283
YLLs (Years of Life Lost),Dominican Republic,Both,All ages,Alcohol use disorders,Rate,1990,32.13425335163177,39.49141817041173,25.807363576727358
YLLs (Years of Life Lost),American Samoa,Both,All ages,Alcoholic cardiomyopathy,Rate,2010,5.67865242623241,10.958695257467177,1.352063932376737
YLLs (Years of Life Lost),Jordan,Both,All ages,Liver cancer due to alcohol use,Rate,2000,1.9542560218636857,3.1241770980796453,1.2132298313640788
YLLs (Years of Life Lost),Fiji,Both,All ages,Alcohol use disorders,Rate,2010,4.223078555544631,5.396551850305114,2.6125595647661557
YLLs (Years of Life Lost),El Salvador,Both,All ages,Cirrhosis due to alcohol,Rate,1990,194.3980375617581,245.13359014030084,152.98839231591418
YLLs (Years of Life Lost),Zimbabwe,Both,All ages,Cirrhosis due to alcohol,Rate,2010,111.41765032382735,168.81835765522973,63.81521390490773
YLLs (Years of Life Lost),Republic of San Marino,Both,All ages,Alcoholic cardiomyopathy,Rate,1990,22.716387351539627,43.992560517788,7.284191318857486
YLLs (Years of Life Lost),Afghanistan,Both,All ages,Cirrhosis due to alcohol,Rate,1990,42.84082610120445,75.2695123162469,20.96546022099639
YLLs (Years of Life Lost),Sweden,Both,All ages,Alcohol use disorders,Rate,2000,211.65577363096455,218.94427054867097,203.61632516705876
YLLs (Years of Life Lost),Afghanistan,Both,All ages,Alcoholic cardiomyopathy,Rate,1990,2.8780625781762987,5.992612865323737,0.5910396698853775
YLLs (Years of Life Lost),Belize,Both,All ages,Cirrhosis due to alcohol,Rate,2000,155.0317478646957,187.37124017993227,122.66156052013869
YLLs (Years of Life Lost),Mali,Both,All ages,Alcoholic cardiomyopathy,Rate,1990,1.3667548228354236,3.6343350550238456,0.12756159268029482
YLLs (Years of Life Lost),Palestine,Both,All ages,Alcoholic cardiomyopathy,Rate,2010,0.470465273164925,0.7703078571089307,0.0928390975316459
YLLs (Years of Life Lost),Mongolia,Both,All ages,Cirrhosis due to alcohol,Rate,2010,429.9856001787335,548.2412026865946,316.56841967980364
YLLs (Years of Life Lost),Paraguay,Both,All ages,Cirrhosis due to alcohol,Rate,2010,106.5017610987285,137.09097034350495,83.27467384002574
YLLs (Years of Life Lost),Uganda,Both,All ages,Cirrhosis due to alcohol,Rate,2000,105.57585560449859,153.54675364393137,65.34084689742141
YLLs (Years of Life Lost),France,Both,All ages,Alcoholic cardiomyopathy,Rate,2000,21.49188717848782,23.01657547037314,19.777358045213838
YLLs (Years of Life Lost),Dominican Republic,Both,All ages,Alcoholic cardiomyopathy,Rate,1990,6.604257092314556,13.982069537215184,2.536470003667712
YLLs (Years of Life Lost),Lebanon,Both,All ages,Liver cancer due to alcohol use,Rate,2000,4.709735666686859,7.366381223065703,2.8485351271768855
YLLs (Years of Life Lost),Myanmar,Both,All ages,Alcoholic cardiomyopathy,Rate,2000,1.8829501060760092,3.5716524277407404,0.43061385855218637
YLLs (Years of Life Lost),El Salvador,Both,All ages,Liver cancer due to alcohol use,Rate,2010,6.513330455525479,8.528181502160939,4.657807439423332
YLLs (Years of Life Lost),Suriname,Both,All ages,Liver cancer due to alcohol use,Rate,1990,12.342354693360905,16.72942299116039,8.428900867719067
YLLs (Years of Life Lost),Suriname,Both,All ages,Alcohol use disorders,Rate,1990,62.23212818657471,74.55817076255212,43.056262231840606
YLLs (Years of Life Lost),Kingdom of Eswatini,Both,All ages,Liver cancer due to alcohol use,Rate,2000,62.578953529731514,108.60530973262061,30.913346642507115
YLLs (Years of Life Lost),Dominica,Both,All ages,Cirrhosis due to alcohol,Rate,2010,151.96787688184236,188.91928952135044,115.70168583373825
YLLs (Years of Life Lost),Republic of San Marino,Both,All ages,Cirrhosis due to alcohol,Rate,1990,220.5272488341964,277.0395928037888,170.11796729239987
YLLs (Years of Life Lost),Iceland,Both,All ages,Alcohol use disorders,Rate,2010,85.29979752954848,91.40635250805975,79.61952553650558
YLLs (Years of Life Lost),Paraguay,Both,All ages,Liver cancer due to alcohol use,Rate,1990,10.98846143145621,14.646035525798249,8.01500500664161
YLLs (Years of Life Lost),El Salvador,Both,All ages,Alcoholic cardiomyopathy,Rate,2010,0.9640997161911062,1.9511880057667643,0.1359821710087437
YLLs (Years of Life Lost),Switzerland,Both,All ages,Liver cancer due to alcohol use,Rate,2010,64.28391026592737,79.66325940486288,50.033932200105454
YLLs (Years of Life Lost),Czech Republic,Both,All ages,Liver cancer due to alcohol use,Rate,2010,62.11567292203895,77.95998403207109,48.19489917685278
YLLs (Years of Life Lost),Suriname,Both,All ages,Alcoholic cardiomyopathy,Rate,1990,8.083947892409181,17.763326973046926,2.805541664131468
YLLs (Years of Life Lost),Ethiopia,Both,All ages,Liver cancer due to alcohol use,Rate,2000,5.6337003691046315,8.949592953033644,3.9556116385704607
YLLs (Years of Life Lost),Ethiopia,Both,All ages,Alcohol use disorders,Rate,2000,34.685655203273015,45.44696777241744,24.298035345254625
YLLs (Years of Life Lost),Lebanon,Both,All ages,Alcoholic cardiomyopathy,Rate,2000,0.11735574630510907,0.21027115000060742,0.01170243897575683
YLLs (Years of Life Lost),Bangladesh,Both,All ages,Alcohol use disorders,Rate,1990,0.560415700310543,0.7316374921252855,0.3618147283647647
YLLs (Years of Life Lost),Zimbabwe,Both,All ages,Liver cancer due to alcohol use,Rate,2000,39.40679501115298,56.11643177267469,26.460615093760477
YLLs (Years of Life Lost),North Macedonia,Both,All ages,Alcoholic cardiomyopathy,Rate,2010,77.29418975953686,137.19087635055647,18.370865258525928
YLLs (Years of Life Lost),Slovakia,Both,All ages,Liver cancer due to alcohol use,Rate,2010,60.62297528545039,75.84044184193512,44.59465571112892
YLLs (Years of Life Lost),Slovenia,Both,All ages,Cirrhosis due to alcohol,Rate,2000,499.50492132493946,592.2526332472471,403.5322813668152
YLLs (Years of Life Lost),Liberia,Both,All ages,Alcohol use disorders,Rate,1990,32.1545424204403,43.41050346984735,20.51878314229555
YLLs (Years of Life Lost),United Republic of Tanzania,Both,All ages,Cirrhosis due to alcohol,Rate,2000,103.61978094673405,139.86651341797022,70.10254644913924
YLLs (Years of Life Lost),Republic of Korea,Both,All ages,Liver cancer due to alcohol use,Rate,2010,87.8228254700446,120.75578766395844,60.99333344508159
YLLs (Years of Life Lost),Tokelau,Both,All ages,Alcohol use disorders,Rate,1990,35.30851251897619,52.94773487715551,20.151816332612214
YLLs (Years of Life Lost),Oman,Both,All ages,Cirrhosis due to alcohol,Rate,2010,10.046831231696842,14.817265436641431,6.215612071889246
YLLs (Years of Life Lost),Grenada,Both,All ages,Cirrhosis due to alcohol,Rate,1990,189.49143860254293,228.60608127509198,150.15085670386762
YLLs (Years of Life Lost),Kuwait,Both,All ages,Liver cancer due to alcohol use,Rate,2000,2.6228629284007114,3.817896585269653,1.7870490791410747
YLLs (Years of Life Lost),Kuwait,Both,All ages,Alcohol use disorders,Rate,2000,12.263556394067393,13.252334226934666,11.372912755171706
YLLs (Years of Life Lost),Democratic Republic of the Congo,Both,All ages,Liver cancer due to alcohol use,Rate,2010,4.754466362628275,11.380166048478035,1.8978894896419765
YLLs (Years of Life Lost),Fiji,Both,All ages,Alcoholic cardiomyopathy,Rate,2010,0.3919572743141481,0.6651998450919705,0.06345942326740682
YLLs (Years of Life Lost),Seychelles,Both,All ages,Liver cancer due to alcohol use,Rate,2010,23.34870672547138,32.495160564977084,16.06387295247543
YLLs (Years of Life Lost),Latvia,Both,All ages,Liver cancer due to alcohol use,Rate,2000,39.54835579887952,50.56507532227515,29.161507773660123
YLLs (Years of Life Lost),Fiji,Both,All ages,Alcohol use disorders,Rate,1990,4.221982210343,5.69755124802761,2.4719918831593453
YLLs (Years of Life Lost),Slovakia,Both,All ages,Liver cancer due to alcohol use,Rate,1990,69.69426744055126,93.9192049126428,50.95234672640337
YLLs (Years of Life Lost),Grenada,Both,All ages,Alcohol use disorders,Rate,1990,88.51263804111225,99.02605062747848,78.86693354468896
YLLs (Years of Life Lost),Seychelles,Both,All ages,Alcohol use disorders,Rate,2010,24.873933473847387,28.80929674152646,18.64016490402515
YLLs (Years of Life Lost),Iceland,Both,All ages,Alcoholic cardiomyopathy,Rate,2010,9.215254307825917,10.27630343633153,8.255283731151227
YLLs (Years of Life Lost),Mali,Both,All ages,Liver cancer due to alcohol use,Rate,2000,49.42629159699098,73.79410951523768,32.71736959217183
YLLs (Years of Life Lost),Equatorial Guinea,Both,All ages,Liver cancer due to alcohol use,Rate,2000,4.599876507481346,10.520350606765197,2.0577156048958902
YLLs (Years of Life Lost),Equatorial Guinea,Both,All ages,Alcohol use disorders,Rate,2000,38.81449722324451,54.175295915244554,23.015924088968607
YLLs (Years of Life Lost),Zambia,Both,All ages,Liver cancer due to alcohol use,Rate,1990,22.303148020043885,33.181964409668375,14.520100269296702
YLLs (Years of Life Lost),Angola,Both,All ages,Alcohol use disorders,Rate,1990,53.235637690884325,73.4764115469903,30.46423912673283
YLLs (Years of Life Lost),Latvia,Both,All ages,Cirrhosis due to alcohol,Rate,2000,235.9085947878055,280.30322716331654,189.25923864261998
YLLs (Years of Life Lost),Haiti,Both,All ages,Alcohol use disorders,Rate,2000,98.91341702875978,136.07424373837716,51.35731528089173
YLLs (Years of Life Lost),Fiji,Both,All ages,Alcoholic cardiomyopathy,Rate,1990,0.3507971334453194,0.5947840850065534,0.06210743814237365
YLLs (Years of Life Lost),Cuba,Both,All ages,Liver cancer due to alcohol use,Rate,2010,13.73006297842053,17.71455286805655,10.372539019837578
YLLs (Years of Life Lost),Latvia,Both,All ages,Alcoholic cardiomyopathy,Rate,2000,569.662454056152,619.0838586747643,524.1021986124837
YLLs (Years of Life Lost),Germany,Both,All ages,Liver cancer due to alcohol use,Rate,2010,87.92469010326965,103.58397811549501,73.58525015400586
YLLs (Years of Life Lost),Turkmenistan,Both,All ages,Liver cancer due to alcohol use,Rate,1990,17.417548447054532,24.686487385184105,11.599745337520996
YLLs (Years of Life Lost),Zimbabwe,Both,All ages,Alcohol use disorders,Rate,2000,10.538172066124922,14.581750959868732,7.276187227513998
YLLs (Years of Life Lost),Equatorial Guinea,Both,All ages,Alcoholic cardiomyopathy,Rate,2000,0.04735750010962469,0.2505694954372404,0.007516915446602393
YLLs (Years of Life Lost),Kuwait,Both,All ages,Alcoholic cardiomyopathy,Rate,2000,6.392656721813067,8.050001015520214,4.838798710765126
YLLs (Years of Life Lost),Philippines,Both,All ages,Cirrhosis due to alcohol,Rate,2000,78.5365919204122,98.8723919855486,62.351173165088916
YLLs (Years of Life Lost),Romania,Both,All ages,Liver cancer due to alcohol use,Rate,1990,16.254814103508643,20.54695630498334,11.76391211771184
YLLs (Years of Life Lost),Zimbabwe,Both,All ages,Alcoholic cardiomyopathy,Rate,2000,0.5806683166716782,2.0454358071295906,0.09824733094158396
YLLs (Years of Life Lost),France,Both,All ages,Liver cancer due to alcohol use,Rate,2010,84.18078042131211,108.51011069822732,61.8485997615598
YLLs (Years of Life Lost),Republic of Cabo Verde,Both,All ages,Cirrhosis due to alcohol,Rate,2000,88.3421246836221,128.62054607425227,55.46868837526879
YLLs (Years of Life Lost),Papua New Guinea,Both,All ages,Liver cancer due to alcohol use,Rate,2000,4.847492270151715,13.032875211298734,2.077315344304786
YLLs (Years of Life Lost),Colombia,Both,All ages,Liver cancer due to alcohol use,Rate,2000,7.542552201821143,9.662381978103928,5.7035374246936055
YLLs (Years of Life Lost),Colombia,Both,All ages,Alcohol use disorders,Rate,2000,10.363809341559255,10.898131375045265,9.85926538272595
YLLs (Years of Life Lost),Turkmenistan,Both,All ages,Liver cancer due to alcohol use,Rate,2010,22.35299699575585,30.407251372704557,15.699040960202455
YLLs (Years of Life Lost),Mauritania,Both,All ages,Alcohol use disorders,Rate,2000,23.0001122634568,33.76279570045597,13.99124296609844
YLLs (Years of Life Lost),Seychelles,Both,All ages,Alcoholic cardiomyopathy,Rate,2010,1.8650524538731887,3.2932346521517637,0.2578149905300226
YLLs (Years of Life Lost),Honduras,Both,All ages,Liver cancer due to alcohol use,Rate,1990,4.445910293018306,8.407120372343575,2.5605183113440932
YLLs (Years of Life Lost),Yemen,Both,All ages,Liver cancer due to alcohol use,Rate,2000,1.775952502458546,3.856946061060815,0.7391406711600524
YLLs (Years of Life Lost),Bhutan,Both,All ages,Liver cancer due to alcohol use,Rate,1990,10.33875374000674,17.582781842662868,5.187610651260519
YLLs (Years of Life Lost),Kiribati,Both,All ages,Cirrhosis due to alcohol,Rate,1990,88.09695803618985,138.55036402536783,49.77794729351478
YLLs (Years of Life Lost),Ireland,Both,All ages,Cirrhosis due to alcohol,Rate,2010,94.95026349936124,113.10269153934759,76.11279701931338
YLLs (Years of Life Lost),Burundi,Both,All ages,Alcoholic cardiomyopathy,Rate,2010,0.02883606320992211,0.20880223360980754,0.003711465706150379
YLLs (Years of Life Lost),Republic of Niue,Both,All ages,Alcoholic cardiomyopathy,Rate,2000,2.0802462422181005,3.969059133288926,0.2493263387675606
YLLs (Years of Life Lost),Democratic Republic of the Congo,Both,All ages,Alcohol use disorders,Rate,2000,40.15110722278195,54.7733055179559,26.047218738189947
YLLs (Years of Life Lost),Gabon,Both,All ages,Cirrhosis due to alcohol,Rate,2000,203.27928204994885,297.16225728813964,128.0661761348252
YLLs (Years of Life Lost),Sri Lanka,Both,All ages,Cirrhosis due to alcohol,Rate,2010,127.3112001356393,170.90344010967277,88.73124294264196
YLLs (Years of Life Lost),Luxembourg,Both,All ages,Liver cancer due to alcohol use,Rate,1990,47.57055091028229,56.85279361429494,38.40568886130998
YLLs (Years of Life Lost),Mauritania,Both,All ages,Alcoholic cardiomyopathy,Rate,2000,1.1902291325647028,2.976114306170353,0.10950870044090205
YLLs (Years of Life Lost),Uruguay,Both,All ages,Liver cancer due to alcohol use,Rate,2000,10.653354263169954,13.85228330931946,7.625035796011943
YLLs (Years of Life Lost),Maldives,Both,All ages,Liver cancer due to alcohol use,Rate,2010,15.05143336555345,21.35477067168892,9.976208836954774
YLLs (Years of Life Lost),Argentina,Both,All ages,Alcohol use disorders,Rate,2010,57.844535927539916,60.360606632180115,55.53225929217794
YLLs (Years of Life Lost),Germany,Both,All ages,Alcohol use disorders,Rate,2000,259.875765414708,269.0085452958104,252.01749697896415
YLLs (Years of Life Lost),Kiribati,Both,All ages,Cirrhosis due to alcohol,Rate,2010,91.03538100149434,139.07408914130033,52.757956290409545
YLLs (Years of Life Lost),Colombia,Both,All ages,Alcoholic cardiomyopathy,Rate,2000,2.134213204243787,2.3751601977075536,1.933093144838288
YLLs (Years of Life Lost),Trinidad and Tobago,Both,All ages,Cirrhosis due to alcohol,Rate,1990,154.74318967661404,185.24895276973277,123.96340314782478
YLLs (Years of Life Lost),Taiwan (Province of China),Both,All ages,Alcohol use disorders,Rate,1990,38.907960523946606,40.749486416058275,37.26514364895186
YLLs (Years of Life Lost),Lithuania,Both,All ages,Alcohol use disorders,Rate,2000,582.1093872744964,608.6186165478102,556.3933720334617
YLLs (Years of Life Lost),Slovenia,Both,All ages,Alcohol use disorders,Rate,2010,261.29923169617234,277.2504624485062,245.02884378661003
YLLs (Years of Life Lost),Luxembourg,Both,All ages,Alcoholic cardiomyopathy,Rate,1990,45.049128061149865,49.43082903736002,41.28750553336807
YLLs (Years of Life Lost),Lebanon,Both,All ages,Cirrhosis due to alcohol,Rate,2000,13.439979472661516,21.96870969105878,7.782627175363274
YLLs (Years of Life Lost),Guatemala,Both,All ages,Alcohol use disorders,Rate,2010,430.5894386208956,444.9582138985471,417.15348148170796
YLLs (Years of Life Lost),Ethiopia,Both,All ages,Alcoholic cardiomyopathy,Rate,2000,0.02589150873640484,0.14556693451528205,0.003639979312462784
YLLs (Years of Life Lost),Mongolia,Both,All ages,Liver cancer due to alcohol use,Rate,1990,149.62004749331481,244.40203465139334,91.3272657383675
YLLs (Years of Life Lost),Romania,Both,All ages,Alcoholic cardiomyopathy,Rate,1990,101.34483863867264,131.6647845954379,81.00557114979414
YLLs (Years of Life Lost),Brunei Darussalam,Both,All ages,Liver cancer due to alcohol use,Rate,2000,11.547840396351484,17.47656929270805,6.804926970636696
YLLs (Years of Life Lost),Republic of Cabo Verde,Both,All ages,Liver cancer due to alcohol use,Rate,1990,24.72574788294873,41.16928854206685,15.078234855887466
YLLs (Years of Life Lost),Libya,Both,All ages,Alcohol use disorders,Rate,2000,6.5137589754458505,8.016450636960004,2.952531840752429
YLLs (Years of Life Lost),Commonwealth of the Bahamas,Both,All ages,Alcohol use disorders,Rate,2000,151.53193088027922,168.83879862525333,135.66696997661677
YLLs (Years of Life Lost),Lebanon,Both,All ages,Alcohol use disorders,Rate,2000,3.891793022073734,5.009623311899642,2.5117696381345205
YLLs (Years of Life Lost),Panama,Both,All ages,Liver cancer due to alcohol use,Rate,2000,9.3432036689022,11.618120548638988,7.107424598486081
YLLs (Years of Life Lost),Panama,Both,All ages,Alcohol use disorders,Rate,2000,33.223545930143885,35.41221985500263,31.354253597237026
YLLs (Years of Life Lost),American Samoa,Both,All ages,Alcoholic cardiomyopathy,Rate,2000,6.467980858240171,10.083506157857105,1.620470236549232
YLLs (Years of Life Lost),Argentina,Both,All ages,Alcoholic cardiomyopathy,Rate,2010,10.151691195106588,11.204346308165649,9.062202936176263
YLLs (Years of Life Lost),Somalia,Both,All ages,Alcohol use disorders,Rate,2010,35.998083697902096,56.238917293216204,22.859308933900195
YLLs (Years of Life Lost),Mongolia,Both,All ages,Alcoholic cardiomyopathy,Rate,1990,77.14987431724374,141.21363583257173,36.12364226454679
YLLs (Years of Life Lost),Hungary,Both,All ages,Alcohol use disorders,Rate,2010,193.7079159552443,203.0140846046258,185.37312298746372
YLLs (Years of Life Lost),Brunei Darussalam,Both,All ages,Alcoholic cardiomyopathy,Rate,2000,19.405034491126376,27.41137175286784,5.761452577426607
YLLs (Years of Life Lost),Slovenia,Both,All ages,Alcohol use disorders,Rate,1990,241.6797856325539,260.36248201373104,225.12134303251221
YLLs (Years of Life Lost),Papua New Guinea,Both,All ages,Alcoholic cardiomyopathy,Rate,2000,1.792046144738104,3.688981130105357,0.19543484705607217
YLLs (Years of Life Lost),Germany,Both,All ages,Alcoholic cardiomyopathy,Rate,2000,164.9872517479259,173.78920931080904,156.34187348318275
YLLs (Years of Life Lost),Slovenia,Both,All ages,Alcoholic cardiomyopathy,Rate,2010,79.18070673222483,95.56240635282133,66.78640460387003
YLLs (Years of Life Lost),Republic of Cabo Verde,Both,All ages,Alcoholic cardiomyopathy,Rate,1990,0.21945898999961913,0.6499219514992481,0.029499834336001583
YLLs (Years of Life Lost),Sao Tome and Principe,Both,All ages,Liver cancer due to alcohol use,Rate,2010,6.594080545904711,10.436654349243314,4.075244275307362
YLLs (Years of Life Lost),Singapore,Both,All ages,Alcohol use disorders,Rate,2010,2.1346425223393295,2.250893703802899,2.004382424186911
YLLs (Years of Life Lost),Panama,Both,All ages,Alcoholic cardiomyopathy,Rate,2000,4.210380099361652,4.837020316789739,3.681481824943328
YLLs (Years of Life Lost),France,Both,All ages,Alcoholic cardiomyopathy,Rate,2010,19.055708221125645,20.636345576634692,17.68779978710956
YLLs (Years of Life Lost),Central African Republic,Both,All ages,Cirrhosis due to alcohol,Rate,1990,245.0541301910573,368.05471689903464,143.84386241214415
YLLs (Years of Life Lost),Burkina Faso,Both,All ages,Liver cancer due to alcohol use,Rate,2010,53.737931356616535,102.44255995906276,19.50119090803318
YLLs (Years of Life Lost),Burkina Faso,Both,All ages,Alcohol use disorders,Rate,2010,37.027770028838354,47.337017486097864,26.073197603480228
YLLs (Years of Life Lost),Uruguay,Both,All ages,Alcoholic cardiomyopathy,Rate,2000,95.73112761150152,102.51749001340643,88.98262508506946
YLLs (Years of Life Lost),Lebanon,Both,All ages,Liver cancer due to alcohol use,Rate,2010,5.488553655498935,8.461123378790225,3.5369145003085167
YLLs (Years of Life Lost),Trinidad and Tobago,Both,All ages,Alcohol use disorders,Rate,1990,55.13133912159756,58.77991007729773,51.80912928934093
YLLs (Years of Life Lost),United Kingdom of Great Britain and Northern Ireland,Both,All ages,Alcohol use disorders,Rate,2010,90.42497712303042,91.75523275300388,89.08226670246196
YLLs (Years of Life Lost),Myanmar,Both,All ages,Alcohol use disorders,Rate,2010,438.9329344858361,577.9447243286794,301.9436336361697
YLLs (Years of Life Lost),Uzbekistan,Both,All ages,Alcohol use disorders,Rate,1990,100.0101400573698,108.74565465969624,91.66008930407946
YLLs (Years of Life Lost),Plurinational State of Bolivia,Both,All ages,Alcohol use disorders,Rate,2010,83.90432752800197,114.43419439296173,54.154984213918596
YLLs (Years of Life Lost),Chile,Both,All ages,Cirrhosis due to alcohol,Rate,2010,215.67251043207386,265.5727187648183,163.06937303807413
YLLs (Years of Life Lost),Burkina Faso,Both,All ages,Alcoholic cardiomyopathy,Rate,2010,1.2739480417861653,3.06139475628272,0.14755773092199295
YLLs (Years of Life Lost),Bermuda,Both,All ages,Alcohol use disorders,Rate,2000,53.63287298513847,59.86882929238888,47.74393204149948
YLLs (Years of Life Lost),Guatemala,Both,All ages,Alcoholic cardiomyopathy,Rate,2010,1.789651539072031,1.9503636804640234,1.6292991426720884
YLLs (Years of Life Lost),Slovenia,Both,All ages,Alcoholic cardiomyopathy,Rate,1990,127.98444363646418,166.23272384984182,88.18867605619906
YLLs (Years of Life Lost),Gabon,Both,All ages,Alcohol use disorders,Rate,2000,63.89142235845358,81.20027389006655,37.489391795816275
YLLs (Years of Life Lost),Malta,Both,All ages,Cirrhosis due to alcohol,Rate,2000,104.86507875477325,124.02213205992724,82.72343550394037
YLLs (Years of Life Lost),Turkmenistan,Both,All ages,Alcohol use disorders,Rate,2000,166.3846080454528,181.01774546521094,151.88591212948518
YLLs (Years of Life Lost),Georgia,Both,All ages,Alcohol use disorders,Rate,2010,85.55103185806378,94.44653501041826,77.98322606210661
YLLs (Years of Life Lost),Uzbekistan,Both,All ages,Alcoholic cardiomyopathy,Rate,1990,0.12376243879143954,0.17768451828563628,0.07976090579985409
YLLs (Years of Life Lost),Republic of San Marino,Both,All ages,Alcohol use disorders,Rate,1990,12.728748582135195,16.497177369288053,9.331585799775853
YLLs (Years of Life Lost),United Kingdom of Great Britain and Northern Ireland,Both,All ages,Alcoholic cardiomyopathy,Rate,2010,22.546028762955043,23.100553312551416,21.960874703423972
YLLs (Years of Life Lost),Niger,Both,All ages,Cirrhosis due to alcohol,Rate,2000,83.44841520741886,149.1074667632759,47.849744099452835
YLLs (Years of Life Lost),Zambia,Both,All ages,Liver cancer due to alcohol use,Rate,2000,30.50637785011322,50.77150325614472,16.860961185887117
YLLs (Years of Life Lost),Japan,Both,All ages,Alcohol use disorders,Rate,2000,14.374564831139997,14.725972915311463,14.03434070351637
YLLs (Years of Life Lost),Malta,Both,All ages,Alcohol use disorders,Rate,1990,14.126956925022599,15.275435219045649,12.950165047378066
YLLs (Years of Life Lost),South Sudan,Both,All ages,Cirrhosis due to alcohol,Rate,2000,104.71802074381719,188.60070967732054,59.1716502995137
YLLs (Years of Life Lost),Republic of Côte d'Ivoire,Both,All ages,Liver cancer due to alcohol use,Rate,2000,14.819561405530974,21.94215127522571,9.827052806666527
YLLs (Years of Life Lost),Kenya,Both,All ages,Cirrhosis due to alcohol,Rate,2000,97.69262083622085,162.67413872155387,63.72957993736474
YLLs (Years of Life Lost),Serbia,Both,All ages,Alcohol use disorders,Rate,1990,164.20390601627508,210.77096005385087,130.12577604291758
YLLs (Years of Life Lost),Greece,Both,All ages,Cirrhosis due to alcohol,Rate,2000,115.57851849811208,136.8592363880155,95.1839135689348
YLLs (Years of Life Lost),Hungary,Both,All ages,Alcoholic cardiomyopathy,Rate,2010,377.47291698738866,399.6410681845664,356.66294085270306
YLLs (Years of Life Lost),Antigua and Barbuda,Both,All ages,Cirrhosis due to alcohol,Rate,1990,172.53419490030575,209.85250141444413,137.92037117258232
YLLs (Years of Life Lost),Lebanon,Both,All ages,Alcoholic cardiomyopathy,Rate,2010,0.0842639111228649,0.15095445559104365,0.008130942938729032
YLLs (Years of Life Lost),Jamaica,Both,All ages,Cirrhosis due to alcohol,Rate,2000,64.378734447188,76.28983019858609,52.24300152707295
YLLs (Years of Life Lost),Kenya,Both,All ages,Alcohol use disorders,Rate,2000,25.043321570008864,34.69895896056104,18.766366170145698
YLLs (Years of Life Lost),Nepal,Both,All ages,Liver cancer due to alcohol use,Rate,2000,6.0763028525422325,9.604147790642847,3.712218514106489
YLLs (Years of Life Lost),Samoa,Both,All ages,Alcohol use disorders,Rate,2000,33.35584341214702,49.39529720436399,17.092477982896536
YLLs (Years of Life Lost),Sao Tome and Principe,Both,All ages,Alcoholic cardiomyopathy,Rate,2010,0.8901070180700839,2.3070227699616113,0.09672471955668185
YLLs (Years of Life Lost),Singapore,Both,All ages,Alcoholic cardiomyopathy,Rate,2010,1.720301419459004,1.9283053307097842,1.5241405088703583
YLLs (Years of Life Lost),Bolivarian Republic of Venezuela,Both,All ages,Alcohol use disorders,Rate,2000,31.63003833800477,33.07679925447306,30.245174215252902
YLLs (Years of Life Lost),Botswana,Both,All ages,Cirrhosis due to alcohol,Rate,1990,98.54340445192608,183.45860050674747,55.773908251380256
YLLs (Years of Life Lost),Malta,Both,All ages,Alcoholic cardiomyopathy,Rate,1990,15.303193801184559,17.086919970322032,13.741913353799639
YLLs (Years of Life Lost),South Sudan,Both,All ages,Alcohol use disorders,Rate,2000,34.05882339982718,53.201329783612,21.74957050399465
YLLs (Years of Life Lost),Benin,Both,All ages,Cirrhosis due to alcohol,Rate,2000,88.6330120423065,134.8340642964222,54.07028132450169
YLLs (Years of Life Lost),Libya,Both,All ages,Cirrhosis due to alcohol,Rate,2000,10.006950548380757,16.280557349855286,5.8522129768109306
YLLs (Years of Life Lost),Chad,Both,All ages,Alcohol use disorders,Rate,1990,24.424943921001,36.65771714004886,16.18304762456579
YLLs (Years of Life Lost),Morocco,Both,All ages,Cirrhosis due to alcohol,Rate,2000,11.69967860062972,18.239278540286577,6.999834804439238
YLLs (Years of Life Lost),Madagascar,Both,All ages,Cirrhosis due to alcohol,Rate,2000,89.73816030650886,145.18960066625684,53.45338366138286
YLLs (Years of Life Lost),Japan,Both,All ages,Alcoholic cardiomyopathy,Rate,2000,14.617840799521867,15.223461003103987,14.039810571028475
YLLs (Years of Life Lost),Libya,Both,All ages,Alcohol use disorders,Rate,2010,7.436570167233949,9.278465449643285,3.562286401424996
YLLs (Years of Life Lost),Germany,Both,All ages,Alcohol use disorders,Rate,2010,231.35640424762263,239.2292350891389,223.2029582653526
YLLs (Years of Life Lost),Honduras,Both,All ages,Cirrhosis due to alcohol,Rate,2010,191.7322586537044,299.82390835253244,111.57502066177479
YLLs (Years of Life Lost),Guyana,Both,All ages,Liver cancer due to alcohol use,Rate,2010,14.048210254549641,18.422556899300375,10.334819491675361
YLLs (Years of Life Lost),North Macedonia,Both,All ages,Cirrhosis due to alcohol,Rate,2010,167.32898781331704,204.05728651143812,131.46051016657958
YLLs (Years of Life Lost),Timor-Leste,Both,All ages,Liver cancer due to alcohol use,Rate,2000,6.494266177786141,11.205424131790252,3.728299200430456
YLLs (Years of Life Lost),Pakistan,Both,All ages,Liver cancer due to alcohol use,Rate,2000,8.686120401250594,12.139586902458753,6.345727795218968
YLLs (Years of Life Lost),Pakistan,Both,All ages,Alcohol use disorders,Rate,2000,17.008898220101216,21.976501142236103,0.9225336874784974
YLLs (Years of Life Lost),Liberia,Both,All ages,Alcohol use disorders,Rate,2010,34.705461589663116,46.9403254264045,23.27966389921374
YLLs (Years of Life Lost),Saint Kitts and Nevis,Both,All ages,Liver cancer due to alcohol use,Rate,2010,15.476513793688467,20.111879710922697,11.10487347705443
YLLs (Years of Life Lost),Mozambique,Both,All ages,Liver cancer due to alcohol use,Rate,2000,47.970502108833216,71.32602888290876,30.493045886149726
YLLs (Years of Life Lost),American Samoa,Both,All ages,Cirrhosis due to alcohol,Rate,2010,46.479715966299,67.88828637278007,30.641397409562394
YLLs (Years of Life Lost),China,Both,All ages,Alcoholic cardiomyopathy,Rate,2000,2.144167889393057,5.43977539846496,0.6684312585854512
YLLs (Years of Life Lost),Andorra,Both,All ages,Alcohol use disorders,Rate,1990,15.639104994503962,22.57016736016062,10.163181621680229
YLLs (Years of Life Lost),China,Both,All ages,Alcoholic cardiomyopathy,Rate,1990,1.5612559243373563,3.6448704301183246,0.5385122314385308
YLLs (Years of Life Lost),Cameroon,Both,All ages,Liver cancer due to alcohol use,Rate,2000,42.02962109700496,72.28297288426913,24.551738561659437
YLLs (Years of Life Lost),Palestine,Both,All ages,Liver cancer due to alcohol use,Rate,2000,6.6820770423619456,10.300016018303516,4.244531835128908
YLLs (Years of Life Lost),Papua New Guinea,Both,All ages,Liver cancer due to alcohol use,Rate,1990,5.959667500697624,16.78990597079184,2.60517576050928
YLLs (Years of Life Lost),Cameroon,Both,All ages,Alcoholic cardiomyopathy,Rate,2000,1.9201838490885927,4.323600073286329,0.18163122412431834
YLLs (Years of Life Lost),Syrian Arab Republic,Both,All ages,Liver cancer due to alcohol use,Rate,2010,4.6389233525937295,7.08045930528247,2.9340303947367365
YLLs (Years of Life Lost),Democratic Republic of the Congo,Both,All ages,Liver cancer due to alcohol use,Rate,1990,7.366515344268966,16.29641298381359,3.03677438087129
YLLs (Years of Life Lost),Andorra,Both,All ages,Alcoholic cardiomyopathy,Rate,1990,40.976211656834636,68.76820998362092,17.05288702550817
YLLs (Years of Life Lost),Cameroon,Both,All ages,Alcohol use disorders,Rate,2010,39.86943673288098,53.67384969645574,24.74827675141206
YLLs (Years of Life Lost),Cook Islands,Both,All ages,Cirrhosis due to alcohol,Rate,2000,12.64153082813913,19.38998580847881,7.425765520824536
YLLs (Years of Life Lost),Namibia,Both,All ages,Alcoholic cardiomyopathy,Rate,2010,0.09441001140515028,0.3338327957846049,0.019497804080381664
YLLs (Years of Life Lost),Uruguay,Both,All ages,Cirrhosis due to alcohol,Rate,2010,91.74665813395782,116.00610937871673,67.5478490249098
YLLs (Years of Life Lost),Slovakia,Both,All ages,Cirrhosis due to alcohol,Rate,1990,445.1310117693389,549.3134795145271,348.40768212805773
YLLs (Years of Life Lost),China,Both,All ages,Liver cancer due to alcohol use,Rate,2010,26.74639222434134,32.44643957103272,22.027016507227845
YLLs (Years of Life Lost),Netherlands,Both,All ages,Cirrhosis due to alcohol,Rate,1990,87.43153481135796,101.96930245383452,72.53819466033764
YLLs (Years of Life Lost),Samoa,Both,All ages,Alcoholic cardiomyopathy,Rate,2000,1.539813229546942,3.1806752565004293,0.2030329051525478
YLLs (Years of Life Lost),Senegal,Both,All ages,Alcohol use disorders,Rate,2010,31.136189996397132,44.78715885283933,20.268730987199422
YLLs (Years of Life Lost),Myanmar,Both,All ages,Alcoholic cardiomyopathy,Rate,2010,1.9474058105600647,3.525910279261563,0.34643918331766704
YLLs (Years of Life Lost),Germany,Both,All ages,Alcoholic cardiomyopathy,Rate,2010,117.70720316409925,124.80379282489764,110.51331749422093
YLLs (Years of Life Lost),Republic of Cabo Verde,Both,All ages,Alcohol use disorders,Rate,2000,26.106401398236002,36.90932409742482,17.705884277758535
YLLs (Years of Life Lost),Oman,Both,All ages,Alcohol use disorders,Rate,2000,8.06618555309581,10.757737651970189,5.774709358736929
YLLs (Years of Life Lost),Austria,Both,All ages,Cirrhosis due to alcohol,Rate,1990,410.2037330660596,474.32452904486433,343.2597410776237
YLLs (Years of Life Lost),Oman,Both,All ages,Alcoholic cardiomyopathy,Rate,2000,0.22990597684993083,0.4275470465261086,0.030884132850480247
YLLs (Years of Life Lost),Vanuatu,Both,All ages,Liver cancer due to alcohol use,Rate,1990,6.308279488197946,12.70825696942648,3.423010019895802
YLLs (Years of Life Lost),Vanuatu,Both,All ages,Alcohol use disorders,Rate,1990,32.81599720757463,46.66803066526642,15.890605947900923
YLLs (Years of Life Lost),Ecuador,Both,All ages,Cirrhosis due to alcohol,Rate,2010,221.85386448405637,270.2876716351674,176.31113276877292
YLLs (Years of Life Lost),Chad,Both,All ages,Cirrhosis due to alcohol,Rate,2000,121.405569400906,179.85240223340028,75.93652928398059
YLLs (Years of Life Lost),Saint Vincent and the Grenadines,Both,All ages,Liver cancer due to alcohol use,Rate,2000,17.788573912368086,22.881203953215966,13.550021919555563
YLLs (Years of Life Lost),Papua New Guinea,Both,All ages,Alcoholic cardiomyopathy,Rate,1990,1.9067849510077324,4.270258265948404,0.15413934630596626
YLLs (Years of Life Lost),Qatar,Both,All ages,Cirrhosis due to alcohol,Rate,2000,18.06687656935636,28.247308872479238,10.79429584851167
YLLs (Years of Life Lost),Tajikistan,Both,All ages,Alcohol use disorders,Rate,1990,114.61543510260947,136.4928868158938,91.45403995451352
YLLs (Years of Life Lost),Syrian Arab Republic,Both,All ages,Alcoholic cardiomyopathy,Rate,2010,1.0679382101402095,2.085096714176542,0.25123251916475875
YLLs (Years of Life Lost),Luxembourg,Both,All ages,Liver cancer due to alcohol use,Rate,2010,57.8582639731822,72.04051875102934,46.120977103018085
YLLs (Years of Life Lost),Republic of Korea,Both,All ages,Cirrhosis due to alcohol,Rate,2000,344.70240855107795,410.23436320824555,282.866235030577
YLLs (Years of Life Lost),Oman,Both,All ages,Liver cancer due to alcohol use,Rate,2000,3.946521219494151,6.220779243237506,2.411571607495634
YLLs (Years of Life Lost),Senegal,Both,All ages,Liver cancer due to alcohol use,Rate,2000,21.05260417061762,31.535783877601066,11.895530452164705
YLLs (Years of Life Lost),Guyana,Both,All ages,Alcoholic cardiomyopathy,Rate,2010,82.0953210781381,94.71883947093855,70.87739761022196
YLLs (Years of Life Lost),Canada,Both,All ages,Cirrhosis due to alcohol,Rate,2000,49.86425296361193,68.33048753831795,33.85909018166039
YLLs (Years of Life Lost),Senegal,Both,All ages,Alcoholic cardiomyopathy,Rate,2000,1.5830340932777978,3.9483969871020053,0.1428971522960469
YLLs (Years of Life Lost),Pakistan,Both,All ages,Alcoholic cardiomyopathy,Rate,2000,2.1481533206559846,5.809532894930585,0.4819467404382749
YLLs (Years of Life Lost),Philippines,Both,All ages,Cirrhosis due to alcohol,Rate,2010,87.40948579606035,106.42851025142065,72.19747477687353
YLLs (Years of Life Lost),Russian Federation,Both,All ages,Liver cancer due to alcohol use,Rate,1990,19.121313341039627,21.541085414238065,16.911689025920797
YLLs (Years of Life Lost),Timor-Leste,Both,All ages,Alcoholic cardiomyopathy,Rate,2000,1.1089335842491987,2.666480969391682,0.19271559829546817
YLLs (Years of Life Lost),Egypt,Both,All ages,Liver cancer due to alcohol use,Rate,1990,13.741400466403343,23.665631353418224,7.7171932847114855
YLLs (Years of Life Lost),Republic of the Gambia,Both,All ages,Liver cancer due to alcohol use,Rate,2000,70.6886665936386,103.13090819604699,46.01402854301935
YLLs (Years of Life Lost),Togo,Both,All ages,Liver cancer due to alcohol use,Rate,2000,18.159209520287032,30.598651281957377,10.694079170505091
YLLs (Years of Life Lost),Republic of the Gambia,Both,All ages,Alcohol use disorders,Rate,2000,35.41603104579927,46.563046740924385,23.221739244802603
YLLs (Years of Life Lost),Sierra Leone,Both,All ages,Cirrhosis due to alcohol,Rate,2010,88.74610594167413,134.71411136261457,56.476446552284024
YLLs (Years of Life Lost),Republic of Cabo Verde,Both,All ages,Cirrhosis due to alcohol,Rate,2010,89.39939753471724,123.94463593812317,60.761628861415424
YLLs (Years of Life Lost),Luxembourg,Both,All ages,Alcoholic cardiomyopathy,Rate,2010,27.07794399407248,29.834273116273852,24.52012428740333
YLLs (Years of Life Lost),Sri Lanka,Both,All ages,Alcohol use disorders,Rate,2010,43.71854673977561,71.78064624923685,38.274474227493755
YLLs (Years of Life Lost),Comoros,Both,All ages,Alcohol use disorders,Rate,2010,31.99599104879509,49.2830609964036,19.730880918759247
YLLs (Years of Life Lost),Chad,Both,All ages,Alcoholic cardiomyopathy,Rate,1990,1.8304682471788796,4.750634752960306,0.20274765989405208
YLLs (Years of Life Lost),Plurinational State of Bolivia,Both,All ages,Cirrhosis due to alcohol,Rate,2000,297.67052442542774,412.3077212420081,197.4921692203834
YLLs (Years of Life Lost),Montenegro,Both,All ages,Cirrhosis due to alcohol,Rate,2010,141.52322249160937,175.9970993806884,110.10280569324256
YLLs (Years of Life Lost),Equatorial Guinea,Both,All ages,Liver cancer due to alcohol use,Rate,1990,6.25877572980116,17.348202414039307,2.558942840934711
YLLs (Years of Life Lost),Equatorial Guinea,Both,All ages,Alcohol use disorders,Rate,1990,57.83932948563936,83.41358089290138,33.23721353302045
YLLs (Years of Life Lost),Taiwan (Province of China),Both,All ages,Alcohol use disorders,Rate,2000,31.465275630469893,33.10542617878511,29.69936582869029
YLLs (Years of Life Lost),Chad,Both,All ages,Liver cancer due to alcohol use,Rate,2000,37.754139930915684,68.71334543331965,16.514022744220036
YLLs (Years of Life Lost),Colombia,Both,All ages,Cirrhosis due to alcohol,Rate,2010,62.14599201832291,75.36181718974272,48.87375922067124
YLLs (Years of Life Lost),Cook Islands,Both,All ages,Liver cancer due to alcohol use,Rate,2000,30.614715449651406,45.30415750637562,20.2880491237327
YLLs (Years of Life Lost),China,Both,All ages,Alcoholic cardiomyopathy,Rate,2010,4.109496938393986,6.586291607293338,0.801659086251954
YLLs (Years of Life Lost),Guatemala,Both,All ages,Liver cancer due to alcohol use,Rate,1990,17.381254599186096,23.220586328286654,12.669246529925688
YLLs (Years of Life Lost),Sierra Leone,Both,All ages,Alcohol use disorders,Rate,2000,29.467590163780287,38.335194309928234,18.57595156906925
YLLs (Years of Life Lost),Morocco,Both,All ages,Cirrhosis due to alcohol,Rate,2010,13.306197680451804,21.593739113255115,7.694553023027935
YLLs (Years of Life Lost),Comoros,Both,All ages,Cirrhosis due to alcohol,Rate,2010,87.99356393106035,137.00435463550488,55.31851795339386
YLLs (Years of Life Lost),Samoa,Both,All ages,Alcohol use disorders,Rate,1990,32.376340281656084,46.53769708215973,16.638456801674106
YLLs (Years of Life Lost),Tunisia,Both,All ages,Liver cancer due to alcohol use,Rate,2000,3.9932386665096082,5.918840872909786,2.6034928928529126
YLLs (Years of Life Lost),Ghana,Both,All ages,Liver cancer due to alcohol use,Rate,2000,32.727721100082356,46.80345701424018,21.754934917952145
YLLs (Years of Life Lost),Ghana,Both,All ages,Alcohol use disorders,Rate,2000,41.5959401806312,53.16701692907582,28.43428823371712
YLLs (Years of Life Lost),Togo,Both,All ages,Cirrhosis due to alcohol,Rate,2000,80.80008852621133,119.09734079246033,45.894689858357154
YLLs (Years of Life Lost),Commonwealth of the Bahamas,Both,All ages,Cirrhosis due to alcohol,Rate,1990,224.13918116378014,273.6855219493547,173.45736438528232
YLLs (Years of Life Lost),Egypt,Both,All ages,Alcoholic cardiomyopathy,Rate,1990,0.04022018383740755,0.07539850257542055,0.01113482056158359
YLLs (Years of Life Lost),Ghana,Both,All ages,Alcoholic cardiomyopathy,Rate,2000,8.73253082532944,16.004376884777887,1.2306438609206611
YLLs (Years of Life Lost),Uruguay,Both,All ages,Liver cancer due to alcohol use,Rate,2010,19.673063632489068,25.53206422246065,14.408015259875357
YLLs (Years of Life Lost),Tunisia,Both,All ages,Alcoholic cardiomyopathy,Rate,2000,1.785266280698945,3.5213328869240708,0.3225130759614884
YLLs (Years of Life Lost),Guinea,Both,All ages,Cirrhosis due to alcohol,Rate,2000,106.4221376082768,162.91692772177265,65.73937943028156
YLLs (Years of Life Lost),Guinea,Both,All ages,Alcohol use disorders,Rate,2000,30.66312758998558,41.304245677202935,21.531503688112796
YLLs (Years of Life Lost),Equatorial Guinea,Both,All ages,Alcoholic cardiomyopathy,Rate,1990,0.07995678306360483,0.3834295173878302,0.015600927162152915
YLLs (Years of Life Lost),Slovakia,Both,All ages,Liver cancer due to alcohol use,Rate,2020,71.80186134326293,99.36966724694672,48.64648993825256
YLLs (Years of Life Lost),Canada,Both,All ages,Liver cancer due to alcohol use,Rate,2010,63.70703211252731,75.8179674029421,52.28068890188706
YLLs (Years of Life Lost),Turkey,Both,All ages,Alcohol use disorders,Rate,2000,9.282138551272517,12.239307140469352,6.536225497987367
YLLs (Years of Life Lost),Guam,Both,All ages,Liver cancer due to alcohol use,Rate,2000,9.462297809415615,13.664739332860604,6.4275823238168135
YLLs (Years of Life Lost),Ecuador,Both,All ages,Liver cancer due to alcohol use,Rate,1990,11.371309799793716,15.378884954093467,8.27455426443252
YLLs (Years of Life Lost),Georgia,Both,All ages,Alcoholic cardiomyopathy,Rate,2010,20.51782997985796,25.570741009163388,16.05368346240726
YLLs (Years of Life Lost),Tunisia,Both,All ages,Cirrhosis due to alcohol,Rate,2000,15.045988891301437,24.380229168982396,8.72980144839501
YLLs (Years of Life Lost),Mauritius,Both,All ages,Liver cancer due to alcohol use,Rate,2000,6.1224708839570745,8.239826026454468,4.386568585887304
YLLs (Years of Life Lost),Greece,Both,All ages,Alcohol use disorders,Rate,2010,13.640707306447997,14.418342742687855,12.967427287392564
YLLs (Years of Life Lost),Democratic Republic of the Congo,Both,All ages,Alcoholic cardiomyopathy,Rate,2000,0.06110449854876635,0.3089618974690837,0.011253349799659957
YLLs (Years of Life Lost),Republic of the Gambia,Both,All ages,Alcoholic cardiomyopathy,Rate,2000,1.7516525821308302,4.26392513913027,0.1782352094293861
YLLs (Years of Life Lost),United Arab Emirates,Both,All ages,Cirrhosis due to alcohol,Rate,2000,8.465131345622327,13.501419523689965,4.952148539049474
YLLs (Years of Life Lost),Latvia,Both,All ages,Liver cancer due to alcohol use,Rate,1990,31.455336736198802,40.68748885058223,22.849312638537473
YLLs (Years of Life Lost),Qatar,Both,All ages,Alcohol use disorders,Rate,2000,12.242563967467893,15.790579748118912,4.896332330216933
YLLs (Years of Life Lost),Gabon,Both,All ages,Cirrhosis due to alcohol,Rate,1990,239.03148282635885,339.2404241960117,152.49496476998928
YLLs (Years of Life Lost),Tunisia,Both,All ages,Alcohol use disorders,Rate,2010,5.880194740496699,8.065963894985073,2.7230016995308803
YLLs (Years of Life Lost),Israel,Both,All ages,Liver cancer due to alcohol use,Rate,2000,13.660567289602813,18.185774141790436,9.917056475557608
YLLs (Years of Life Lost),Northern Mariana Islands,Both,All ages,Cirrhosis due to alcohol,Rate,2000,78.62258090741868,118.18374503123425,46.03029465263091
YLLs (Years of Life Lost),Mali,Both,All ages,Cirrhosis due to alcohol,Rate,2010,72.83242533634763,112.31972015579959,45.96743155230462
YLLs (Years of Life Lost),Paraguay,Both,All ages,Liver cancer due to alcohol use,Rate,2000,9.933481357624284,13.110231067233702,7.140657835842559
YLLs (Years of Life Lost),Mali,Both,All ages,Cirrhosis due to alcohol,Rate,1990,101.63134104962018,158.580181039948,60.88898270158528
YLLs (Years of Life Lost),Saint Kitts and Nevis,Both,All ages,Alcoholic cardiomyopathy,Rate,2010,40.400375851426325,45.7944601209767,34.73892653403253
YLLs (Years of Life Lost),Samoa,Both,All ages,Alcoholic cardiomyopathy,Rate,1990,1.605332944474126,3.24908092856943,0.1849012972439369
YLLs (Years of Life Lost),Ghana,Both,All ages,Cirrhosis due to alcohol,Rate,2000,108.84819797347478,158.59753737915764,71.40279403775968
YLLs (Years of Life Lost),Qatar,Both,All ages,Alcoholic cardiomyopathy,Rate,2000,1.3898437213692383,2.5119947181090003,0.17728627822928475
YLLs (Years of Life Lost),Islamic Republic of Iran,Both,All ages,Alcohol use disorders,Rate,1990,8.55276468662799,9.994090247784925,5.958909670475097
YLLs (Years of Life Lost),Turkmenistan,Both,All ages,Cirrhosis due to alcohol,Rate,1990,235.24049266638414,289.06148335616115,178.04414991997203
YLLs (Years of Life Lost),Panama,Both,All ages,Liver cancer due to alcohol use,Rate,2010,14.394609709166996,17.864452839760077,10.985579686575452
YLLs (Years of Life Lost),Panama,Both,All ages,Alcohol use disorders,Rate,2010,25.600069929110493,27.471077214402488,23.927664223982898
YLLs (Years of Life Lost),Malta,Both,All ages,Alcohol use disorders,Rate,2010,19.804712029082545,21.52152382250895,18.343850115033074
YLLs (Years of Life Lost),Suriname,Both,All ages,Liver cancer due to alcohol use,Rate,2000,14.41306752337671,19.347161477731667,10.330029197109285
YLLs (Years of Life Lost),Suriname,Both,All ages,Alcohol use disorders,Rate,2000,83.4878129865339,97.8799037986626,51.370016657794295
YLLs (Years of Life Lost),Haiti,Both,All ages,Alcohol use disorders,Rate,2010,98.26875997750071,140.1010966384819,49.27029433246752
YLLs (Years of Life Lost),Malta,Both,All ages,Alcoholic cardiomyopathy,Rate,2010,11.94288110651699,13.560217898645895,10.527480683202386
YLLs (Years of Life Lost),Bulgaria,Both,All ages,Liver cancer due to alcohol use,Rate,1990,110.49544471384031,142.60036343880577,78.98578955588027
YLLs (Years of Life Lost),Republic of Côte d'Ivoire,Both,All ages,Cirrhosis due to alcohol,Rate,1990,111.8034250077575,161.44706468938713,73.3541107496279
YLLs (Years of Life Lost),Socialist Republic of Viet Nam,Both,All ages,Alcohol use disorders,Rate,2000,29.259775726028234,38.1435923405081,14.483586157996143
YLLs (Years of Life Lost),Bangladesh,Both,All ages,Liver cancer due to alcohol use,Rate,2010,7.519725566829714,11.328435506454287,4.783314658889119
YLLs (Years of Life Lost),Uruguay,Both,All ages,Alcoholic cardiomyopathy,Rate,2010,50.39978902949194,54.05625148804736,46.71782267689794
YLLs (Years of Life Lost),Islamic Republic of Iran,Both,All ages,Alcoholic cardiomyopathy,Rate,1990,1.122912199341919,2.30915977325442,0.20687484623899138
YLLs (Years of Life Lost),Croatia,Both,All ages,Liver cancer due to alcohol use,Rate,2000,48.684293440149816,61.26895040834235,38.325049398002996
YLLs (Years of Life Lost),India,Both,All ages,Liver cancer due to alcohol use,Rate,1990,7.812977787136871,9.362721468869704,6.383804697397417
YLLs (Years of Life Lost),Bermuda,Both,All ages,Liver cancer due to alcohol use,Rate,1990,32.6918635822849,40.475848630981424,25.778614491799104
YLLs (Years of Life Lost),Bermuda,Both,All ages,Liver cancer due to alcohol use,Rate,2000,22.35929815232102,27.503946784717275,17.557848381470343
YLLs (Years of Life Lost),Chile,Both,All ages,Liver cancer due to alcohol use,Rate,1990,9.02770608856934,12.111197893943276,6.4854076852020235
YLLs (Years of Life Lost),Chile,Both,All ages,Alcohol use disorders,Rate,1990,94.45576577357346,98.84493246160751,90.0914319700052
YLLs (Years of Life Lost),Mexico,Both,All ages,Liver cancer due to alcohol use,Rate,1990,5.730426452898922,6.581361212084414,4.9957036331869045
YLLs (Years of Life Lost),Tuvalu,Both,All ages,Alcohol use disorders,Rate,1990,45.86307695117217,64.93107623217585,25.825148074664224
YLLs (Years of Life Lost),Tokelau,Both,All ages,Liver cancer due to alcohol use,Rate,2000,9.086804521725469,16.98956445614347,4.803320595916202
YLLs (Years of Life Lost),Vanuatu,Both,All ages,Alcoholic cardiomyopathy,Rate,1990,1.5916864666961439,3.1496897929243834,0.19948763164896502
YLLs (Years of Life Lost),United Kingdom of Great Britain and Northern Ireland,Both,All ages,Liver cancer due to alcohol use,Rate,1990,24.450498995260606,27.332630293900937,21.672465287528567
YLLs (Years of Life Lost),Croatia,Both,All ages,Alcoholic cardiomyopathy,Rate,2000,157.17527237161596,175.60399150440833,139.85493860571734
YLLs (Years of Life Lost),Panama,Both,All ages,Alcoholic cardiomyopathy,Rate,2010,4.017445569506184,4.520700374989832,3.5283065087292225
YLLs (Years of Life Lost),Israel,Both,All ages,Alcoholic cardiomyopathy,Rate,2000,3.342381445333431,3.6920452849867615,3.010336087567926
YLLs (Years of Life Lost),Solomon Islands,Both,All ages,Cirrhosis due to alcohol,Rate,1990,74.96449708076857,133.40305544149678,37.09553343035868
YLLs (Years of Life Lost),Republic of Cabo Verde,Both,All ages,Liver cancer due to alcohol use,Rate,2000,28.9378020376951,43.982026925390436,19.018698531019076
YLLs (Years of Life Lost),Spain,Both,All ages,Liver cancer due to alcohol use,Rate,1990,44.60274318892017,57.69615674542618,33.65374778830656
YLLs (Years of Life Lost),Republic of Côte d'Ivoire,Both,All ages,Liver cancer due to alcohol use,Rate,2010,10.740130806148617,16.36871133389879,6.869721261796672
YLLs (Years of Life Lost),United States of America,Both,All ages,Alcohol use disorders,Rate,2010,134.30637009962203,136.1763100604361,132.1331433995322
YLLs (Years of Life Lost),Greece,Both,All ages,Cirrhosis due to alcohol,Rate,2010,120.22102507418539,141.21910202804375,99.16233806695597
YLLs (Years of Life Lost),Andorra,Both,All ages,Cirrhosis due to alcohol,Rate,2000,211.49791605545084,288.66992021683114,148.2781941713635
YLLs (Years of Life Lost),Kingdom of Eswatini,Both,All ages,Liver cancer due to alcohol use,Rate,1990,17.895156081502723,34.36154674966209,5.38784944295717
YLLs (Years of Life Lost),Bulgaria,Both,All ages,Alcoholic cardiomyopathy,Rate,1990,7.6768162820879455,8.899445242445434,6.54227014767121
YLLs (Years of Life Lost),Turkmenistan,Both,All ages,Alcoholic cardiomyopathy,Rate,2000,38.14202318626542,61.39145128354686,23.0482921675621
YLLs (Years of Life Lost),Latvia,Both,All ages,Alcoholic cardiomyopathy,Rate,1990,352.05836838780505,413.0173125153262,298.34397177244057
YLLs (Years of Life Lost),Netherlands,Both,All ages,Cirrhosis due to alcohol,Rate,2010,80.91740203690475,95.28113375678639,65.89559582294596
YLLs (Years of Life Lost),Gabon,Both,All ages,Alcohol use disorders,Rate,1990,63.526733376412736,82.47083097333659,40.34479698305029
YLLs (Years of Life Lost),Bangladesh,Both,All ages,Liver cancer due to alcohol use,Rate,1990,5.360851608307359,8.046781576691192,3.47298092986109
YLLs (Years of Life Lost),Spain,Both,All ages,Alcoholic cardiomyopathy,Rate,1990,17.30494998607984,18.590086586428097,16.10994097766447
YLLs (Years of Life Lost),Barbados,Both,All ages,Cirrhosis due to alcohol,Rate,2000,143.14900769511513,172.2690421951112,114.57189784460655
YLLs (Years of Life Lost),Algeria,Both,All ages,Cirrhosis due to alcohol,Rate,2000,8.400717380662329,14.140003694236897,4.861849315478632
YLLs (Years of Life Lost),Tokelau,Both,All ages,Cirrhosis due to alcohol,Rate,1990,85.9916278609777,139.38938190218624,49.658911561631946
YLLs (Years of Life Lost),Comoros,Both,All ages,Alcoholic cardiomyopathy,Rate,2010,0.02291731802058079,0.15060492967412736,0.004087230565236863
YLLs (Years of Life Lost),Denmark,Both,All ages,Liver cancer due to alcohol use,Rate,1990,19.813585181917762,24.83289339227556,15.520712000707004
YLLs (Years of Life Lost),Federated States of Micronesia,Both,All ages,Liver cancer due to alcohol use,Rate,2000,10.11386195064852,17.534734751594357,5.8026316903810455
YLLs (Years of Life Lost),Thailand,Both,All ages,Cirrhosis due to alcohol,Rate,2010,224.08673018640795,310.07511777350584,147.70554506264529
YLLs (Years of Life Lost),United States of America,Both,All ages,Alcoholic cardiomyopathy,Rate,2010,49.10817318075401,50.597878317010455,47.44118567463999
YLLs (Years of Life Lost),Kazakhstan,Both,All ages,Cirrhosis due to alcohol,Rate,2010,513.3713678632381,621.4340193380316,397.70973227992266
YLLs (Years of Life Lost),Croatia,Both,All ages,Alcohol use disorders,Rate,1990,236.54629116237288,255.24155770354756,216.78701975976804
YLLs (Years of Life Lost),Algeria,Both,All ages,Alcohol use disorders,Rate,2000,6.558667037140632,8.23566194771564,3.294244053143366
YLLs (Years of Life Lost),Tokelau,Both,All ages,Alcoholic cardiomyopathy,Rate,2000,2.063208697365929,4.078967002044462,0.2419561425221545
YLLs (Years of Life Lost),Suriname,Both,All ages,Alcoholic cardiomyopathy,Rate,2000,10.412124311551915,19.41785513927906,3.2491538647925053
YLLs (Years of Life Lost),Bangladesh,Both,All ages,Alcoholic cardiomyopathy,Rate,1990,2.3964593336215234,6.1272771221145,0.48428189712177494
YLLs (Years of Life Lost),Peru,Both,All ages,Alcohol use disorders,Rate,1990,56.931922510510034,69.88040093311696,37.17800460565566
YLLs (Years of Life Lost),Republic of Côte d'Ivoire,Both,All ages,Alcohol use disorders,Rate,2000,45.19163356567455,64.36089376176943,27.56250677795237
YLLs (Years of Life Lost),Equatorial Guinea,Both,All ages,Cirrhosis due to alcohol,Rate,2000,107.38161116722232,167.34538751202996,61.24758252320396
YLLs (Years of Life Lost),Socialist Republic of Viet Nam,Both,All ages,Alcoholic cardiomyopathy,Rate,2000,1.3487439102131638,2.5949226190948327,0.21387893022209317
YLLs (Years of Life Lost),Italy,Both,All ages,Alcohol use disorders,Rate,2000,13.84544365258457,14.24549737930827,13.4355324588053
YLLs (Years of Life Lost),Romania,Both,All ages,Liver cancer due to alcohol use,Rate,2010,43.68696113665988,53.51656692120243,33.927259855554546
YLLs (Years of Life Lost),Norway,Both,All ages,Liver cancer due to alcohol use,Rate,2000,20.256724046125147,22.87297450773884,18.01523593656181
YLLs (Years of Life Lost),Bangladesh,Both,All ages,Alcoholic cardiomyopathy,Rate,2010,2.82721634808962,7.9146012426747205,0.4895515575798966
YLLs (Years of Life Lost),South Africa,Both,All ages,Alcohol use disorders,Rate,2010,43.66437386329697,49.32836088767196,36.39575842239164
YLLs (Years of Life Lost),Rwanda,Both,All ages,Alcohol use disorders,Rate,2000,67.72194450051403,87.07408729144299,43.62677148972106
YLLs (Years of Life Lost),Eritrea,Both,All ages,Liver cancer due to alcohol use,Rate,2010,7.787697322559676,15.426458595688047,4.206518717919516
YLLs (Years of Life Lost),Bolivarian Republic of Venezuela,Both,All ages,Alcohol use disorders,Rate,2010,17.94358160910861,18.81475979298847,16.988830878427883
YLLs (Years of Life Lost),Saudi Arabia,Both,All ages,Cirrhosis due to alcohol,Rate,2000,18.58268795915683,27.38714177334444,11.291218917331701
YLLs (Years of Life Lost),Greece,Both,All ages,Alcoholic cardiomyopathy,Rate,2010,4.690711609265193,5.423586675474633,3.986066061333398
YLLs (Years of Life Lost),Sweden,Both,All ages,Alcohol use disorders,Rate,1990,185.13920365236035,191.08765322881953,178.78842514707787
YLLs (Years of Life Lost),Ukraine,Both,All ages,Alcohol use disorders,Rate,1990,572.1840045430423,597.133363241983,549.0087250448573
YLLs (Years of Life Lost),Uzbekistan,Both,All ages,Cirrhosis due to alcohol,Rate,2000,301.4819662435977,371.6565462112053,229.00875904008794
YLLs (Years of Life Lost),Canada,Both,All ages,Alcohol use disorders,Rate,2010,107.5274763202902,111.90866136090499,102.99788218084957
YLLs (Years of Life Lost),Denmark,Both,All ages,Alcoholic cardiomyopathy,Rate,1990,28.780419155381953,32.35431980096595,25.246029422136843
YLLs (Years of Life Lost),Lithuania,Both,All ages,Alcohol use disorders,Rate,1990,638.072876790099,669.1851294014012,608.5908452624834
YLLs (Years of Life Lost),Afghanistan,Both,All ages,Alcohol use disorders,Rate,2000,10.953165360945757,16.5222372459873,3.6439572488927223
YLLs (Years of Life Lost),Tuvalu,Both,All ages,Alcoholic cardiomyopathy,Rate,1990,2.4861245040900704,4.779394122337083,0.2862647516954796
YLLs (Years of Life Lost),Chile,Both,All ages,Alcoholic cardiomyopathy,Rate,1990,11.347642959683636,12.695371635237327,9.959922337911985
YLLs (Years of Life Lost),Republic of San Marino,Both,All ages,Alcohol use disorders,Rate,2010,14.049659307552876,18.361832855274308,8.876552381372914
YLLs (Years of Life Lost),Bermuda,Both,All ages,Alcoholic cardiomyopathy,Rate,1990,9.872066693661147,14.041096923904632,7.0567523770399925
YLLs (Years of Life Lost),Sudan,Both,All ages,Cirrhosis due to alcohol,Rate,1990,19.27610042932844,38.13523207303827,9.236164430357185
YLLs (Years of Life Lost),Bahrain,Both,All ages,Cirrhosis due to alcohol,Rate,2010,11.741986348451118,17.726867237369998,7.2056040146258376
YLLs (Years of Life Lost),Costa Rica,Both,All ages,Cirrhosis due to alcohol,Rate,2010,155.1737544024103,187.8947667423913,121.883452151564
YLLs (Years of Life Lost),Djibouti,Both,All ages,Cirrhosis due to alcohol,Rate,2010,117.19448852785565,189.40699185336467,64.42080627902811
YLLs (Years of Life Lost),Federated States of Micronesia,Both,All ages,Alcoholic cardiomyopathy,Rate,2000,1.901875190751903,3.772887126278598,0.21266623170386517
YLLs (Years of Life Lost),Ukraine,Both,All ages,Alcoholic cardiomyopathy,Rate,1990,592.8029886851838,698.5820259443999,487.3342499579342
YLLs (Years of Life Lost),Republic of Côte d'Ivoire,Both,All ages,Alcoholic cardiomyopathy,Rate,2000,2.1486093064822627,4.505420294323556,0.1943151617347074
YLLs (Years of Life Lost),Principality of Monaco,Both,All ages,Cirrhosis due to alcohol,Rate,2000,219.57153489743547,295.478073021763,158.65105117161082
YLLs (Years of Life Lost),Mozambique,Both,All ages,Alcohol use disorders,Rate,2000,46.09675825403968,61.55908282042319,29.16475101417385
YLLs (Years of Life Lost),Czech Republic,Both,All ages,Alcohol use disorders,Rate,2000,101.5407023540554,106.31612967230365,96.47174563416691
YLLs (Years of Life Lost),United States Virgin Islands,Both,All ages,Cirrhosis due to alcohol,Rate,1990,260.09303770232077,329.90521304835386,195.4549312554678
YLLs (Years of Life Lost),Tuvalu,Both,All ages,Alcohol use disorders,Rate,2000,50.11236491442965,66.56012999129973,28.691863205608172
YLLs (Years of Life Lost),Uruguay,Both,All ages,Alcohol use disorders,Rate,1990,69.819229238386,73.50760684470234,66.42593707019746
YLLs (Years of Life Lost),Czech Republic,Both,All ages,Alcoholic cardiomyopathy,Rate,2000,17.063729406462446,19.152650572293354,15.09520105147257
YLLs (Years of Life Lost),Czech Republic,Both,All ages,Cirrhosis due to alcohol,Rate,1990,309.1419411345395,361.75818036858163,256.1735831813273
YLLs (Years of Life Lost),Cook Islands,Both,All ages,Alcohol use disorders,Rate,1990,81.31154598471194,110.0885760882844,57.685877401389114
YLLs (Years of Life Lost),Nepal,Both,All ages,Alcohol use disorders,Rate,1990,16.192048484468703,24.07605389718365,0.8405293604185001
YLLs (Years of Life Lost),Republic of Cabo Verde,Both,All ages,Alcoholic cardiomyopathy,Rate,2000,0.17845350455655093,0.44178092818121506,0.02784502153856894
YLLs (Years of Life Lost),Belarus,Both,All ages,Liver cancer due to alcohol use,Rate,1990,29.064824031509136,38.12220248532287,21.12654894140605
YLLs (Years of Life Lost),Belarus,Both,All ages,Alcohol use disorders,Rate,1990,557.8758101488402,581.4423699884261,531.5360778079435
YLLs (Years of Life Lost),Australia,Both,All ages,Liver cancer due to alcohol use,Rate,2000,36.254010077197506,45.187892878901444,28.595549881576865
YLLs (Years of Life Lost),Australia,Both,All ages,Alcohol use disorders,Rate,2000,56.70729912796138,59.098163224475904,54.68682680060825
YLLs (Years of Life Lost),Zimbabwe,Both,All ages,Alcohol use disorders,Rate,1990,9.091983753672285,13.58603703769122,6.222397187053415
YLLs (Years of Life Lost),Nicaragua,Both,All ages,Liver cancer due to alcohol use,Rate,1990,7.1165452994419995,10.414633074574425,4.866025229917013
YLLs (Years of Life Lost),United States of America,Both,All ages,Alcoholic cardiomyopathy,Rate,2020,47.58189431383341,49.92449002955662,45.17161782916396
YLLs (Years of Life Lost),Peru,Both,All ages,Alcoholic cardiomyopathy,Rate,1990,0.07169345460239288,0.13631749249842312,0.011054943681845626
YLLs (Years of Life Lost),Finland,Both,All ages,Alcohol use disorders,Rate,1990,235.30352568139375,245.50200246708235,225.50691091777108
YLLs (Years of Life Lost),Belize,Both,All ages,Liver cancer due to alcohol use,Rate,1990,6.726465507938595,9.21702007473665,4.784340445515234
YLLs (Years of Life Lost),Trinidad and Tobago,Both,All ages,Cirrhosis due to alcohol,Rate,2000,130.84633471341286,155.860937928373,104.79040716483881
YLLs (Years of Life Lost),Zimbabwe,Both,All ages,Alcoholic cardiomyopathy,Rate,1990,0.35195557800727695,1.5925386240850679,0.05228661630728484
YLLs (Years of Life Lost),Hungary,Both,All ages,Cirrhosis due to alcohol,Rate,2000,1072.170543468763,1225.934351083951,918.8610376482853
YLLs (Years of Life Lost),Tuvalu,Both,All ages,Alcoholic cardiomyopathy,Rate,2000,2.1530923806875246,4.248514540889146,0.28762068037670674
YLLs (Years of Life Lost),Cook Islands,Both,All ages,Alcoholic cardiomyopathy,Rate,1990,0.02022718079588201,0.04119108156610959,0.000999756197149672
YLLs (Years of Life Lost),Honduras,Both,All ages,Alcohol use disorders,Rate,1990,120.10411859923414,149.58617212067412,90.99755269480997
YLLs (Years of Life Lost),Nicaragua,Both,All ages,Alcohol use disorders,Rate,1990,162.94750864483163,190.04399534414765,128.4214575831716
YLLs (Years of Life Lost),Nepal,Both,All ages,Alcoholic cardiomyopathy,Rate,1990,2.207789578072286,5.503057385940659,0.519590940845768
YLLs (Years of Life Lost),Romania,Both,All ages,Alcoholic cardiomyopathy,Rate,2010,102.5062678840278,113.21564677858507,91.73312046239592
YLLs (Years of Life Lost),Timor-Leste,Both,All ages,Liver cancer due to alcohol use,Rate,2010,7.615530230890693,13.62478114266983,4.443301927054357
YLLs (Years of Life Lost),Iraq,Both,All ages,Cirrhosis due to alcohol,Rate,1990,10.991385802345246,18.06655702801872,6.3496076652403435
YLLs (Years of Life Lost),Central African Republic,Both,All ages,Liver cancer due to alcohol use,Rate,2000,23.562608356452397,46.052195656104594,10.337945502464892
YLLs (Years of Life Lost),Jamaica,Both,All ages,Cirrhosis due to alcohol,Rate,2010,49.518405597958896,59.951528783806374,39.54750249250329
YLLs (Years of Life Lost),Trinidad and Tobago,Both,All ages,Alcohol use disorders,Rate,2000,72.27702552762416,76.87245823766878,67.90394319819963
YLLs (Years of Life Lost),Ethiopia,Both,All ages,Liver cancer due to alcohol use,Rate,2010,4.011331584907632,6.5135121065577195,2.7368139673648115
YLLs (Years of Life Lost),Ethiopia,Both,All ages,Alcohol use disorders,Rate,2010,25.061901430067895,36.13674843452619,19.29027702988193
YLLs (Years of Life Lost),United States Virgin Islands,Both,All ages,Cirrhosis due to alcohol,Rate,2000,254.2954916771094,318.196483983453,190.7922758900394
YLLs (Years of Life Lost),Luxembourg,Both,All ages,Cirrhosis due to alcohol,Rate,2000,272.93717337101833,320.0847482318394,224.71367629003407
YLLs (Years of Life Lost),Greenland,Both,All ages,Cirrhosis due to alcohol,Rate,1990,82.93484466191559,116.65876863552977,52.8818811638471
YLLs (Years of Life Lost),Nicaragua,Both,All ages,Alcoholic cardiomyopathy,Rate,1990,2.412470507331864,4.587282612071753,0.5047747502334498
YLLs (Years of Life Lost),Bangladesh,Both,All ages,Cirrhosis due to alcohol,Rate,2000,137.66894421687869,192.2509219186465,96.44631816867623
YLLs (Years of Life Lost),Canada,Both,All ages,Cirrhosis due to alcohol,Rate,2010,56.10098848051647,76.7376846308817,37.801568710724986
YLLs (Years of Life Lost),Timor-Leste,Both,All ages,Alcoholic cardiomyopathy,Rate,2010,1.2247752083496521,2.9040322296670333,0.18661180800603425
YLLs (Years of Life Lost),Mozambique,Both,All ages,Alcoholic cardiomyopathy,Rate,2000,0.031224545934075008,0.1753464949921275,0.006269982243086112
YLLs (Years of Life Lost),Australia,Both,All ages,Alcoholic cardiomyopathy,Rate,2000,51.7523454127219,54.976858128701465,48.41895155217354
YLLs (Years of Life Lost),Belarus,Both,All ages,Alcoholic cardiomyopathy,Rate,1990,336.7329162726562,414.294266366619,269.4062350325651
YLLs (Years of Life Lost),Oman,Both,All ages,Liver cancer due to alcohol use,Rate,2010,4.3446371576877345,6.435856201046316,2.755962596883844
YLLs (Years of Life Lost),Taiwan (Province of China),Both,All ages,Cirrhosis due to alcohol,Rate,2000,198.64265016094285,265.5534538390109,144.26141815266593
YLLs (Years of Life Lost),Republic of Moldova,Both,All ages,Cirrhosis due to alcohol,Rate,1990,923.0262816068496,1109.4086685944194,716.5527705194788
YLLs (Years of Life Lost),Chad,Both,All ages,Alcohol use disorders,Rate,2000,30.661182295600394,42.0666057679332,20.319573497095817
YLLs (Years of Life Lost),Comoros,Both,All ages,Liver cancer due to alcohol use,Rate,1990,10.45980662100399,17.413397696948934,5.46407143918371
YLLs (Years of Life Lost),Pakistan,Both,All ages,Cirrhosis due to alcohol,Rate,1990,40.12034688922879,80.36995982779942,18.53835693059436
YLLs (Years of Life Lost),Ethiopia,Both,All ages,Alcoholic cardiomyopathy,Rate,2010,0.01881874697159002,0.14173606367945038,0.002333026684773241
YLLs (Years of Life Lost),France,Both,All ages,Cirrhosis due to alcohol,Rate,1990,294.2379953711927,343.3544211841539,241.85627062778136
YLLs (Years of Life Lost),Switzerland,Both,All ages,Cirrhosis due to alcohol,Rate,1990,157.41416047887876,182.8349453755501,132.15756595138612
YLLs (Years of Life Lost),Rwanda,Both,All ages,Cirrhosis due to alcohol,Rate,2000,163.94314802726464,229.3532112690879,109.04288064683755
YLLs (Years of Life Lost),Panama,Both,All ages,Cirrhosis due to alcohol,Rate,1990,93.09068947211775,112.90840791193368,73.51084010578617
YLLs (Years of Life Lost),Estonia,Both,All ages,Cirrhosis due to alcohol,Rate,1990,137.80421537845868,168.08409408964434,109.69920792260454
YLLs (Years of Life Lost),Antigua and Barbuda,Both,All ages,Cirrhosis due to alcohol,Rate,2000,124.43777126145308,147.94540345304088,99.77258226840875
YLLs (Years of Life Lost),Republic of Niue,Both,All ages,Liver cancer due to alcohol use,Rate,2000,21.54670820075939,33.85195663906082,12.847270508160998
YLLs (Years of Life Lost),South Sudan,Both,All ages,Liver cancer due to alcohol use,Rate,1990,11.66693499638137,19.257679039467227,5.700935653337787
YLLs (Years of Life Lost),United States of America,Both,All ages,Liver cancer due to alcohol use,Rate,1990,17.60170403022558,19.599120050010324,15.930096221574908
YLLs (Years of Life Lost),Albania,Both,All ages,Liver cancer due to alcohol use,Rate,1990,53.012594255615305,79.32400878353785,33.710675374737576
YLLs (Years of Life Lost),Albania,Both,All ages,Alcohol use disorders,Rate,1990,15.865016188174808,21.085594732852016,12.077883325332682
YLLs (Years of Life Lost),Rwanda,Both,All ages,Alcoholic cardiomyopathy,Rate,2000,0.03656711737625486,0.1627703589313785,0.007023666344342031
YLLs (Years of Life Lost),Estonia,Both,All ages,Alcohol use disorders,Rate,1990,527.7187256623286,559.2283190001293,498.09496090077187
YLLs (Years of Life Lost),South Sudan,Both,All ages,Alcoholic cardiomyopathy,Rate,1990,0.03663498927439329,0.19462023602082784,0.007780785347450093
YLLs (Years of Life Lost),Congo,Both,All ages,Alcohol use disorders,Rate,2000,62.77621168251416,82.00158622132028,41.672442203151725
YLLs (Years of Life Lost),Socialist Republic of Viet Nam,Both,All ages,Alcohol use disorders,Rate,2010,36.66179630268926,48.15169298855067,17.314790641892362
YLLs (Years of Life Lost),Poland,Both,All ages,Liver cancer due to alcohol use,Rate,2000,6.273297020306473,7.00956032916314,5.549319668033058
YLLs (Years of Life Lost),New Zealand,Both,All ages,Alcohol use disorders,Rate,2000,30.626213409510793,32.47489597814428,28.743742045200843
YLLs (Years of Life Lost),Albania,Both,All ages,Alcoholic cardiomyopathy,Rate,1990,14.70665119022139,24.630374407140817,6.2411554810995495
YLLs (Years of Life Lost),Djibouti,Both,All ages,Alcohol use disorders,Rate,1990,38.83182826085924,66.41204440155548,24.00072068052864
YLLs (Years of Life Lost),Chad,Both,All ages,Alcoholic cardiomyopathy,Rate,2000,1.6491434965211909,4.39699233755501,0.187703267678084
YLLs (Years of Life Lost),Congo,Both,All ages,Alcoholic cardiomyopathy,Rate,2000,0.06318989525252727,0.3003009947736809,0.012795828858623296
YLLs (Years of Life Lost),Socialist Republic of Viet Nam,Both,All ages,Alcoholic cardiomyopathy,Rate,2010,1.8938489062467845,3.842116808232866,0.26778735532972264
YLLs (Years of Life Lost),Poland,Both,All ages,Alcoholic cardiomyopathy,Rate,2000,79.68205367978243,83.57392260373345,75.75653478012397
YLLs (Years of Life Lost),Guinea,Both,All ages,Liver cancer due to alcohol use,Rate,1990,55.020246472979196,82.37713207323485,36.05457935934971
YLLs (Years of Life Lost),Cuba,Both,All ages,Alcohol use disorders,Rate,1990,64.65993562220416,67.7087975626211,61.680150910311866
YLLs (Years of Life Lost),Cameroon,Both,All ages,Liver cancer due to alcohol use,Rate,1990,42.247835872143796,70.0826120213928,25.099128057000435
YLLs (Years of Life Lost),Paraguay,Both,All ages,Liver cancer due to alcohol use,Rate,2010,16.892428953358667,22.222097254615722,12.210564972225171
YLLs (Years of Life Lost),Qatar,Both,All ages,Alcohol use disorders,Rate,2010,5.477296552943325,7.511370268847072,3.934296965750429
YLLs (Years of Life Lost),South Sudan,Both,All ages,Liver cancer due to alcohol use,Rate,2000,10.52377690213457,18.22367637326717,5.607510431600509
YLLs (Years of Life Lost),China,Both,All ages,Cirrhosis due to alcohol,Rate,2000,26.706074445298203,32.091038974172434,22.239054346476905
YLLs (Years of Life Lost),Germany,Both,All ages,Cirrhosis due to alcohol,Rate,1990,376.9121978638309,434.06717167977087,313.15679440420126
YLLs (Years of Life Lost),Serbia,Both,All ages,Alcohol use disorders,Rate,2010,160.08109156271416,182.1865749709972,134.613505769771
YLLs (Years of Life Lost),India,Both,All ages,Liver cancer due to alcohol use,Rate,2000,9.609527748025142,11.80435967360441,7.865764755475863
YLLs (Years of Life Lost),Bosnia and Herzegovina,Both,All ages,Cirrhosis due to alcohol,Rate,1990,199.40438134677868,253.62382777820721,149.52280340742925
YLLs (Years of Life Lost),South Sudan,Both,All ages,Alcoholic cardiomyopathy,Rate,2000,0.026430606307887912,0.140896691333927,0.0050227079220803075
YLLs (Years of Life Lost),Angola,Both,All ages,Liver cancer due to alcohol use,Rate,1990,24.36252098304415,67.16836079072867,2.8372496047353146
YLLs (Years of Life Lost),Romania,Both,All ages,Alcohol use disorders,Rate,2000,199.00996249556795,209.75158421555423,188.94630514202285
YLLs (Years of Life Lost),Cameroon,Both,All ages,Alcoholic cardiomyopathy,Rate,1990,1.9296887994768885,4.68599029461984,0.1643797154252718
YLLs (Years of Life Lost),Marshall Islands,Both,All ages,Liver cancer due to alcohol use,Rate,2000,4.8470417164493,8.857376313246606,2.437929437520045
YLLs (Years of Life Lost),Republic of Côte d'Ivoire,Both,All ages,Cirrhosis due to alcohol,Rate,2000,111.25970762186155,158.02339627545476,74.1117071142156
YLLs (Years of Life Lost),Bolivarian Republic of Venezuela,Both,All ages,Cirrhosis due to alcohol,Rate,1990,141.6428903343298,171.98972170019437,112.62885995929446
YLLs (Years of Life Lost),Democratic Republic of the Congo,Both,All ages,Cirrhosis due to alcohol,Rate,2000,131.7927463275536,193.70870712282516,81.6460223043326
YLLs (Years of Life Lost),Guinea,Both,All ages,Alcoholic cardiomyopathy,Rate,1990,1.8572887357062096,4.529633825584211,0.20776854736744374
YLLs (Years of Life Lost),Bosnia and Herzegovina,Both,All ages,Alcohol use disorders,Rate,1990,244.85548493315372,279.49102926478355,195.94746878845234
YLLs (Years of Life Lost),Israel,Both,All ages,Liver cancer due to alcohol use,Rate,2010,16.4064087860426,21.437859415875582,11.917181119631675
YLLs (Years of Life Lost),Qatar,Both,All ages,Alcoholic cardiomyopathy,Rate,2010,0.7707171568173865,2.024976506522533,0.14541293202613062
YLLs (Years of Life Lost),Cuba,Both,All ages,Alcoholic cardiomyopathy,Rate,1990,11.715656791484703,13.443823720407503,9.98198839164258
YLLs (Years of Life Lost),Saint Vincent and the Grenadines,Both,All ages,Liver cancer due to alcohol use,Rate,2010,20.425801199440752,26.005074991595368,15.314154263699919
YLLs (Years of Life Lost),Commonwealth of the Bahamas,Both,All ages,Cirrhosis due to alcohol,Rate,2000,191.38899051165765,233.66579645324467,148.7778593795009
YLLs (Years of Life Lost),Latvia,Both,All ages,Cirrhosis due to alcohol,Rate,1990,124.87408804459695,150.00032011740413,98.90179561859362
YLLs (Years of Life Lost),Turkey,Both,All ages,Liver cancer due to alcohol use,Rate,2000,6.195245040046216,9.179184603735328,4.148301433780324
YLLs (Years of Life Lost),Peru,Both,All ages,Liver cancer due to alcohol use,Rate,2000,8.121294694517038,11.054219052251867,5.621482905470283
YLLs (Years of Life Lost),Netherlands,Both,All ages,Liver cancer due to alcohol use,Rate,2000,22.81621997993174,27.291199030741414,18.387451064744667
YLLs (Years of Life Lost),Republic of Cabo Verde,Both,All ages,Alcohol use disorders,Rate,1990,21.319452715186646,30.342304185043677,14.348596551478556
YLLs (Years of Life Lost),Principality of Monaco,Both,All ages,Alcohol use disorders,Rate,1990,9.496202992838667,12.826380180799983,6.5497078816072065
YLLs (Years of Life Lost),Serbia,Both,All ages,Cirrhosis due to alcohol,Rate,2000,225.5237798874431,282.386250937766,176.2727564102504
YLLs (Years of Life Lost),Kenya,Both,All ages,Cirrhosis due to alcohol,Rate,2010,118.80010992000223,181.1786147603764,83.35223536015671
YLLs (Years of Life Lost),Angola,Both,All ages,Alcoholic cardiomyopathy,Rate,1990,0.074821198817417,0.3651852174613383,0.015096804767894883
YLLs (Years of Life Lost),Ecuador,Both,All ages,Liver cancer due to alcohol use,Rate,2000,7.2119421076647985,9.823927629380051,5.321167847587843
YLLs (Years of Life Lost),United Republic of Tanzania,Both,All ages,Liver cancer due to alcohol use,Rate,2000,15.747064385679389,24.441775604759293,10.214685233638226
YLLs (Years of Life Lost),Marshall Islands,Both,All ages,Alcoholic cardiomyopathy,Rate,2000,1.6681809942160892,3.632191915074192,0.19081904420074164
YLLs (Years of Life Lost),Djibouti,Both,All ages,Alcoholic cardiomyopathy,Rate,1990,0.03585709314173642,0.2124331753083092,0.00744613545389749
YLLs (Years of Life Lost),Israel,Both,All ages,Alcoholic cardiomyopathy,Rate,2010,2.3560371976682606,2.6457098621818878,2.0827507043104565
YLLs (Years of Life Lost),Saudi Arabia,Both,All ages,Cirrhosis due to alcohol,Rate,2010,17.82734905848472,26.844916925126697,11.016657058941242
YLLs (Years of Life Lost),Northern Mariana Islands,Both,All ages,Alcohol use disorders,Rate,2000,98.3950760242066,139.73649973508083,60.44956856848127
YLLs (Years of Life Lost),Dominica,Both,All ages,Cirrhosis due to alcohol,Rate,1990,155.55651670783823,191.65875129822905,120.45794836573634
YLLs (Years of Life Lost),United Republic of Tanzania,Both,All ages,Alcoholic cardiomyopathy,Rate,2000,0.031930814546608476,0.17756417952093878,0.0059524208896108415
YLLs (Years of Life Lost),Turkey,Both,All ages,Alcoholic cardiomyopathy,Rate,2000,0.3961202940814663,0.8871626787092737,0.07335524677767236
YLLs (Years of Life Lost),El Salvador,Both,All ages,Liver cancer due to alcohol use,Rate,1990,6.122271163010522,8.302397589400952,4.239888061526687
YLLs (Years of Life Lost),Slovakia,Both,All ages,Cirrhosis due to alcohol,Rate,2010,446.5436510834891,543.2979836194545,349.9192386683609
YLLs (Years of Life Lost),Kenya,Both,All ages,Alcohol use disorders,Rate,2010,30.831494978713778,39.28210097062272,24.99439327145073
YLLs (Years of Life Lost),Guinea-Bissau,Both,All ages,Alcohol use disorders,Rate,1990,42.418746416646755,66.26662687266369,23.987724183076146
YLLs (Years of Life Lost),Chad,Both,All ages,Cirrhosis due to alcohol,Rate,1990,122.4834032720278,199.40314217631598,71.03160161617302
YLLs (Years of Life Lost),Commonwealth of the Bahamas,Both,All ages,Liver cancer due to alcohol use,Rate,2010,20.09700195440416,25.9634631359353,15.065773808125545
YLLs (Years of Life Lost),Eritrea,Both,All ages,Cirrhosis due to alcohol,Rate,1990,168.96242947703172,255.19437448923128,104.06290705611057
YLLs (Years of Life Lost),Central African Republic,Both,All ages,Alcohol use disorders,Rate,1990,67.30810619078537,93.91907945658637,38.266591857198314
YLLs (Years of Life Lost),Nepal,Both,All ages,Alcohol use disorders,Rate,2000,15.75451578634557,22.32706501251829,0.7522892379071244
YLLs (Years of Life Lost),Northern Mariana Islands,Both,All ages,Alcoholic cardiomyopathy,Rate,2000,4.129075992194517,7.490496576286493,0.9619757550809496
YLLs (Years of Life Lost),Republic of Nauru,Both,All ages,Cirrhosis due to alcohol,Rate,1990,111.62900121291571,183.0352943746617,57.254235625167965
YLLs (Years of Life Lost),Ukraine,Both,All ages,Liver cancer due to alcohol use,Rate,1990,20.22327636138886,24.549234859374668,16.094836626707558
YLLs (Years of Life Lost),Bulgaria,Both,All ages,Cirrhosis due to alcohol,Rate,1990,315.2177098952674,377.4370133152069,248.93640027187487
YLLs (Years of Life Lost),Egypt,Both,All ages,Liver cancer due to alcohol use,Rate,2000,16.87484609696559,25.54583686517609,10.478215630693853
YLLs (Years of Life Lost),Suriname,Both,All ages,Liver cancer due to alcohol use,Rate,2010,16.07823374814637,21.787438927559123,11.717630419812368
YLLs (Years of Life Lost),Suriname,Both,All ages,Alcohol use disorders,Rate,2010,90.05050958172427,108.39864097430335,59.64422889219112
YLLs (Years of Life Lost),Republic of Palau,Both,All ages,Cirrhosis due to alcohol,Rate,2000,95.09915485338435,154.13634692713444,51.603394758966544
YLLs (Years of Life Lost),Central African Republic,Both,All ages,Alcoholic cardiomyopathy,Rate,1990,0.08152373733107221,0.3244584474253279,0.01848659443972068
YLLs (Years of Life Lost),Uganda,Both,All ages,Alcohol use disorders,Rate,2000,39.48002882507682,51.19497757315208,27.544946143573497
YLLs (Years of Life Lost),Peru,Both,All ages,Alcohol use disorders,Rate,2000,63.33029092093017,75.70965535975556,37.34899341189646
YLLs (Years of Life Lost),Estonia,Both,All ages,Liver cancer due to alcohol use,Rate,2000,50.595131192332076,65.10474004161684,37.82101499287177
YLLs (Years of Life Lost),El Salvador,Both,All ages,Alcoholic cardiomyopathy,Rate,1990,1.087734847646056,2.111226743444439,0.15210800665245341
YLLs (Years of Life Lost),Lithuania,Both,All ages,Cirrhosis due to alcohol,Rate,2010,526.518168130347,621.5948857569327,428.81192091693043
YLLs (Years of Life Lost),Iceland,Both,All ages,Liver cancer due to alcohol use,Rate,1990,18.269810450402396,24.233161399281347,13.650551801192492
YLLs (Years of Life Lost),Slovenia,Both,All ages,Liver cancer due to alcohol use,Rate,2000,56.114368640796805,70.41747683773214,42.3788709701399
YLLs (Years of Life Lost),Federated States of Micronesia,Both,All ages,Alcohol use disorders,Rate,2000,45.044959570290175,70.00959838670175,24.784697567892298
YLLs (Years of Life Lost),Norway,Both,All ages,Alcohol use disorders,Rate,2000,188.19687357225698,194.4783678866713,182.19667808002552
YLLs (Years of Life Lost),United Arab Emirates,Both,All ages,Alcohol use disorders,Rate,2000,13.666420228298907,18.410712230698945,9.041588916228573
YLLs (Years of Life Lost),Italy,Both,All ages,Alcohol use disorders,Rate,2010,17.111552717398038,17.577555389873233,16.598524830843804
YLLs (Years of Life Lost),Congo,Both,All ages,Cirrhosis due to alcohol,Rate,1990,206.6504297320629,298.849583947278,132.97884134658963
YLLs (Years of Life Lost),Republic of Niue,Both,All ages,Cirrhosis due to alcohol,Rate,2010,96.20716486018314,144.77438973924697,55.27719286195133
YLLs (Years of Life Lost),Nepal,Both,All ages,Alcoholic cardiomyopathy,Rate,2000,2.0710848293777406,5.292361219209339,0.46925281897327437
YLLs (Years of Life Lost),Uganda,Both,All ages,Alcoholic cardiomyopathy,Rate,2000,0.027570189499889066,0.12598141687921594,0.005956358544955936
YLLs (Years of Life Lost),Peru,Both,All ages,Alcoholic cardiomyopathy,Rate,2000,0.05862638566695324,0.1329139228839393,0.011875973559155368
YLLs (Years of Life Lost),Republic of Moldova,Both,All ages,Liver cancer due to alcohol use,Rate,1990,32.4701597503626,39.80942403214754,25.426898805232927
YLLs (Years of Life Lost),Norway,Both,All ages,Alcoholic cardiomyopathy,Rate,2000,19.78973038187829,20.715063667526557,18.857844390485546
YLLs (Years of Life Lost),Egypt,Both,All ages,Alcoholic cardiomyopathy,Rate,2000,0.034079888599996916,0.0641519463249714,0.008893323701243227
YLLs (Years of Life Lost),Suriname,Both,All ages,Alcoholic cardiomyopathy,Rate,2010,21.406010328299118,32.778802916733724,4.532563410363921
YLLs (Years of Life Lost),Brazil,Both,All ages,Liver cancer due to alcohol use,Rate,1990,8.171249086260252,9.311293487935622,7.171990928071173
YLLs (Years of Life Lost),Republic of the Gambia,Both,All ages,Liver cancer due to alcohol use,Rate,1990,55.208896450978536,84.33867189180165,34.45271643362879
YLLs (Years of Life Lost),Madagascar,Both,All ages,Cirrhosis due to alcohol,Rate,2010,82.29365052125257,138.55409637287448,46.32200170394025
YLLs (Years of Life Lost),Bhutan,Both,All ages,Alcohol use disorders,Rate,2010,17.97578654014064,32.36275247541643,0.7079456821642818
YLLs (Years of Life Lost),Antigua and Barbuda,Both,All ages,Cirrhosis due to alcohol,Rate,2010,123.01414990269195,148.61126097024928,98.06364685811138
YLLs (Years of Life Lost),Belize,Both,All ages,Liver cancer due to alcohol use,Rate,2000,10.847670456342493,14.072310158868708,8.079636803414253
YLLs (Years of Life Lost),Liberia,Both,All ages,Cirrhosis due to alcohol,Rate,1990,117.86154723987245,165.4923272776233,74.02993124766114
YLLs (Years of Life Lost),United Arab Emirates,Both,All ages,Alcoholic cardiomyopathy,Rate,2000,1.8641153223027676,3.7190150401865205,0.412641063227247
YLLs (Years of Life Lost),Zambia,Both,All ages,Cirrhosis due to alcohol,Rate,2000,148.50957810988547,204.67594074349404,99.7196154192004
YLLs (Years of Life Lost),Guatemala,Both,All ages,Alcohol use disorders,Rate,1990,655.9992089382454,675.7785720260428,635.65984556205
YLLs (Years of Life Lost),Portugal,Both,All ages,Cirrhosis due to alcohol,Rate,2000,328.2649294114221,388.075491926821,266.3553282698298
YLLs (Years of Life Lost),Austria,Both,All ages,Liver cancer due to alcohol use,Rate,2000,77.75928253503915,91.40148971061916,65.92299101353623
YLLs (Years of Life Lost),Canada,Both,All ages,Alcoholic cardiomyopathy,Rate,2010,27.138899145075477,28.76890572293598,25.445703738433824
YLLs (Years of Life Lost),Luxembourg,Both,All ages,Cirrhosis due to alcohol,Rate,2010,199.31018587660463,231.78072586348364,159.51560839981465
YLLs (Years of Life Lost),Yemen,Both,All ages,Cirrhosis due to alcohol,Rate,2000,13.850584354352298,27.85841138000846,6.419907214302025
YLLs (Years of Life Lost),Trinidad and Tobago,Both,All ages,Cirrhosis due to alcohol,Rate,2010,130.99112475792703,156.71870488223067,104.10353473414077
YLLs (Years of Life Lost),Niger,Both,All ages,Liver cancer due to alcohol use,Rate,2010,16.945982923914894,31.08396682003263,8.771701154576764
YLLs (Years of Life Lost),Guinea,Both,All ages,Liver cancer due to alcohol use,Rate,2000,53.33720796002568,77.99145140452796,36.05193289223522
YLLs (Years of Life Lost),Grenada,Both,All ages,Liver cancer due to alcohol use,Rate,2000,15.840134783823784,20.34519981310075,12.18021555319218
YLLs (Years of Life Lost),Armenia,Both,All ages,Alcohol use disorders,Rate,1990,86.44385523208074,92.15793607780645,80.2221456290414
YLLs (Years of Life Lost),Papua New Guinea,Both,All ages,Cirrhosis due to alcohol,Rate,2000,29.874007161391216,48.39928858211877,17.299390095950248
YLLs (Years of Life Lost),Czech Republic,Both,All ages,Liver cancer due to alcohol use,Rate,1990,72.5855187334045,88.39586376231748,58.03569146438901
YLLs (Years of Life Lost),Trinidad and Tobago,Both,All ages,Alcohol use disorders,Rate,2010,72.44015997081493,77.49836526619377,68.25007640659659
YLLs (Years of Life Lost),Northern Mariana Islands,Both,All ages,Liver cancer due to alcohol use,Rate,1990,7.463360187565834,11.462171371702087,4.414407559438774
YLLs (Years of Life Lost),Armenia,Both,All ages,Alcoholic cardiomyopathy,Rate,1990,115.84121099829413,146.8129615904076,88.26183511715996
YLLs (Years of Life Lost),Guatemala,Both,All ages,Alcoholic cardiomyopathy,Rate,1990,2.81458246332312,3.4370278348955328,2.1877434416333372
YLLs (Years of Life Lost),Republic of Palau,Both,All ages,Liver cancer due to alcohol use,Rate,2010,35.48219969189593,57.559121836483,20.73333919305867
YLLs (Years of Life Lost),Marshall Islands,Both,All ages,Liver cancer due to alcohol use,Rate,2010,6.883032653931116,12.747767553087343,3.63509695472462
YLLs (Years of Life Lost),Russian Federation,Both,All ages,Alcohol use disorders,Rate,1990,591.8908972213135,602.5091977585295,583.2393275599339
YLLs (Years of Life Lost),Cuba,Both,All ages,Alcohol use disorders,Rate,2000,119.0994581325396,124.76756388093831,113.60071440625251
YLLs (Years of Life Lost),Grenada,Both,All ages,Alcoholic cardiomyopathy,Rate,2000,38.93410707172062,44.28457883878031,34.73992497132091
YLLs (Years of Life Lost),Pakistan,Both,All ages,Cirrhosis due to alcohol,Rate,2000,46.28451182658749,72.5403306726193,26.17790871644525
YLLs (Years of Life Lost),Russian Federation,Both,All ages,Alcoholic cardiomyopathy,Rate,1990,331.99738468264815,338.3808911769695,324.9162742537396
YLLs (Years of Life Lost),Honduras,Both,All ages,Cirrhosis due to alcohol,Rate,1990,181.70062662458014,248.3902104888895,128.63961674674056
YLLs (Years of Life Lost),Ukraine,Both,All ages,Cirrhosis due to alcohol,Rate,1990,191.9298231033809,215.0686921273285,170.44396570842315
YLLs (Years of Life Lost),Guyana,Both,All ages,Liver cancer due to alcohol use,Rate,1990,12.547913882263064,16.950708211090685,9.231655278241735
YLLs (Years of Life Lost),Puerto Rico,Both,All ages,Liver cancer due to alcohol use,Rate,2010,25.356311504728712,32.750695841305365,18.55799508687393
YLLs (Years of Life Lost),Puerto Rico,Both,All ages,Alcohol use disorders,Rate,2010,136.48169422146603,144.3254186104382,129.07944892729694
YLLs (Years of Life Lost),Belgium,Both,All ages,Alcohol use disorders,Rate,2000,127.6031364112762,132.9308355325481,122.57223216743382
YLLs (Years of Life Lost),Mauritania,Both,All ages,Liver cancer due to alcohol use,Rate,1990,75.80763507452056,155.13193293232467,15.519926221913867
YLLs (Years of Life Lost),Luxembourg,Both,All ages,Liver cancer due to alcohol use,Rate,2020,55.790954997078515,69.0824444476878,42.44332974453639
YLLs (Years of Life Lost),Bermuda,Both,All ages,Alcohol use disorders,Rate,2010,46.51272739690372,52.03230922939967,41.34898073846072
YLLs (Years of Life Lost),Fiji,Both,All ages,Alcohol use disorders,Rate,2020,4.040647307982923,5.679171299162857,2.196083319008354
YLLs (Years of Life Lost),Burkina Faso,Both,All ages,Alcoholic cardiomyopathy,Rate,2020,1.1007978667770582,2.868060138415964,0.1279608406984176
YLLs (Years of Life Lost),Taiwan (Province of China),Both,All ages,Alcoholic cardiomyopathy,Rate,1990,12.174712363784469,13.102162902898497,11.257914861478538
YLLs (Years of Life Lost),Mauritius,Both,All ages,Liver cancer due to alcohol use,Rate,2010,7.371231155431159,9.904988124906383,5.205878986144996
YLLs (Years of Life Lost),Belgium,Both,All ages,Alcoholic cardiomyopathy,Rate,2000,35.19250491399037,37.64537687218039,32.751494145063795
YLLs (Years of Life Lost),Puerto Rico,Both,All ages,Alcoholic cardiomyopathy,Rate,2010,30.782386669225517,33.485149249139425,27.940413433546514
YLLs (Years of Life Lost),Netherlands,Both,All ages,Liver cancer due to alcohol use,Rate,2010,34.66919232602926,42.79426911024292,27.66079743032856
YLLs (Years of Life Lost),Saint Kitts and Nevis,Both,All ages,Cirrhosis due to alcohol,Rate,2010,157.54281702431763,189.54226843245598,122.58687290609774
YLLs (Years of Life Lost),Ireland,Both,All ages,Liver cancer due to alcohol use,Rate,1990,17.187417296948478,21.69794724470977,12.871402345079268
YLLs (Years of Life Lost),Ireland,Both,All ages,Alcohol use disorders,Rate,1990,47.00420961764671,49.53222821496945,44.450806297119136
YLLs (Years of Life Lost),Hungary,Both,All ages,Cirrhosis due to alcohol,Rate,1990,870.8512178859238,1008.9114275459124,737.9809506797158
YLLs (Years of Life Lost),Barbados,Both,All ages,Liver cancer due to alcohol use,Rate,1990,18.01926548288361,23.855667726750116,13.484199276062446
YLLs (Years of Life Lost),Azerbaijan,Both,All ages,Cirrhosis due to alcohol,Rate,1990,242.44683163764162,303.83633549976935,181.15083678265037
YLLs (Years of Life Lost),Saint Kitts and Nevis,Both,All ages,Alcohol use disorders,Rate,2010,387.1904694393674,432.12038819849374,337.42731159311256
YLLs (Years of Life Lost),Iceland,Both,All ages,Cirrhosis due to alcohol,Rate,2010,35.900050935217294,42.89322200711457,29.127846299988025
YLLs (Years of Life Lost),Ghana,Both,All ages,Liver cancer due to alcohol use,Rate,1990,24.73174743948842,40.1117229789809,14.27916222925429
YLLs (Years of Life Lost),Ghana,Both,All ages,Alcohol use disorders,Rate,1990,38.18632190739925,51.32642328962276,26.587926644268954
YLLs (Years of Life Lost),Belarus,Both,All ages,Cirrhosis due to alcohol,Rate,2000,221.23048054864515,264.4998386564632,174.1704086682259
YLLs (Years of Life Lost),Bermuda,Both,All ages,Cirrhosis due to alcohol,Rate,2010,101.74469866750164,126.54187865577548,82.36010765320532
YLLs (Years of Life Lost),Ireland,Both,All ages,Alcoholic cardiomyopathy,Rate,1990,32.04613005211014,34.54433702324629,29.497137249522112
YLLs (Years of Life Lost),Ecuador,Both,All ages,Liver cancer due to alcohol use,Rate,2010,11.430645327843163,15.1905516816188,8.388703214217516
YLLs (Years of Life Lost),Republic of San Marino,Both,All ages,Cirrhosis due to alcohol,Rate,2010,204.6111329420052,252.70352398022493,161.3176739018665
YLLs (Years of Life Lost),Ghana,Both,All ages,Alcoholic cardiomyopathy,Rate,1990,7.40666264617743,16.231379718387135,1.1016989492672498
YLLs (Years of Life Lost),Guyana,Both,All ages,Alcohol use disorders,Rate,2000,95.10551826815924,109.21308360143823,80.47892262306296
YLLs (Years of Life Lost),Paraguay,Both,All ages,Alcohol use disorders,Rate,1990,60.780391097530654,81.24678921166007,47.95726387301368
YLLs (Years of Life Lost),Barbados,Both,All ages,Alcoholic cardiomyopathy,Rate,1990,51.586024320217504,59.82190557996261,42.17840394045936
YLLs (Years of Life Lost),Democratic People's Republic of Korea,Both,All ages,Alcohol use disorders,Rate,2010,48.04182815310101,68.03913879212298,28.23403843445649
YLLs (Years of Life Lost),Israel,Both,All ages,Cirrhosis due to alcohol,Rate,1990,80.86462605897428,96.74556696171,64.4944411073246
YLLs (Years of Life Lost),Republic of Palau,Both,All ages,Alcohol use disorders,Rate,1990,33.19640729918113,45.65632641456026,20.9620902615665
YLLs (Years of Life Lost),Mozambique,Both,All ages,Alcohol use disorders,Rate,2010,52.809424899533305,67.16809881201458,34.319991349153035
YLLs (Years of Life Lost),Israel,Both,All ages,Alcohol use disorders,Rate,1990,33.37962157341804,35.30677305383729,31.598083302812636
YLLs (Years of Life Lost),Guinea,Both,All ages,Cirrhosis due to alcohol,Rate,1990,117.34908949263291,189.74423007079062,68.12611672866167
YLLs (Years of Life Lost),Dominica,Both,All ages,Alcohol use disorders,Rate,2010,159.33456864812473,189.71529630401918,105.63656029165078
YLLs (Years of Life Lost),Mozambique,Both,All ages,Alcoholic cardiomyopathy,Rate,2010,0.03226982056007102,0.1866010911669818,0.00724260126019572
YLLs (Years of Life Lost),Republic of Palau,Both,All ages,Alcoholic cardiomyopathy,Rate,1990,1.262338371917646,2.36647457319116,0.12182761288060309
YLLs (Years of Life Lost),Guinea,Both,All ages,Alcohol use disorders,Rate,1990,27.322961481662166,41.87388842697075,16.609017215478712
YLLs (Years of Life Lost),Haiti,Both,All ages,Cirrhosis due to alcohol,Rate,2000,272.0999745277484,416.9507937403398,177.70622527690256
YLLs (Years of Life Lost),Cook Islands,Both,All ages,Cirrhosis due to alcohol,Rate,2010,11.73878711173706,17.847277095036556,7.282198265314025
YLLs (Years of Life Lost),Belize,Both,All ages,Alcohol use disorders,Rate,1990,45.06164041221324,48.814662418023204,41.54545541154393
YLLs (Years of Life Lost),Rwanda,Both,All ages,Cirrhosis due to alcohol,Rate,2010,110.56492922826317,170.49677955562868,69.03883050703432
YLLs (Years of Life Lost),Sweden,Both,All ages,Alcoholic cardiomyopathy,Rate,2000,32.09157743074462,34.22602512515159,30.07641528688209
YLLs (Years of Life Lost),Tuvalu,Both,All ages,Liver cancer due to alcohol use,Rate,2010,13.051293840297376,21.282275438227845,7.725899040434817
YLLs (Years of Life Lost),Guam,Both,All ages,Liver cancer due to alcohol use,Rate,2010,17.936051433161417,27.077996159086013,12.221905830786774
YLLs (Years of Life Lost),Bahrain,Both,All ages,Cirrhosis due to alcohol,Rate,2000,16.5608476633663,24.301300256493644,10.599804323334041
YLLs (Years of Life Lost),Kingdom of Eswatini,Both,All ages,Cirrhosis due to alcohol,Rate,2010,148.09444572368108,239.0137121131155,83.4626496427992
YLLs (Years of Life Lost),Republic of the Gambia,Both,All ages,Cirrhosis due to alcohol,Rate,2000,71.35494783788307,109.91302008303231,42.60000472864814
YLLs (Years of Life Lost),Brunei Darussalam,Both,All ages,Alcohol use disorders,Rate,1990,12.353188390853854,16.191715609468798,8.97976480801205
YLLs (Years of Life Lost),Seychelles,Both,All ages,Cirrhosis due to alcohol,Rate,2000,227.66420246373158,306.05632811730584,155.28747868066898
YLLs (Years of Life Lost),Paraguay,Both,All ages,Alcoholic cardiomyopathy,Rate,1990,4.970131048184561,8.63618825039609,0.7295321241116475
YLLs (Years of Life Lost),Belize,Both,All ages,Alcoholic cardiomyopathy,Rate,1990,5.75103835207848,7.995834096363723,3.526747474475653
YLLs (Years of Life Lost),Gabon,Both,All ages,Liver cancer due to alcohol use,Rate,1990,33.02427653328788,66.58232455727428,12.972563110380772
YLLs (Years of Life Lost),Italy,Both,All ages,Cirrhosis due to alcohol,Rate,1990,214.03507926531904,234.02358378005212,194.40149454035355
YLLs (Years of Life Lost),Puerto Rico,Both,All ages,Cirrhosis due to alcohol,Rate,1990,349.17427482988757,417.2035410421395,281.24043896180234
YLLs (Years of Life Lost),Guinea-Bissau,Both,All ages,Cirrhosis due to alcohol,Rate,1990,162.99425627996024,251.75337356801697,95.60543225666358
YLLs (Years of Life Lost),Cuba,Both,All ages,Cirrhosis due to alcohol,Rate,1990,112.76963291210932,135.90064763395694,92.20963387817112
YLLs (Years of Life Lost),United States Virgin Islands,Both,All ages,Alcohol use disorders,Rate,2010,269.8153296245309,338.07045072849803,206.10307723660398
YLLs (Years of Life Lost),United Arab Emirates,Both,All ages,Liver cancer due to alcohol use,Rate,2000,7.502803774010186,11.984726925720913,4.341847007812159
YLLs (Years of Life Lost),Principality of Monaco,Both,All ages,Cirrhosis due to alcohol,Rate,2010,212.56830895945959,265.984948480718,163.84885085956844
YLLs (Years of Life Lost),United States Virgin Islands,Both,All ages,Alcoholic cardiomyopathy,Rate,2010,66.07953984799185,98.82943070411257,19.153752721652967
YLLs (Years of Life Lost),Thailand,Both,All ages,Liver cancer due to alcohol use,Rate,1990,72.10519110082201,104.88946506046159,47.325535478898
YLLs (Years of Life Lost),Gabon,Both,All ages,Alcoholic cardiomyopathy,Rate,1990,0.07191298647911393,0.34542507366497655,0.012481931551852295
YLLs (Years of Life Lost),Switzerland,Both,All ages,Alcohol use disorders,Rate,2000,123.60549440907404,128.6856956425995,118.3022345753209
YLLs (Years of Life Lost),Japan,Both,All ages,Cirrhosis due to alcohol,Rate,1990,129.1303416157254,142.638809321355,116.65566107610677
YLLs (Years of Life Lost),Angola,Both,All ages,Liver cancer due to alcohol use,Rate,2000,19.866237991300856,59.27609458178877,2.5500797140603515
YLLs (Years of Life Lost),Saint Lucia,Both,All ages,Liver cancer due to alcohol use,Rate,2000,13.880351677174948,17.236612662112325,10.843270634306416
YLLs (Years of Life Lost),Poland,Both,All ages,Liver cancer due to alcohol use,Rate,1990,5.600800656760885,6.405308275152185,4.840778747700784
YLLs (Years of Life Lost),Sudan,Both,All ages,Alcohol use disorders,Rate,1990,8.077473649883581,11.858801697911098,3.7681460452677054
YLLs (Years of Life Lost),Malta,Both,All ages,Liver cancer due to alcohol use,Rate,1990,16.686390401846428,21.857127548592906,12.31907265140907
YLLs (Years of Life Lost),Thailand,Both,All ages,Alcoholic cardiomyopathy,Rate,1990,0.40536630921365735,1.0153229571390259,0.10892490097852763
YLLs (Years of Life Lost),Lithuania,Both,All ages,Liver cancer due to alcohol use,Rate,2000,30.07940647417574,37.90111781442652,23.010407027272834
YLLs (Years of Life Lost),Kyrgyzstan,Both,All ages,Liver cancer due to alcohol use,Rate,1990,26.676051920643875,37.83228120927781,17.87012158531206
YLLs (Years of Life Lost),Kyrgyzstan,Both,All ages,Alcohol use disorders,Rate,1990,314.19222459760965,351.30299894158134,282.4360841659004
YLLs (Years of Life Lost),Angola,Both,All ages,Alcohol use disorders,Rate,2020,39.707808692444885,56.862832455864485,25.27771337059532
YLLs (Years of Life Lost),Switzerland,Both,All ages,Alcoholic cardiomyopathy,Rate,2000,51.6651405750215,55.592830019815835,47.36441721782331
YLLs (Years of Life Lost),Angola,Both,All ages,Alcoholic cardiomyopathy,Rate,2000,0.06308461972700734,0.32670121306357014,0.011203615878363382
YLLs (Years of Life Lost),Poland,Both,All ages,Alcoholic cardiomyopathy,Rate,1990,70.53194891771763,74.37344635183128,66.4865592010261
YLLs (Years of Life Lost),Lithuania,Both,All ages,Alcoholic cardiomyopathy,Rate,2000,303.78429283844935,329.8637780443936,278.0277735520741
YLLs (Years of Life Lost),Kyrgyzstan,Both,All ages,Alcoholic cardiomyopathy,Rate,1990,110.45752761370292,131.64027190522995,94.79010707872116
YLLs (Years of Life Lost),United Kingdom of Great Britain and Northern Ireland,Both,All ages,Cirrhosis due to alcohol,Rate,2000,189.813378030272,208.38984739960682,170.48171495468372
YLLs (Years of Life Lost),Netherlands,Both,All ages,Alcohol use disorders,Rate,1990,43.220304348947515,44.92407135557571,41.50999824187858
YLLs (Years of Life Lost),Burundi,Both,All ages,Cirrhosis due to alcohol,Rate,1990,168.92380794325112,253.90655807359755,106.03571625377853
YLLs (Years of Life Lost),Central African Republic,Both,All ages,Alcohol use disorders,Rate,2000,62.47393718185711,92.54620179304746,34.21100821358146
YLLs (Years of Life Lost),Singapore,Both,All ages,Liver cancer due to alcohol use,Rate,1990,10.29589549265629,15.28144323460086,6.704897569976891
YLLs (Years of Life Lost),Saint Vincent and the Grenadines,Both,All ages,Alcohol use disorders,Rate,2000,174.12544162624437,190.39625713358285,159.65508107274502
YLLs (Years of Life Lost),Mali,Both,All ages,Liver cancer due to alcohol use,Rate,1990,54.18939208200681,80.73950253324249,34.37301786575134
YLLs (Years of Life Lost),Saint Vincent and the Grenadines,Both,All ages,Alcoholic cardiomyopathy,Rate,2000,22.000764683489248,24.547022125694372,19.771654818764702
YLLs (Years of Life Lost),Tokelau,Both,All ages,Liver cancer due to alcohol use,Rate,1990,9.408562477161645,18.795287760848975,4.7289501597170185
YLLs (Years of Life Lost),Netherlands,Both,All ages,Alcoholic cardiomyopathy,Rate,1990,50.5405103210627,54.18938921770621,47.000461307246866
YLLs (Years of Life Lost),Belgium,Both,All ages,Liver cancer due to alcohol use,Rate,2000,44.70279919647389,55.81427104227868,34.43243129597847
YLLs (Years of Life Lost),Bhutan,Both,All ages,Alcoholic cardiomyopathy,Rate,2010,2.074321782146522,7.427325287405207,0.3878956933949392
YLLs (Years of Life Lost),Timor-Leste,Both,All ages,Alcohol use disorders,Rate,1990,18.934194470486215,32.810278855420385,10.478735119521252
YLLs (Years of Life Lost),Central African Republic,Both,All ages,Alcoholic cardiomyopathy,Rate,2000,0.07142046000918385,0.304415240536286,0.014504777103306325
YLLs (Years of Life Lost),Bahrain,Both,All ages,Liver cancer due to alcohol use,Rate,1990,8.004507483310489,12.16047747605802,5.1845282422956
YLLs (Years of Life Lost),Suriname,Both,All ages,Cirrhosis due to alcohol,Rate,2000,240.1450593061062,289.3395614247399,190.38372310360973
YLLs (Years of Life Lost),Tokelau,Both,All ages,Alcoholic cardiomyopathy,Rate,1990,2.497124839560912,5.568816076390127,0.30808857025214337
YLLs (Years of Life Lost),Norway,Both,All ages,Cirrhosis due to alcohol,Rate,1990,81.87370714567479,89.40365585113743,74.68566334565112
YLLs (Years of Life Lost),Romania,Both,All ages,Alcohol use disorders,Rate,1990,230.0335145762876,241.50364489937672,220.05913644766989
YLLs (Years of Life Lost),Congo,Both,All ages,Cirrhosis due to alcohol,Rate,2000,178.02308432478827,262.26291000245624,111.43284619154481
YLLs (Years of Life Lost),Argentina,Both,All ages,Liver cancer due to alcohol use,Rate,2000,5.433473046716037,6.942111876876092,4.0878597441881706
YLLs (Years of Life Lost),Grenada,Both,All ages,Liver cancer due to alcohol use,Rate,1990,13.790921273075236,18.870320298912034,9.696248190349792
YLLs (Years of Life Lost),Bahrain,Both,All ages,Alcoholic cardiomyopathy,Rate,1990,2.8287857545050934,4.692284863475966,0.6354772275229803
YLLs (Years of Life Lost),Mongolia,Both,All ages,Alcohol use disorders,Rate,1990,334.3157724929093,528.9523299285067,252.8303738135043
YLLs (Years of Life Lost),Papua New Guinea,Both,All ages,Alcohol use disorders,Rate,2000,32.90656893102835,50.701307417955654,15.563659009574026
YLLs (Years of Life Lost),Portugal,Both,All ages,Liver cancer due to alcohol use,Rate,2000,50.31587037929576,62.26388436629652,39.12971985992938
YLLs (Years of Life Lost),Portugal,Both,All ages,Alcohol use disorders,Rate,2000,46.682440024163625,48.746342141470414,44.657884273125724
YLLs (Years of Life Lost),Djibouti,Both,All ages,Liver cancer due to alcohol use,Rate,1990,7.341072245303554,13.303012703199757,3.7440676100785284
YLLs (Years of Life Lost),Grenada,Both,All ages,Alcoholic cardiomyopathy,Rate,1990,40.85811004428103,47.80028724341865,34.69779602130374
YLLs (Years of Life Lost),Socialist Republic of Viet Nam,Both,All ages,Cirrhosis due to alcohol,Rate,1990,132.54601039046526,221.23046760571057,80.83879858526754
YLLs (Years of Life Lost),Egypt,Both,All ages,Alcohol use disorders,Rate,1990,4.4139935601438545,5.203555543483322,1.6269382534321428
YLLs (Years of Life Lost),Australia,Both,All ages,Cirrhosis due to alcohol,Rate,1990,50.597308566011186,64.84942321719342,38.55077385029131
YLLs (Years of Life Lost),Tajikistan,Both,All ages,Cirrhosis due to alcohol,Rate,1990,184.19891566425028,234.0295825527389,136.06609163136608
YLLs (Years of Life Lost),Socialist Republic of Viet Nam,Both,All ages,Liver cancer due to alcohol use,Rate,2010,68.77430237074823,102.60956363975187,45.39040972681051
YLLs (Years of Life Lost),Cuba,Both,All ages,Liver cancer due to alcohol use,Rate,2000,14.545733513269854,18.80919992923065,10.849600351764687
YLLs (Years of Life Lost),Chile,Both,All ages,Liver cancer due to alcohol use,Rate,2000,9.981657871009366,12.96056902977674,7.247824394363036
YLLs (Years of Life Lost),Chile,Both,All ages,Alcohol use disorders,Rate,2000,104.43823941723622,109.41428222292198,100.14055535728592
YLLs (Years of Life Lost),United States of America,Both,All ages,Cirrhosis due to alcohol,Rate,2010,166.584742942848,183.72340188656418,150.3195875378852
YLLs (Years of Life Lost),Eritrea,Both,All ages,Alcohol use disorders,Rate,1990,52.841226359435446,71.3743601181816,34.49730949873091
YLLs (Years of Life Lost),Chile,Both,All ages,Alcoholic cardiomyopathy,Rate,2000,15.99440358017161,17.560633866536726,14.411408827131833
YLLs (Years of Life Lost),Serbia,Both,All ages,Cirrhosis due to alcohol,Rate,1990,201.6481470001354,258.15817448324003,152.70964357148395
YLLs (Years of Life Lost),Rwanda,Both,All ages,Liver cancer due to alcohol use,Rate,2020,13.282563891848115,21.392612924378636,7.603969791315474
YLLs (Years of Life Lost),Islamic Republic of Iran,Both,All ages,Cirrhosis due to alcohol,Rate,1990,15.648984071233125,21.801883412040063,11.212483900022518
YLLs (Years of Life Lost),Tokelau,Both,All ages,Cirrhosis due to alcohol,Rate,2010,75.58797465801165,114.18122911159888,45.46070449092279
YLLs (Years of Life Lost),Brazil,Both,All ages,Cirrhosis due to alcohol,Rate,2020,168.07382064267287,184.10115188699157,153.48924189723238
YLLs (Years of Life Lost),Serbia,Both,All ages,Liver cancer due to alcohol use,Rate,2010,63.66394652083665,83.26873923563197,45.94149982160884
YLLs (Years of Life Lost),New Zealand,Both,All ages,Cirrhosis due to alcohol,Rate,1990,26.327765065369665,30.123897240796772,23.162454784465933
YLLs (Years of Life Lost),Tajikistan,Both,All ages,Liver cancer due to alcohol use,Rate,2010,12.71007850444894,19.342463429828612,7.864463898372969
YLLs (Years of Life Lost),Plurinational State of Bolivia,Both,All ages,Liver cancer due to alcohol use,Rate,2000,11.217100861329888,17.427094639432514,7.17103602533464
YLLs (Years of Life Lost),Sweden,Both,All ages,Liver cancer due to alcohol use,Rate,1990,39.29610362830871,44.86811582652736,34.496961338146505
YLLs (Years of Life Lost),Gabon,Both,All ages,Liver cancer due to alcohol use,Rate,2000,32.09535498019458,59.377587547572574,14.839338093683494
YLLs (Years of Life Lost),Uruguay,Both,All ages,Alcohol use disorders,Rate,2000,84.49427161621158,88.79515901686324,80.05780738964879
YLLs (Years of Life Lost),Uzbekistan,Both,All ages,Liver cancer due to alcohol use,Rate,1990,10.348812101409637,15.272150887007626,6.674953228630316
YLLs (Years of Life Lost),Plurinational State of Bolivia,Both,All ages,Alcoholic cardiomyopathy,Rate,2000,0.1306436574006708,0.2612597308784544,0.008223450985267954
YLLs (Years of Life Lost),Sweden,Both,All ages,Alcoholic cardiomyopathy,Rate,1990,12.449602677016411,13.628189070552768,11.335954718116794
YLLs (Years of Life Lost),Gabon,Both,All ages,Alcoholic cardiomyopathy,Rate,2000,0.06601458521304422,0.33018226865211636,0.011787290424331751
YLLs (Years of Life Lost),Portugal,Both,All ages,Alcoholic cardiomyopathy,Rate,2000,17.071635685429204,18.54531298134,15.842899742169774
YLLs (Years of Life Lost),Democratic People's Republic of Korea,Both,All ages,Cirrhosis due to alcohol,Rate,2000,62.76335659074168,106.429033571583,34.53823024276199
YLLs (Years of Life Lost),Jordan,Both,All ages,Liver cancer due to alcohol use,Rate,1990,1.7367508882299945,2.949521340247843,0.9230122863795331
YLLs (Years of Life Lost),Guatemala,Both,All ages,Liver cancer due to alcohol use,Rate,2010,11.302351035977049,14.521553581730087,8.32250864320497
YLLs (Years of Life Lost),Andorra,Both,All ages,Liver cancer due to alcohol use,Rate,1990,103.48438922853089,157.61029361094498,68.98272568534507
YLLs (Years of Life Lost),Estonia,Both,All ages,Alcoholic cardiomyopathy,Rate,2000,528.4104183742953,563.7646521874044,490.2139534296594
YLLs (Years of Life Lost),Ecuador,Both,All ages,Alcohol use disorders,Rate,2000,151.86675772048045,165.9963223054227,135.74076815800763
YLLs (Years of Life Lost),Fiji,Both,All ages,Liver cancer due to alcohol use,Rate,1990,6.627446801611949,10.880467980119212,3.8521676315117097
YLLs (Years of Life Lost),Switzerland,Both,All ages,Alcohol use disorders,Rate,1990,132.6928613452202,142.94240694910332,120.25794092800949
YLLs (Years of Life Lost),Ecuador,Both,All ages,Alcoholic cardiomyopathy,Rate,2000,0.03098968786611555,0.03872958972422242,0.024707901929717578
YLLs (Years of Life Lost),Slovenia,Both,All ages,Liver cancer due to alcohol use,Rate,1990,55.31424546634806,68.96652322415748,41.971428904559254
YLLs (Years of Life Lost),Switzerland,Both,All ages,Alcoholic cardiomyopathy,Rate,1990,50.166123354200735,57.193985948620515,43.80182383013391
YLLs (Years of Life Lost),Kuwait,Both,All ages,Liver cancer due to alcohol use,Rate,1990,3.7072660934574473,5.41454985307504,2.4479951468646934
YLLs (Years of Life Lost),Kuwait,Both,All ages,Alcohol use disorders,Rate,1990,12.498444192511728,13.720428532364526,11.330570724146158
YLLs (Years of Life Lost),Peru,Both,All ages,Cirrhosis due to alcohol,Rate,2000,251.17656845162608,305.8105016155307,199.97466998851274
YLLs (Years of Life Lost),Taiwan (Province of China),Both,All ages,Alcoholic cardiomyopathy,Rate,2000,11.769733095917315,12.74261371181675,10.703804742802708
YLLs (Years of Life Lost),Austria,Both,All ages,Alcohol use disorders,Rate,1990,118.5676410753172,123.47672451794595,113.62127458212157
YLLs (Years of Life Lost),Albania,Both,All ages,Cirrhosis due to alcohol,Rate,1990,81.12946469437186,104.04587640421286,62.63736515222464
YLLs (Years of Life Lost),United Kingdom of Great Britain and Northern Ireland,Both,All ages,Cirrhosis due to alcohol,Rate,1990,106.70443964533911,116.76569752048259,96.07290898937586
YLLs (Years of Life Lost),Kuwait,Both,All ages,Alcoholic cardiomyopathy,Rate,1990,5.00450665165323,6.720748018992924,3.654943113923934
YLLs (Years of Life Lost),Samoa,Both,All ages,Cirrhosis due to alcohol,Rate,2000,49.435544711523605,77.81769125044725,29.36667895824677
YLLs (Years of Life Lost),Tajikistan,Both,All ages,Alcoholic cardiomyopathy,Rate,2010,0.023813705815065228,0.05272542715175652,0.0019142312038262063
YLLs (Years of Life Lost),Austria,Both,All ages,Alcoholic cardiomyopathy,Rate,1990,162.1724987072397,174.6744859724885,149.66568625145982
YLLs (Years of Life Lost),United States of America,Both,All ages,Liver cancer due to alcohol use,Rate,2000,25.84440643183113,28.47928676021618,23.40850200543746
YLLs (Years of Life Lost),Kiribati,Both,All ages,Liver cancer due to alcohol use,Rate,1990,9.567579589421369,15.236101254237605,5.981314810645535
YLLs (Years of Life Lost),Kiribati,Both,All ages,Alcohol use disorders,Rate,1990,17.92078960695979,23.524385937528244,12.023693335167367
YLLs (Years of Life Lost),Belarus,Both,All ages,Cirrhosis due to alcohol,Rate,1990,100.6897753729715,122.75235521231893,78.06197254323367
YLLs (Years of Life Lost),Kiribati,Both,All ages,Alcoholic cardiomyopathy,Rate,1990,3.2802747533835928,5.8460493351722205,0.8438507342612258
YLLs (Years of Life Lost),Argentina,Both,All ages,Liver cancer due to alcohol use,Rate,1990,4.963945920181601,6.566159595103648,3.7277141628890007
YLLs (Years of Life Lost),Bosnia and Herzegovina,Both,All ages,Liver cancer due to alcohol use,Rate,2000,69.47662287772309,98.15964281846554,48.254977659833436
YLLs (Years of Life Lost),Belgium,Both,All ages,Cirrhosis due to alcohol,Rate,1990,198.48769755946068,229.90930414493806,166.03158857134898
YLLs (Years of Life Lost),Mongolia,Both,All ages,Cirrhosis due to alcohol,Rate,2020,323.47499928003646,429.600720866938,243.58561640347966
YLLs (Years of Life Lost),Spain,Both,All ages,Cirrhosis due to alcohol,Rate,2000,238.531549787089,268.1271333066394,207.1297651573145
YLLs (Years of Life Lost),Marshall Islands,Both,All ages,Cirrhosis due to alcohol,Rate,1990,76.99121578825948,116.29822993497656,43.50972893537822
YLLs (Years of Life Lost),Marshall Islands,Both,All ages,Alcohol use disorders,Rate,1990,37.587158018029896,54.285558546841166,21.43628486936226
YLLs (Years of Life Lost),Sudan,Both,All ages,Alcohol use disorders,Rate,2000,7.2429644267656155,10.36496339687773,3.7174978372734486
YLLs (Years of Life Lost),Finland,Both,All ages,Liver cancer due to alcohol use,Rate,2000,37.94319110826081,48.21684690958504,28.69074754392212
YLLs (Years of Life Lost),Republic of Moldova,Both,All ages,Alcohol use disorders,Rate,2000,331.01903491555777,348.6506809476738,315.9139704382134
YLLs (Years of Life Lost),Sudan,Both,All ages,Alcoholic cardiomyopathy,Rate,2000,1.4442917265874342,2.9336028009857307,0.32694113509254963
YLLs (Years of Life Lost),Croatia,Both,All ages,Liver cancer due to alcohol use,Rate,1990,33.24040951192192,42.659267036932185,24.80118823020913
YLLs (Years of Life Lost),Serbia,Both,All ages,Alcoholic cardiomyopathy,Rate,2010,128.88582190099095,189.87521847096545,39.634374178977126
YLLs (Years of Life Lost),Colombia,Both,All ages,Cirrhosis due to alcohol,Rate,2000,61.50386039425434,74.46267847047373,48.766484757520196
YLLs (Years of Life Lost),Republic of Moldova,Both,All ages,Alcoholic cardiomyopathy,Rate,2000,79.93399858149029,87.40088894357082,72.0192867546102
YLLs (Years of Life Lost),India,Both,All ages,Cirrhosis due to alcohol,Rate,2010,229.35350509187174,280.63438904813586,200.6897657017165
YLLs (Years of Life Lost),Croatia,Both,All ages,Alcoholic cardiomyopathy,Rate,1990,51.387003186433226,56.40992269538193,46.66032939027109
YLLs (Years of Life Lost),Finland,Both,All ages,Alcoholic cardiomyopathy,Rate,2000,143.76864114554712,151.09864306266581,135.55993171343405
YLLs (Years of Life Lost),Somalia,Both,All ages,Cirrhosis due to alcohol,Rate,2000,165.72460804002785,264.4197224822907,90.66718891437368
YLLs (Years of Life Lost),Islamic Republic of Iran,Both,All ages,Liver cancer due to alcohol use,Rate,2000,2.412946482423285,3.4931725025990126,1.8005629634802316
YLLs (Years of Life Lost),Spain,Both,All ages,Alcohol use disorders,Rate,2000,35.45964075089812,36.779499309140135,34.12195462846056
YLLs (Years of Life Lost),Latvia,Both,All ages,Alcohol use disorders,Rate,2000,726.6256344951088,763.8787067032976,693.4720748799803
YLLs (Years of Life Lost),Turkmenistan,Both,All ages,Alcohol use disorders,Rate,2010,181.0563412951631,198.10229297770897,163.8061549090788
YLLs (Years of Life Lost),Yemen,Both,All ages,Alcohol use disorders,Rate,2000,5.319430487388547,7.774566414767164,2.149908292847021
YLLs (Years of Life Lost),Nigeria,Both,All ages,Liver cancer due to alcohol use,Rate,2010,9.358227170621852,15.158787679847496,5.577083082821244
YLLs (Years of Life Lost),Nigeria,Both,All ages,Alcohol use disorders,Rate,2010,27.65420787025961,38.670369337715385,17.89017339954238
YLLs (Years of Life Lost),Honduras,Both,All ages,Alcohol use disorders,Rate,2010,123.08760753493013,185.36343005539374,77.06268312178582
YLLs (Years of Life Lost),Kenya,Both,All ages,Liver cancer due to alcohol use,Rate,2010,10.835881707922118,17.035090405215218,8.04912023188619
YLLs (Years of Life Lost),Federated States of Micronesia,Both,All ages,Cirrhosis due to alcohol,Rate,1990,85.73425082675519,130.94011568242337,51.53352713549013
YLLs (Years of Life Lost),Italy,Both,All ages,Liver cancer due to alcohol use,Rate,2010,61.748396463780274,70.12708497562193,54.87762761397754
YLLs (Years of Life Lost),Nigeria,Both,All ages,Alcoholic cardiomyopathy,Rate,2010,0.8566377449115812,1.9624633810609158,0.09096295708529936
YLLs (Years of Life Lost),Russian Federation,Both,All ages,Cirrhosis due to alcohol,Rate,2000,369.6408472725804,402.67009202536383,336.3504310477368
YLLs (Years of Life Lost),Turkmenistan,Both,All ages,Alcoholic cardiomyopathy,Rate,2010,36.827421922183085,56.46180885795172,22.663799887590752
YLLs (Years of Life Lost),Honduras,Both,All ages,Alcoholic cardiomyopathy,Rate,2010,4.408354979470906,9.132639243870738,0.7338584218535967
YLLs (Years of Life Lost),Lithuania,Both,All ages,Liver cancer due to alcohol use,Rate,1990,22.313541256168154,28.97675008331925,16.4216013179125
YLLs (Years of Life Lost),Finland,Both,All ages,Liver cancer due to alcohol use,Rate,1990,32.962087865856006,41.96998845033262,24.78597660209452
YLLs (Years of Life Lost),Togo,Both,All ages,Alcohol use disorders,Rate,2020,41.836666549871644,59.726838307018326,25.553779414824785
YLLs (Years of Life Lost),Czech Republic,Both,All ages,Alcohol use disorders,Rate,1990,119.4186567146315,125.70079775096414,112.90155730225996
YLLs (Years of Life Lost),France,Both,All ages,Alcohol use disorders,Rate,2000,205.84949343276224,212.98137837378295,199.05488472853781
YLLs (Years of Life Lost),Finland,Both,All ages,Alcoholic cardiomyopathy,Rate,1990,151.74025496305904,172.17207425601606,132.57912842835069
YLLs (Years of Life Lost),Lithuania,Both,All ages,Alcoholic cardiomyopathy,Rate,1990,148.81207815201572,182.38782438788982,114.52752613075897
YLLs (Years of Life Lost),Czech Republic,Both,All ages,Alcoholic cardiomyopathy,Rate,1990,7.999648109591863,9.429864572734866,6.725566313525992
YLLs (Years of Life Lost),Benin,Both,All ages,Liver cancer due to alcohol use,Rate,2010,28.404688580419403,42.31111247033083,16.458825241096385
YLLs (Years of Life Lost),Benin,Both,All ages,Alcohol use disorders,Rate,2010,29.998088006397907,40.34718145728628,20.98179160874655
YLLs (Years of Life Lost),Slovakia,Both,All ages,Alcohol use disorders,Rate,2010,125.22888304303045,144.18778186052222,91.07458366666496
YLLs (Years of Life Lost),Kenya,Both,All ages,Alcoholic cardiomyopathy,Rate,2010,0.017536856396800072,0.10238538501154243,0.003980582067070297
YLLs (Years of Life Lost),Sao Tome and Principe,Both,All ages,Cirrhosis due to alcohol,Rate,2010,170.43981565811748,247.4530525136312,110.25929864220527
YLLs (Years of Life Lost),Italy,Both,All ages,Alcoholic cardiomyopathy,Rate,2010,6.036620816263746,6.314799899322187,5.72429762857297
YLLs (Years of Life Lost),Fiji,Both,All ages,Cirrhosis due to alcohol,Rate,2010,38.55719216677312,55.14073905883678,25.474316832523762
YLLs (Years of Life Lost),France,Both,All ages,Alcohol use disorders,Rate,1990,187.4260447366355,193.74336225604281,181.45487189077417
YLLs (Years of Life Lost),Yemen,Both,All ages,Alcoholic cardiomyopathy,Rate,2000,1.4325241515416216,2.9554701901923233,0.2879468572472892
YLLs (Years of Life Lost),Germany,Both,All ages,Cirrhosis due to alcohol,Rate,2000,365.66173081963944,423.2912324994964,303.79664545102435
YLLs (Years of Life Lost),Barbados,Both,All ages,Liver cancer due to alcohol use,Rate,2000,19.536293605174308,24.915645469292517,14.667909750464052
YLLs (Years of Life Lost),Samoa,Both,All ages,Liver cancer due to alcohol use,Rate,1990,9.559225706005453,15.000398850451079,5.704873614631606
YLLs (Years of Life Lost),Republic of Moldova,Both,All ages,Alcohol use disorders,Rate,1990,312.0599930055527,325.56119487739204,299.3795546421442
YLLs (Years of Life Lost),Slovakia,Both,All ages,Alcoholic cardiomyopathy,Rate,2010,51.28460759471191,70.70979412241199,10.952866565652567
YLLs (Years of Life Lost),Brazil,Both,All ages,Alcohol use disorders,Rate,2020,140.33614155056182,144.18723217280316,136.58807908619164
YLLs (Years of Life Lost),Barbados,Both,All ages,Alcoholic cardiomyopathy,Rate,2000,58.79987642167263,65.62530491799092,52.720640387187615
YLLs (Years of Life Lost),United States Virgin Islands,Both,All ages,Liver cancer due to alcohol use,Rate,2010,32.21838051669647,45.850044817319926,21.186705441302525
YLLs (Years of Life Lost),Republic of Moldova,Both,All ages,Alcoholic cardiomyopathy,Rate,1990,58.12654029845353,67.78426976204568,50.130065437718535
YLLs (Years of Life Lost),Mexico,Both,All ages,Cirrhosis due to alcohol,Rate,2010,322.9226570242439,346.4283203060478,296.77671528719213
YLLs (Years of Life Lost),Antigua and Barbuda,Both,All ages,Liver cancer due to alcohol use,Rate,2010,17.357209996559448,21.954066325585632,13.051405572676135
YLLs (Years of Life Lost),Antigua and Barbuda,Both,All ages,Alcohol use disorders,Rate,2010,223.86196639535035,245.3067708406038,204.69215103788088
YLLs (Years of Life Lost),Mozambique,Both,All ages,Alcohol use disorders,Rate,2020,50.66951623124158,71.35263525784923,30.7590732617466
YLLs (Years of Life Lost),Benin,Both,All ages,Alcoholic cardiomyopathy,Rate,2010,0.7622400757423244,1.9669678915514526,0.0926466997624337
YLLs (Years of Life Lost),Solomon Islands,Both,All ages,Alcohol use disorders,Rate,1990,38.55288921437112,58.02969687880522,13.795062930115792
YLLs (Years of Life Lost),Lithuania,Both,All ages,Cirrhosis due to alcohol,Rate,2000,226.2282521557817,276.1304452709071,177.80153768320477
YLLs (Years of Life Lost),Russian Federation,Both,All ages,Cirrhosis due to alcohol,Rate,1990,155.7283496512739,169.0757526588423,142.33980225375186
YLLs (Years of Life Lost),Italy,Both,All ages,Alcohol use disorders,Rate,2020,14.031465330461355,14.653180158512551,13.456869465803761
YLLs (Years of Life Lost),Iceland,Both,All ages,Liver cancer due to alcohol use,Rate,2000,21.142199642145982,27.152309881652254,15.790937521194078
YLLs (Years of Life Lost),Solomon Islands,Both,All ages,Alcoholic cardiomyopathy,Rate,1990,1.129392893472594,2.3489434705761676,0.09900001848089966
YLLs (Years of Life Lost),Belize,Both,All ages,Alcohol use disorders,Rate,2000,90.14089254884931,96.9142688071122,83.69822585182031
YLLs (Years of Life Lost),Madagascar,Both,All ages,Alcohol use disorders,Rate,2010,31.713883632840048,47.679171050813636,21.738342250313213
YLLs (Years of Life Lost),Plurinational State of Bolivia,Both,All ages,Alcohol use disorders,Rate,2020,86.37775884781936,123.92601440634917,57.12153313235631
YLLs (Years of Life Lost),Brunei Darussalam,Both,All ages,Alcohol use disorders,Rate,2000,10.209701020003324,12.531596902694549,7.245024618570042
YLLs (Years of Life Lost),Belize,Both,All ages,Alcoholic cardiomyopathy,Rate,2000,13.039043379585284,14.499487222805596,11.69433492704482
YLLs (Years of Life Lost),Luxembourg,Both,All ages,Alcohol use disorders,Rate,2010,143.14304005850687,151.79962734662456,134.17606081343578
YLLs (Years of Life Lost),Tonga,Both,All ages,Cirrhosis due to alcohol,Rate,1990,84.95900010122662,131.86510333713355,51.10555154094663
YLLs (Years of Life Lost),Uganda,Both,All ages,Liver cancer due to alcohol use,Rate,2000,24.991508851107223,35.31237973455354,16.780930227987042
YLLs (Years of Life Lost),Sao Tome and Principe,Both,All ages,Alcohol use disorders,Rate,2010,26.342165914421823,36.361581035496975,17.270730615850702
YLLs (Years of Life Lost),Antigua and Barbuda,Both,All ages,Alcoholic cardiomyopathy,Rate,2010,20.510681221817386,23.63691480917812,17.74679849700061
YLLs (Years of Life Lost),Burkina Faso,Both,All ages,Cirrhosis due to alcohol,Rate,2010,84.55218749783842,119.51408799982417,54.455913708917684
YLLs (Years of Life Lost),Slovenia,Both,All ages,Cirrhosis due to alcohol,Rate,2010,396.9074859909709,475.0950644590797,325.57571016586814
YLLs (Years of Life Lost),Principality of Monaco,Both,All ages,Liver cancer due to alcohol use,Rate,2020,138.94430689889415,210.11752305830373,88.38108696253714
YLLs (Years of Life Lost),Italy,Both,All ages,Alcoholic cardiomyopathy,Rate,2020,4.628787167178192,5.409082900916465,3.778773356264187
YLLs (Years of Life Lost),Democratic People's Republic of Korea,Both,All ages,Liver cancer due to alcohol use,Rate,2020,18.76805880751827,31.04552331357344,10.922982444876235
YLLs (Years of Life Lost),Cuba,Both,All ages,Cirrhosis due to alcohol,Rate,2000,124.47364945207104,147.8637147876141,101.09944763761698
YLLs (Years of Life Lost),Ireland,Both,All ages,Liver cancer due to alcohol use,Rate,2000,26.59343255228253,32.87452933038528,20.68463385222712
YLLs (Years of Life Lost),Ireland,Both,All ages,Alcohol use disorders,Rate,2000,77.28481814511474,81.2015921917783,73.08987194935665
YLLs (Years of Life Lost),Japan,Both,All ages,Cirrhosis due to alcohol,Rate,2000,117.56010090337098,127.34156106734972,108.78609236221364
YLLs (Years of Life Lost),Principality of Monaco,Both,All ages,Cirrhosis due to alcohol,Rate,2020,192.57933523177658,252.56509393690615,140.55343684605162
YLLs (Years of Life Lost),Saudi Arabia,Both,All ages,Liver cancer due to alcohol use,Rate,2020,3.75864169364505,6.006911475679669,2.2428122007270845
YLLs (Years of Life Lost),Democratic People's Republic of Korea,Both,All ages,Cirrhosis due to alcohol,Rate,1990,60.494415788529054,99.24297147010014,36.03307290529347
YLLs (Years of Life Lost),Trinidad and Tobago,Both,All ages,Liver cancer due to alcohol use,Rate,2020,23.74793572322734,32.276663323092606,16.640926236091783
YLLs (Years of Life Lost),Qatar,Both,All ages,Alcoholic cardiomyopathy,Rate,2020,0.5561565413379072,1.8852527481199093,0.1115039460897092
YLLs (Years of Life Lost),Republic of Cabo Verde,Both,All ages,Liver cancer due to alcohol use,Rate,2020,48.77567189009191,73.04675237646192,30.690684210045504
YLLs (Years of Life Lost),Saudi Arabia,Both,All ages,Alcohol use disorders,Rate,2020,0.5942454682405784,0.8025424266921269,0.4246781934096788
YLLs (Years of Life Lost),Ireland,Both,All ages,Alcoholic cardiomyopathy,Rate,2000,29.071673863746526,31.735004759040383,26.552234491303523
YLLs (Years of Life Lost),Luxembourg,Both,All ages,Alcohol use disorders,Rate,2020,113.98465298677971,124.10784864302991,104.42785632207413
YLLs (Years of Life Lost),Malawi,Both,All ages,Cirrhosis due to alcohol,Rate,2010,130.97544167624872,184.50687958120204,83.1950438091857
YLLs (Years of Life Lost),Malta,Both,All ages,Cirrhosis due to alcohol,Rate,2010,104.50789386415741,122.98828722968045,83.41166850187952
YLLs (Years of Life Lost),Trinidad and Tobago,Both,All ages,Alcoholic cardiomyopathy,Rate,2020,33.869220748179785,44.16517200562074,24.706140414350948
YLLs (Years of Life Lost),Antigua and Barbuda,Both,All ages,Cirrhosis due to alcohol,Rate,2020,177.49538698391973,219.80823220482878,135.31152399730703
YLLs (Years of Life Lost),Senegal,Both,All ages,Cirrhosis due to alcohol,Rate,2010,67.65361281563302,105.38345613334828,41.39207097620602
YLLs (Years of Life Lost),Slovakia,Both,All ages,Cirrhosis due to alcohol,Rate,2020,388.88935222804525,484.2723382812302,299.12962467750987
YLLs (Years of Life Lost),Saudi Arabia,Both,All ages,Alcoholic cardiomyopathy,Rate,2020,1.3924225372252985,2.5589994895421713,0.24030690191379273
YLLs (Years of Life Lost),Andorra,Both,All ages,Alcohol use disorders,Rate,2020,12.574223879836556,18.13846571793614,7.651455340943702
YLLs (Years of Life Lost),China,Both,All ages,Cirrhosis due to alcohol,Rate,1990,30.369104670732657,38.07161591015789,22.907657480292958
YLLs (Years of Life Lost),Cambodia,Both,All ages,Liver cancer due to alcohol use,Rate,1990,16.52118911539938,35.053544209999245,7.499849210051845
YLLs (Years of Life Lost),Cambodia,Both,All ages,Alcohol use disorders,Rate,1990,24.979186936736507,33.92890903749968,15.007433600212801
YLLs (Years of Life Lost),Cambodia,Both,All ages,Alcoholic cardiomyopathy,Rate,1990,0.8980571983904871,1.839476645875554,0.22042120701110976
YLLs (Years of Life Lost),Syrian Arab Republic,Both,All ages,Liver cancer due to alcohol use,Rate,2020,10.344314416105727,16.9180659534444,6.249539801736746
YLLs (Years of Life Lost),Mongolia,Both,All ages,Liver cancer due to alcohol use,Rate,2020,342.0819751485271,524.8516414808603,231.4715086075383
YLLs (Years of Life Lost),Malaysia,Both,All ages,Liver cancer due to alcohol use,Rate,2000,12.183997543425525,17.63631736269939,7.935691558709959
YLLs (Years of Life Lost),Lao People's Democratic Republic,Both,All ages,Liver cancer due to alcohol use,Rate,1990,32.73200575703726,51.99246747150108,19.168704907208227
YLLs (Years of Life Lost),Democratic People's Republic of Korea,Both,All ages,Cirrhosis due to alcohol,Rate,2010,67.07516998552096,112.88782875232386,35.027158452120275
YLLs (Years of Life Lost),Indonesia,Both,All ages,Alcohol use disorders,Rate,1990,3.861959195585141,4.847654718862162,2.2502529916253673
YLLs (Years of Life Lost),Israel,Both,All ages,Cirrhosis due to alcohol,Rate,2000,83.87995202923295,101.15025589147454,67.3644953317849
YLLs (Years of Life Lost),Syrian Arab Republic,Both,All ages,Cirrhosis due to alcohol,Rate,2020,17.726079547306817,30.405674534187618,9.604293444947908
YLLs (Years of Life Lost),Zambia,Both,All ages,Alcohol use disorders,Rate,2000,41.25767055095223,51.51673766582289,30.119905259575116
YLLs (Years of Life Lost),Lao People's Democratic Republic,Both,All ages,Cirrhosis due to alcohol,Rate,1990,180.67463491757775,290.8411623085969,106.60122536062413
YLLs (Years of Life Lost),Israel,Both,All ages,Alcohol use disorders,Rate,2000,46.30487906717296,48.56354340013506,43.84450014002902
YLLs (Years of Life Lost),Cameroon,Both,All ages,Cirrhosis due to alcohol,Rate,2010,93.73020764822715,147.1649521211878,55.84173735339527
YLLs (Years of Life Lost),Singapore,Both,All ages,Liver cancer due to alcohol use,Rate,2000,13.060927174925977,19.50909943373612,8.795644384226797
YLLs (Years of Life Lost),Syrian Arab Republic,Both,All ages,Alcohol use disorders,Rate,2020,8.219854005759986,11.147167537854905,5.643336994321275
YLLs (Years of Life Lost),Malta,Both,All ages,Cirrhosis due to alcohol,Rate,2020,84.8001475935123,101.18127588316528,67.97336545140223
YLLs (Years of Life Lost),Maldives,Both,All ages,Liver cancer due to alcohol use,Rate,1990,14.97251275010883,22.684476539106157,9.05709909988183
YLLs (Years of Life Lost),Italy,Both,All ages,Cirrhosis due to alcohol,Rate,2000,155.1259700689184,170.43780174366762,140.84561321058396
YLLs (Years of Life Lost),Maldives,Both,All ages,Alcohol use disorders,Rate,2000,4.2500334240296445,5.29724731269745,2.725173650243212
YLLs (Years of Life Lost),Maldives,Both,All ages,Alcoholic cardiomyopathy,Rate,2000,1.2948599544904793,2.229361205305975,0.3933275877247205
YLLs (Years of Life Lost),Mozambique,Both,All ages,Liver cancer due to alcohol use,Rate,2010,48.740551755439526,84.20659412356635,27.59459180443447
YLLs (Years of Life Lost),Plurinational State of Bolivia,Both,All ages,Cirrhosis due to alcohol,Rate,2020,296.23640950796926,436.36107151894436,187.12996836845988
YLLs (Years of Life Lost),Togo,Both,All ages,Liver cancer due to alcohol use,Rate,2010,16.679422656542524,28.15723747949583,10.04044417704827
YLLs (Years of Life Lost),Myanmar,Both,All ages,Cirrhosis due to alcohol,Rate,2000,204.17631552388323,323.4943048137303,115.68196912818281
YLLs (Years of Life Lost),Zambia,Both,All ages,Alcoholic cardiomyopathy,Rate,2000,0.022717549993980183,0.0897991109924619,0.004003858379176068
YLLs (Years of Life Lost),Serbia,Both,All ages,Alcoholic cardiomyopathy,Rate,2020,133.78169250286723,209.02812069701787,33.03193810212391
YLLs (Years of Life Lost),Australia,Both,All ages,Cirrhosis due to alcohol,Rate,2000,41.804349181546584,53.33711542273216,31.709530957614405
YLLs (Years of Life Lost),Bolivarian Republic of Venezuela,Both,All ages,Liver cancer due to alcohol use,Rate,2010,11.15969001950101,13.78883047687528,8.500270147763615
YLLs (Years of Life Lost),Malta,Both,All ages,Liver cancer due to alcohol use,Rate,2000,21.83361025006775,28.310650669123717,15.844021282018392
YLLs (Years of Life Lost),Bolivarian Republic of Venezuela,Both,All ages,Alcoholic cardiomyopathy,Rate,2010,12.585885305516122,13.684650246053323,11.561939798327725
YLLs (Years of Life Lost),Tunisia,Both,All ages,Cirrhosis due to alcohol,Rate,2020,19.366170234515266,30.51481840152638,10.53701906431789
YLLs (Years of Life Lost),New Zealand,Both,All ages,Cirrhosis due to alcohol,Rate,2000,22.08563079847798,24.945475066722057,19.677708965301377
YLLs (Years of Life Lost),Netherlands,Both,All ages,Alcohol use disorders,Rate,2000,73.16851718933215,75.87779573663944,70.43337524712966
YLLs (Years of Life Lost),Norway,Both,All ages,Liver cancer due to alcohol use,Rate,2020,44.125149940559695,49.6980138264494,39.24527619174017
YLLs (Years of Life Lost),Netherlands,Both,All ages,Alcoholic cardiomyopathy,Rate,2000,55.7860583372358,59.04546450001231,52.75748122119912
YLLs (Years of Life Lost),Slovenia,Both,All ages,Alcohol use disorders,Rate,2020,416.1537754843128,465.6434068912178,376.20590252312354
YLLs (Years of Life Lost),Norway,Both,All ages,Cirrhosis due to alcohol,Rate,2000,80.33471766615843,88.65112337730179,72.90885734111735
YLLs (Years of Life Lost),Andorra,Both,All ages,Liver cancer due to alcohol use,Rate,2000,115.9526768808949,163.62430022875822,77.18105182057273
YLLs (Years of Life Lost),Thailand,Both,All ages,Liver cancer due to alcohol use,Rate,2000,107.20005978636271,148.2759040490625,75.60495463065713
YLLs (Years of Life Lost),Thailand,Both,All ages,Alcoholic cardiomyopathy,Rate,2000,0.536016060699028,1.2329333989928861,0.14565992902077626
YLLs (Years of Life Lost),Cook Islands,Both,All ages,Liver cancer due to alcohol use,Rate,2010,55.02608164290745,77.42660287454275,36.44719369273756
YLLs (Years of Life Lost),Greenland,Both,All ages,Alcohol use disorders,Rate,2000,810.9716239991071,955.4266721998696,658.8572924393944
YLLs (Years of Life Lost),Marshall Islands,Both,All ages,Liver cancer due to alcohol use,Rate,2020,9.080245224157883,17.56357252552545,4.5623930355333
YLLs (Years of Life Lost),Austria,Both,All ages,Alcohol use disorders,Rate,2000,140.94771825501073,146.17853871782054,135.63638873608176
YLLs (Years of Life Lost),China,Both,All ages,Alcohol use disorders,Rate,2020,51.591156422207995,65.52579662443745,27.24688634929317
YLLs (Years of Life Lost),Austria,Both,All ages,Alcoholic cardiomyopathy,Rate,2000,96.29406847220486,103.30919625762127,89.22147005691248
YLLs (Years of Life Lost),Greenland,Both,All ages,Alcoholic cardiomyopathy,Rate,2000,32.738179721721586,56.84416655311349,6.2959860463914925
YLLs (Years of Life Lost),Belgium,Both,All ages,Cirrhosis due to alcohol,Rate,2000,201.53510511493684,234.19790702004528,168.2090912804641
YLLs (Years of Life Lost),Timor-Leste,Both,All ages,Alcohol use disorders,Rate,2000,16.645263007823644,29.631821272458573,9.676305333315822
YLLs (Years of Life Lost),Sweden,Both,All ages,Liver cancer due to alcohol use,Rate,2000,19.373967063103063,22.257829783358233,16.83429956518648
YLLs (Years of Life Lost),Trinidad and Tobago,Both,All ages,Cirrhosis due to alcohol,Rate,2020,150.2103209243282,200.11459029326255,107.68676907402194
YLLs (Years of Life Lost),Rwanda,Both,All ages,Alcohol use disorders,Rate,2010,48.90460363826128,70.46778042511853,36.10242808141516
YLLs (Years of Life Lost),Angola,Both,All ages,Cirrhosis due to alcohol,Rate,2010,143.72002381265546,207.35025457573258,94.48213564701383
YLLs (Years of Life Lost),United Arab Emirates,Both,All ages,Liver cancer due to alcohol use,Rate,2020,12.847618587949443,21.36057904257064,7.425615262415888
YLLs (Years of Life Lost),Peru,Both,All ages,Liver cancer due to alcohol use,Rate,2020,15.67757469015465,22.684637868459202,10.54406442325688
YLLs (Years of Life Lost),Guam,Both,All ages,Cirrhosis due to alcohol,Rate,2000,82.92678051338228,116.64876338514003,55.52345993880261
YLLs (Years of Life Lost),Brazil,Both,All ages,Cirrhosis due to alcohol,Rate,2010,193.53754736560143,210.7675351250876,177.5604405802277
YLLs (Years of Life Lost),Chad,Both,All ages,Liver cancer due to alcohol use,Rate,2010,29.804154581766447,54.30847498955302,13.650547423516674
YLLs (Years of Life Lost),Portugal,Both,All ages,Liver cancer due to alcohol use,Rate,2020,98.51573192932838,122.94500728660647,77.35821182060873
YLLs (Years of Life Lost),Portugal,Both,All ages,Alcohol use disorders,Rate,2020,45.52297316572863,48.0712762130689,42.903062678525906
YLLs (Years of Life Lost),Sudan,Both,All ages,Cirrhosis due to alcohol,Rate,2020,11.12147431244386,23.1737141293299,5.506689570284167
YLLs (Years of Life Lost),Socialist Republic of Viet Nam,Both,All ages,Cirrhosis due to alcohol,Rate,2000,129.88357562964433,190.77072753320525,84.44705382609955
YLLs (Years of Life Lost),Rwanda,Both,All ages,Alcoholic cardiomyopathy,Rate,2010,0.025481722479844697,0.17009308986040747,0.0038550111387601208
YLLs (Years of Life Lost),Paraguay,Both,All ages,Liver cancer due to alcohol use,Rate,2020,22.477205361726362,31.79314626963795,15.379527622193292
YLLs (Years of Life Lost),Principality of Monaco,Both,All ages,Liver cancer due to alcohol use,Rate,2000,100.97038009627074,152.83393272667766,63.6414841008032
YLLs (Years of Life Lost),Portugal,Both,All ages,Alcoholic cardiomyopathy,Rate,2020,15.580597631951107,17.970818370174026,13.170813176764607
YLLs (Years of Life Lost),Principality of Monaco,Both,All ages,Alcoholic cardiomyopathy,Rate,2000,117.34399663776738,174.2094542122062,50.625702599748735
YLLs (Years of Life Lost),Central African Republic,Both,All ages,Liver cancer due to alcohol use,Rate,2020,14.211568689871614,29.490436531526953,5.683667991629451
YLLs (Years of Life Lost),Seychelles,Both,All ages,Cirrhosis due to alcohol,Rate,2010,203.50693826211653,274.6735201378928,139.66546427709108
YLLs (Years of Life Lost),Yemen,Both,All ages,Alcohol use disorders,Rate,2020,4.65395312501446,6.833112888182055,1.8709449307580115
YLLs (Years of Life Lost),Congo,Both,All ages,Liver cancer due to alcohol use,Rate,2010,14.57523935188822,29.225742612375406,6.798921307972514
YLLs (Years of Life Lost),Spain,Both,All ages,Cirrhosis due to alcohol,Rate,2020,146.4065176495889,168.21799885810853,123.28335445221406
YLLs (Years of Life Lost),Republic of Nauru,Both,All ages,Alcohol use disorders,Rate,2000,58.15632095689954,97.31760731066262,27.191621622538708
YLLs (Years of Life Lost),Fiji,Both,All ages,Liver cancer due to alcohol use,Rate,2000,6.937858904332398,10.549713382082555,4.595481065807046
YLLs (Years of Life Lost),Spain,Both,All ages,Alcohol use disorders,Rate,2020,22.06994761297253,23.673436917937135,20.652336249322317
YLLs (Years of Life Lost),Republic of Niue,Both,All ages,Cirrhosis due to alcohol,Rate,2000,105.12354197824858,159.9171308019752,63.74261296201765
YLLs (Years of Life Lost),Yemen,Both,All ages,Alcoholic cardiomyopathy,Rate,2020,1.2038613303960777,2.593040952767982,0.2856859283698349
YLLs (Years of Life Lost),Colombia,Both,All ages,Cirrhosis due to alcohol,Rate,2020,65.50953171794451,81.47357115341802,50.18396292650711
YLLs (Years of Life Lost),Republic of Palau,Both,All ages,Liver cancer due to alcohol use,Rate,2000,28.23194514423291,44.91923237796953,17.20456323675592
YLLs (Years of Life Lost),American Samoa,Both,All ages,Liver cancer due to alcohol use,Rate,2020,17.30848952583291,25.447138238327543,11.020882532865782
YLLs (Years of Life Lost),Cambodia,Both,All ages,Liver cancer due to alcohol use,Rate,2000,17.71525435706848,38.54032552423724,8.380219348283791
YLLs (Years of Life Lost),Cambodia,Both,All ages,Alcohol use disorders,Rate,2000,26.329559554279772,35.078391316210556,15.918578515110733
YLLs (Years of Life Lost),Kiribati,Both,All ages,Liver cancer due to alcohol use,Rate,2000,10.827169308055947,16.415605333613794,6.924719561799895
YLLs (Years of Life Lost),Kiribati,Both,All ages,Alcohol use disorders,Rate,2000,18.366341636886535,23.784578120154524,12.614585003897673
YLLs (Years of Life Lost),Cambodia,Both,All ages,Alcoholic cardiomyopathy,Rate,2000,0.9605166433993786,1.7803632624103793,0.21012179983955356
YLLs (Years of Life Lost),Somalia,Both,All ages,Cirrhosis due to alcohol,Rate,2010,133.58253832332076,230.22531348049247,71.4193307755421
YLLs (Years of Life Lost),Sudan,Both,All ages,Cirrhosis due to alcohol,Rate,2010,12.412272640956028,25.762331838611207,5.740889063596974
YLLs (Years of Life Lost),Kiribati,Both,All ages,Alcoholic cardiomyopathy,Rate,2000,3.6346578057306944,6.550202367959727,0.895680656301779
YLLs (Years of Life Lost),Indonesia,Both,All ages,Alcohol use disorders,Rate,2000,4.343399433558699,5.209488031219615,2.4749412941092963
YLLs (Years of Life Lost),Democratic Republic of the Congo,Both,All ages,Alcohol use disorders,Rate,2010,37.76526230967249,51.79913221375818,25.157960876783513
YLLs (Years of Life Lost),Costa Rica,Both,All ages,Cirrhosis due to alcohol,Rate,2020,176.13981052347506,213.74480976040178,138.9693742119675
YLLs (Years of Life Lost),Sweden,Both,All ages,Cirrhosis due to alcohol,Rate,2020,106.37107241631257,116.40220469995937,97.1850329039361
YLLs (Years of Life Lost),Sudan,Both,All ages,Liver cancer due to alcohol use,Rate,2010,3.8265480944130714,6.347019407567721,1.9397306046289176
YLLs (Years of Life Lost),Commonwealth of the Bahamas,Both,All ages,Liver cancer due to alcohol use,Rate,2020,27.318994772803865,36.78002541950609,20.120534888128002
YLLs (Years of Life Lost),Marshall Islands,Both,All ages,Cirrhosis due to alcohol,Rate,2000,86.77662879357341,132.494382764226,52.06846292021681
YLLs (Years of Life Lost),United Kingdom of Great Britain and Northern Ireland,Both,All ages,Liver cancer due to alcohol use,Rate,2020,75.28256876773528,84.78860065329172,66.65632565331617
YLLs (Years of Life Lost),Marshall Islands,Both,All ages,Alcohol use disorders,Rate,2000,44.36091749218019,66.91230669086892,25.13734317182823
YLLs (Years of Life Lost),Luxembourg,Both,All ages,Alcoholic cardiomyopathy,Rate,2020,19.048109505844284,22.248424076555505,16.043544208516355
YLLs (Years of Life Lost),Bangladesh,Both,All ages,Liver cancer due to alcohol use,Rate,2020,9.417743448839733,14.72272321815983,5.534983232820443
YLLs (Years of Life Lost),Cameroon,Both,All ages,Alcohol use disorders,Rate,2020,38.46859836805072,54.98866245628931,22.901541410863786
YLLs (Years of Life Lost),Guatemala,Both,All ages,Liver cancer due to alcohol use,Rate,2020,20.88042307526736,27.321183230583188,15.294433719977883
YLLs (Years of Life Lost),Federated States of Micronesia,Both,All ages,Cirrhosis due to alcohol,Rate,2000,81.38335059118363,125.51920162058511,50.04619714483494
YLLs (Years of Life Lost),Lao People's Democratic Republic,Both,All ages,Alcoholic cardiomyopathy,Rate,1990,1.4224318652064367,2.9515193220342306,0.30192204501764813
YLLs (Years of Life Lost),Samoa,Both,All ages,Liver cancer due to alcohol use,Rate,2000,11.112339736989048,17.301494022894666,6.781179497443635
YLLs (Years of Life Lost),Bangladesh,Both,All ages,Alcoholic cardiomyopathy,Rate,2020,2.88559245981049,8.392691312669701,0.4443580089242283
YLLs (Years of Life Lost),Malaysia,Both,All ages,Alcohol use disorders,Rate,1990,18.482944465707295,27.592802861305913,11.145020354567095
YLLs (Years of Life Lost),Honduras,Both,All ages,Alcohol use disorders,Rate,2020,130.05587432614988,195.44055952720754,79.04010292270293
YLLs (Years of Life Lost),Argentina,Both,All ages,Cirrhosis due to alcohol,Rate,2020,121.47838442385772,152.10722241127385,90.1407764163373
YLLs (Years of Life Lost),Malaysia,Both,All ages,Alcoholic cardiomyopathy,Rate,1990,0.041725540065613305,0.08369705614884057,0.00198167782404002
YLLs (Years of Life Lost),Bhutan,Both,All ages,Alcohol use disorders,Rate,2020,18.684984533987965,34.666192070176486,0.7361082332516389
YLLs (Years of Life Lost),Sudan,Both,All ages,Liver cancer due to alcohol use,Rate,2020,4.8194995213507115,7.80750248618217,2.6706054386586286
YLLs (Years of Life Lost),Maldives,Both,All ages,Cirrhosis due to alcohol,Rate,1990,68.61767841578684,100.15508283530868,42.0175745303916
YLLs (Years of Life Lost),Honduras,Both,All ages,Alcoholic cardiomyopathy,Rate,2020,4.725777955436712,9.214081573387562,0.7780117959941809
YLLs (Years of Life Lost),Islamic Republic of Iran,Both,All ages,Liver cancer due to alcohol use,Rate,2010,2.1104704163322605,2.622029860743406,1.6862832189886658
YLLs (Years of Life Lost),Democratic People's Republic of Korea,Both,All ages,Alcoholic cardiomyopathy,Rate,2010,6.136774147676806,12.437996474536837,1.930574113561041
YLLs (Years of Life Lost),Fiji,Both,All ages,Cirrhosis due to alcohol,Rate,2020,38.69459421754374,59.988166652265555,23.045695240427474
YLLs (Years of Life Lost),Cameroon,Both,All ages,Cirrhosis due to alcohol,Rate,2020,81.39890667207474,129.27599078616242,45.16058889260315
YLLs (Years of Life Lost),New Zealand,Both,All ages,Liver cancer due to alcohol use,Rate,2020,54.45119675696788,62.40900574612133,46.27743146434639
YLLs (Years of Life Lost),Angola,Both,All ages,Cirrhosis due to alcohol,Rate,2020,123.52949732321228,191.48712576181236,74.74981910534062
YLLs (Years of Life Lost),Bhutan,Both,All ages,Alcoholic cardiomyopathy,Rate,2020,2.283955450765824,7.678179297425814,0.40145377957784895
YLLs (Years of Life Lost),Tajikistan,Both,All ages,Liver cancer due to alcohol use,Rate,2020,14.520578550709663,23.47858931496232,8.228076710842087
YLLs (Years of Life Lost),China,Both,All ages,Liver cancer due to alcohol use,Rate,2020,33.04805057821376,42.826005115123245,24.501045260547933
YLLs (Years of Life Lost),Mexico,Both,All ages,Cirrhosis due to alcohol,Rate,2020,372.56054381976315,427.7195707972549,325.78027308075417
YLLs (Years of Life Lost),Rwanda,Both,All ages,Alcohol use disorders,Rate,2020,52.71557834741784,78.36291579864435,37.055419218947364
YLLs (Years of Life Lost),Central African Republic,Both,All ages,Cirrhosis due to alcohol,Rate,2020,222.77007854363995,347.8223900658485,132.76600901388932
YLLs (Years of Life Lost),India,Both,All ages,Cirrhosis due to alcohol,Rate,2020,211.44346173179,269.819561905181,150.81178682003357
YLLs (Years of Life Lost),Tajikistan,Both,All ages,Alcoholic cardiomyopathy,Rate,2020,0.020392238943694543,0.05177906952744455,0.0018632210551631327
YLLs (Years of Life Lost),Togo,Both,All ages,Alcoholic cardiomyopathy,Rate,2020,1.1890611184472424,3.056476960671951,0.12918594735253391
YLLs (Years of Life Lost),Greenland,Both,All ages,Alcohol use disorders,Rate,2010,703.3767160693579,870.0194733766134,585.1232241353443
YLLs (Years of Life Lost),Russian Federation,Both,All ages,Liver cancer due to alcohol use,Rate,2010,40.29724806256713,44.288428796683476,36.503158124309664
YLLs (Years of Life Lost),Dominica,Both,All ages,Alcoholic cardiomyopathy,Rate,2010,32.96480704868501,61.084529907078135,6.906146225648044
YLLs (Years of Life Lost),Indonesia,Both,All ages,Liver cancer due to alcohol use,Rate,2000,11.352910063087972,17.17579082418469,7.539507240202922
YLLs (Years of Life Lost),Algeria,Both,All ages,Cirrhosis due to alcohol,Rate,2020,9.924665728962385,15.99182954093915,5.664014986763168
YLLs (Years of Life Lost),Greenland,Both,All ages,Liver cancer due to alcohol use,Rate,2010,65.95486933440657,87.44747673975417,47.451065494478705
YLLs (Years of Life Lost),Principality of Monaco,Both,All ages,Alcoholic cardiomyopathy,Rate,2020,85.80422565357004,131.56367358114565,33.94660458579231
YLLs (Years of Life Lost),Democratic People's Republic of Korea,Both,All ages,Alcohol use disorders,Rate,2020,52.121988723524446,76.00503615951567,30.97547610009783
YLLs (Years of Life Lost),Seychelles,Both,All ages,Liver cancer due to alcohol use,Rate,2020,30.82460974681479,43.77707913811481,20.83396855310148
YLLs (Years of Life Lost),Republic of Nauru,Both,All ages,Liver cancer due to alcohol use,Rate,2020,14.869067052728074,26.318295903152453,7.998777138190248
YLLs (Years of Life Lost),Togo,Both,All ages,Liver cancer due to alcohol use,Rate,2020,17.287998296062025,30.914574953953675,9.894777588683052
YLLs (Years of Life Lost),Luxembourg,Both,All ages,Cirrhosis due to alcohol,Rate,2020,143.78053046361103,168.8608600209343,114.96709012265357
YLLs (Years of Life Lost),Turkmenistan,Both,All ages,Alcohol use disorders,Rate,2020,123.99249213652544,158.34428741551628,97.47982285859912
YLLs (Years of Life Lost),Indonesia,Both,All ages,Alcoholic cardiomyopathy,Rate,2000,1.374701640686128,2.505489928176588,0.2595934103242162
YLLs (Years of Life Lost),Democratic People's Republic of Korea,Both,All ages,Alcoholic cardiomyopathy,Rate,2020,6.92967178647211,14.327276246867905,2.1530648751550423
YLLs (Years of Life Lost),Federated States of Micronesia,Both,All ages,Liver cancer due to alcohol use,Rate,2020,13.619442312269713,26.043834156245023,7.230081928363119
YLLs (Years of Life Lost),Fiji,Both,All ages,Alcoholic cardiomyopathy,Rate,2020,0.39474946491005425,0.7048802827259031,0.05709069684844771
YLLs (Years of Life Lost),Federated States of Micronesia,Both,All ages,Alcoholic cardiomyopathy,Rate,2020,2.0786916636308654,4.300520842351513,0.2933797244237034
YLLs (Years of Life Lost),Taiwan (Province of China),Both,All ages,Cirrhosis due to alcohol,Rate,2020,159.10558899313875,213.96624536399636,112.47241870607526
YLLs (Years of Life Lost),Turkmenistan,Both,All ages,Alcoholic cardiomyopathy,Rate,2020,20.92031094307213,37.44562219387556,10.87976620772835
YLLs (Years of Life Lost),Canada,Both,All ages,Alcohol use disorders,Rate,2020,122.74281144266133,127.68756843790224,117.558540572469
YLLs (Years of Life Lost),Bermuda,Both,All ages,Alcoholic cardiomyopathy,Rate,2000,18.525857859624814,21.31072021092347,16.208473061111317
YLLs (Years of Life Lost),Taiwan (Province of China),Both,All ages,Alcohol use disorders,Rate,2020,62.45216221588959,66.51766855650447,58.65635565882726
YLLs (Years of Life Lost),Canada,Both,All ages,Alcoholic cardiomyopathy,Rate,2020,26.631562096448512,29.339920306245016,24.219921126093322
YLLs (Years of Life Lost),Cook Islands,Both,All ages,Alcohol use disorders,Rate,2000,82.36906008443238,107.80395293446502,57.51054485149354
YLLs (Years of Life Lost),Cook Islands,Both,All ages,Alcoholic cardiomyopathy,Rate,2000,0.01821234256969784,0.03137013641969982,0.0009614738018187346
YLLs (Years of Life Lost),Uzbekistan,Both,All ages,Cirrhosis due to alcohol,Rate,2020,307.9836411781488,401.0976478991392,229.83463164125348
YLLs (Years of Life Lost),Greenland,Both,All ages,Cirrhosis due to alcohol,Rate,2000,89.66933963401678,126.99235349046762,58.64602990434662
YLLs (Years of Life Lost),United States of America,Both,All ages,Cirrhosis due to alcohol,Rate,2020,188.01843857987456,212.26626051870687,162.70447286345595
YLLs (Years of Life Lost),Bolivarian Republic of Venezuela,Both,All ages,Liver cancer due to alcohol use,Rate,2020,18.4727204057019,26.484914432830912,13.010587582345748
YLLs (Years of Life Lost),Andorra,Both,All ages,Alcoholic cardiomyopathy,Rate,2020,30.827902519733637,50.52884065261797,11.35244804914354
YLLs (Years of Life Lost),Papua New Guinea,Both,All ages,Alcohol use disorders,Rate,2020,33.006046371046644,54.601657432516454,16.168340437628853
YLLs (Years of Life Lost),Republic of Niue,Both,All ages,Liver cancer due to alcohol use,Rate,2020,26.1328032009172,47.119760634232726,14.406540950067807
YLLs (Years of Life Lost),Australia,Both,All ages,Liver cancer due to alcohol use,Rate,2020,75.80628725240663,94.35615928275509,58.17983825649328
YLLs (Years of Life Lost),Australia,Both,All ages,Alcohol use disorders,Rate,2020,54.14866371564752,56.71282965657243,51.12692853795735
YLLs (Years of Life Lost),Bolivarian Republic of Venezuela,Both,All ages,Alcoholic cardiomyopathy,Rate,2020,12.60533715687896,16.249976761698317,9.304580236383863
YLLs (Years of Life Lost),Brazil,Both,All ages,Alcoholic cardiomyopathy,Rate,2020,18.993009820290293,20.18762574957493,17.972956198955455
YLLs (Years of Life Lost),Principality of Monaco,Both,All ages,Alcohol use disorders,Rate,2000,13.351916130813693,18.281899473522945,8.234208213581157
YLLs (Years of Life Lost),Taiwan (Province of China),Both,All ages,Liver cancer due to alcohol use,Rate,2000,20.547096874842982,28.359112988335372,14.397912505827122
YLLs (Years of Life Lost),Antigua and Barbuda,Both,All ages,Liver cancer due to alcohol use,Rate,2020,27.05151473497134,34.7977755493829,20.078378432653356
YLLs (Years of Life Lost),Antigua and Barbuda,Both,All ages,Alcohol use disorders,Rate,2020,299.26603255422674,337.0850912933761,264.5971167987758
YLLs (Years of Life Lost),Republic of Nauru,Both,All ages,Cirrhosis due to alcohol,Rate,2000,118.73154862513952,199.22495336177937,55.99130816841699
YLLs (Years of Life Lost),Republic of Cabo Verde,Both,All ages,Alcoholic cardiomyopathy,Rate,2020,0.27680481252231265,0.7181547451163064,0.03840815581478906
YLLs (Years of Life Lost),Syrian Arab Republic,Both,All ages,Alcoholic cardiomyopathy,Rate,2020,2.0660187060193764,4.210729964598737,0.48682145117714914
YLLs (Years of Life Lost),China,Both,All ages,Alcoholic cardiomyopathy,Rate,2020,4.3984367769384,6.834952710261722,0.7268489043166917
YLLs (Years of Life Lost),Northern Mariana Islands,Both,All ages,Liver cancer due to alcohol use,Rate,2000,6.8529406767021115,10.608131547416535,4.302977976085567
YLLs (Years of Life Lost),Ecuador,Both,All ages,Cirrhosis due to alcohol,Rate,2020,184.0730510260246,242.88988931156263,132.6624455162323
YLLs (Years of Life Lost),Republic of Palau,Both,All ages,Alcohol use disorders,Rate,2000,41.90343994514392,57.01720843004211,26.903960141805978
YLLs (Years of Life Lost),Republic of Palau,Both,All ages,Alcoholic cardiomyopathy,Rate,2000,1.3220854404178894,2.533425415306074,0.14485528001016995
YLLs (Years of Life Lost),Samoa,Both,All ages,Cirrhosis due to alcohol,Rate,2020,56.39902731506968,85.45120638567911,33.10060074509056
YLLs (Years of Life Lost),Turkmenistan,Both,All ages,Liver cancer due to alcohol use,Rate,2020,31.32721356988175,45.604917466134545,20.259658682325487
YLLs (Years of Life Lost),Puerto Rico,Both,All ages,Cirrhosis due to alcohol,Rate,2000,291.4130473343583,347.20145634147445,233.62399097500938
YLLs (Years of Life Lost),Congo,Both,All ages,Liver cancer due to alcohol use,Rate,2020,18.033034855188557,37.25859984599368,8.648959829297604
YLLs (Years of Life Lost),Mozambique,Both,All ages,Alcoholic cardiomyopathy,Rate,2020,0.027730062091495592,0.1634373088061877,0.005962779910169871
YLLs (Years of Life Lost),Indonesia,Both,All ages,Liver cancer due to alcohol use,Rate,2020,17.253298576787216,27.606605557205928,11.059283669885748
YLLs (Years of Life Lost),Bosnia and Herzegovina,Both,All ages,Liver cancer due to alcohol use,Rate,2020,99.55385668715586,132.23679638210686,70.79106678763725
YLLs (Years of Life Lost),Slovenia,Both,All ages,Alcoholic cardiomyopathy,Rate,2020,69.50120111317842,84.8862420293307,56.08250041713056
YLLs (Years of Life Lost),Indonesia,Both,All ages,Alcoholic cardiomyopathy,Rate,2020,1.7937789351316669,3.3296608924539313,0.2632553787973475
YLLs (Years of Life Lost),Saudi Arabia,Both,All ages,Cirrhosis due to alcohol,Rate,2020,18.523143135711695,29.41949619584449,10.127804808458798
YLLs (Years of Life Lost),Iraq,Both,All ages,Alcohol use disorders,Rate,2010,0.1422164172995553,0.1889764774565068,0.08756898902394761
YLLs (Years of Life Lost),Lao People's Democratic Republic,Both,All ages,Alcohol use disorders,Rate,2020,27.96087739678531,40.352562940873106,17.65961243378061
YLLs (Years of Life Lost),Tonga,Both,All ages,Liver cancer due to alcohol use,Rate,2020,52.32097615412433,86.28945716485285,29.974877620572016
YLLs (Years of Life Lost),Mongolia,Both,All ages,Alcoholic cardiomyopathy,Rate,2020,147.95692929999504,227.39755993387718,53.62691826929712
YLLs (Years of Life Lost),Commonwealth of the Bahamas,Both,All ages,Cirrhosis due to alcohol,Rate,2020,212.8532443774465,279.8762013178867,156.9975313973296
YLLs (Years of Life Lost),Bosnia and Herzegovina,Both,All ages,Alcoholic cardiomyopathy,Rate,2020,93.33622464180412,176.59579939947645,17.221561231294046
YLLs (Years of Life Lost),Dominican Republic,Both,All ages,Cirrhosis due to alcohol,Rate,2010,215.13541846635226,299.0725428220156,144.3403070454692
YLLs (Years of Life Lost),Malaysia,Both,All ages,Cirrhosis due to alcohol,Rate,2020,95.2183355445821,133.9900758371495,64.17625176159903
YLLs (Years of Life Lost),Bulgaria,Both,All ages,Alcohol use disorders,Rate,2020,75.19741400380315,82.23613502414963,68.17302577835919
YLLs (Years of Life Lost),Slovakia,Both,All ages,Alcohol use disorders,Rate,2020,115.876006627346,147.17670914495582,79.02039149407705
YLLs (Years of Life Lost),Vanuatu,Both,All ages,Liver cancer due to alcohol use,Rate,2020,8.02535015855226,13.50685628291592,4.30047312299068
YLLs (Years of Life Lost),Vanuatu,Both,All ages,Alcohol use disorders,Rate,2020,34.512617233940006,48.90756081471745,20.648128145667325
YLLs (Years of Life Lost),Rwanda,Both,All ages,Alcoholic cardiomyopathy,Rate,2020,0.026283312513943866,0.18305327444531488,0.004125004602052397
YLLs (Years of Life Lost),Algeria,Both,All ages,Alcohol use disorders,Rate,2020,5.019134906227116,6.820731353452196,2.3202610716200978
YLLs (Years of Life Lost),Greenland,Both,All ages,Alcoholic cardiomyopathy,Rate,2010,44.92027781877884,71.44197089569776,6.622669840654931
YLLs (Years of Life Lost),Vanuatu,Both,All ages,Alcoholic cardiomyopathy,Rate,2020,1.4380674279045678,2.956924288469917,0.25732171466807136
YLLs (Years of Life Lost),Marshall Islands,Both,All ages,Alcoholic cardiomyopathy,Rate,2020,1.7417324267924692,3.6173068819670755,0.22725571340091189
YLLs (Years of Life Lost),Commonwealth of the Bahamas,Both,All ages,Alcoholic cardiomyopathy,Rate,2020,142.28450608860695,177.24590304048846,113.20446062279615
YLLs (Years of Life Lost),Croatia,Both,All ages,Cirrhosis due to alcohol,Rate,2020,293.4648164855814,352.0180116986012,236.33233020863833
YLLs (Years of Life Lost),Trinidad and Tobago,Both,All ages,Alcohol use disorders,Rate,2020,77.90094681096207,98.99311026141733,61.321785531126125
YLLs (Years of Life Lost),Guam,Both,All ages,Cirrhosis due to alcohol,Rate,2010,97.13970888548457,140.04124568882588,65.20512539913578
YLLs (Years of Life Lost),Ukraine,Both,All ages,Alcohol use disorders,Rate,2010,648.6180924838643,672.8479461111731,626.7848681538549
YLLs (Years of Life Lost),Austria,Both,All ages,Cirrhosis due to alcohol,Rate,2020,203.16167619816804,237.68476943747575,164.63355473550035
YLLs (Years of Life Lost),Chad,Both,All ages,Liver cancer due to alcohol use,Rate,2020,22.892554105456856,40.67576262481394,12.117575898987209
YLLs (Years of Life Lost),Hungary,Both,All ages,Liver cancer due to alcohol use,Rate,2020,35.26932646661565,45.66223514774948,26.275915684295285
YLLs (Years of Life Lost),American Samoa,Both,All ages,Alcoholic cardiomyopathy,Rate,2020,4.3583503027636326,10.555687870165736,1.4306948938485777
YLLs (Years of Life Lost),Principality of Monaco,Both,All ages,Liver cancer due to alcohol use,Rate,2010,131.45416810806347,198.48244867003163,86.57776776943555
YLLs (Years of Life Lost),Guam,Both,All ages,Alcohol use disorders,Rate,2010,23.569239208270712,27.947270106179282,16.611236843265665
YLLs (Years of Life Lost),Principality of Monaco,Both,All ages,Alcoholic cardiomyopathy,Rate,2010,96.66700694889587,136.35439201034913,44.51136715119041
YLLs (Years of Life Lost),Republic of Nauru,Both,All ages,Alcohol use disorders,Rate,2010,53.11470495203636,90.4406036540436,24.376516233070816
YLLs (Years of Life Lost),Belarus,Both,All ages,Liver cancer due to alcohol use,Rate,2020,45.35486923916294,59.96459133263227,32.692598774082356
YLLs (Years of Life Lost),Belarus,Both,All ages,Alcohol use disorders,Rate,2020,883.8642095266594,995.7681364472699,783.7231063127396
YLLs (Years of Life Lost),Democratic Republic of the Congo,Both,All ages,Liver cancer due to alcohol use,Rate,2020,5.422332849702262,12.743760995219825,2.110593122568719
YLLs (Years of Life Lost),Malta,Both,All ages,Alcohol use disorders,Rate,2020,17.942444849700063,19.861436056772,16.037777599742117
YLLs (Years of Life Lost),Guam,Both,All ages,Alcoholic cardiomyopathy,Rate,2010,4.261336306877137,6.701207356328879,0.7875880879642
YLLs (Years of Life Lost),North Macedonia,Both,All ages,Alcohol use disorders,Rate,2020,45.377923138970104,61.86104058389228,29.187978845485357
YLLs (Years of Life Lost),Congo,Both,All ages,Alcohol use disorders,Rate,2020,59.80611459783886,85.6800073586485,35.10837320040298
YLLs (Years of Life Lost),Myanmar,Both,All ages,Liver cancer due to alcohol use,Rate,2020,13.14556352513585,29.854748951908633,6.359229965292008
YLLs (Years of Life Lost),Egypt,Both,All ages,Liver cancer due to alcohol use,Rate,2020,27.940772256698075,43.97619223461077,17.181021691984785
YLLs (Years of Life Lost),Antigua and Barbuda,Both,All ages,Alcoholic cardiomyopathy,Rate,2020,33.175995645394465,40.11976738174823,27.60562442056415
YLLs (Years of Life Lost),North Macedonia,Both,All ages,Alcoholic cardiomyopathy,Rate,2020,88.49886283453299,192.99509666834885,17.364143362289646
YLLs (Years of Life Lost),Seychelles,Both,All ages,Alcohol use disorders,Rate,2020,23.611404968142107,29.165640735497618,17.982669167541747
YLLs (Years of Life Lost),Republic of Nauru,Both,All ages,Alcohol use disorders,Rate,2020,47.24956340461428,79.5425471327129,22.243415845002666
YLLs (Years of Life Lost),Azerbaijan,Both,All ages,Liver cancer due to alcohol use,Rate,2020,61.2963347592621,99.61933122421758,32.88775260247958
YLLs (Years of Life Lost),New Zealand,Both,All ages,Alcoholic cardiomyopathy,Rate,2020,45.470024089424854,49.73531666757234,41.4672224969208
YLLs (Years of Life Lost),Montenegro,Both,All ages,Cirrhosis due to alcohol,Rate,2020,145.86156079824988,191.68020817391871,108.73406346842943
YLLs (Years of Life Lost),Republic of Nauru,Both,All ages,Alcoholic cardiomyopathy,Rate,2020,1.8526354423427969,3.393652658656268,0.26465634156287293
YLLs (Years of Life Lost),American Samoa,Both,All ages,Cirrhosis due to alcohol,Rate,2020,65.42649245622978,95.93288907234923,42.93577356811079
YLLs (Years of Life Lost),Republic of Cabo Verde,Both,All ages,Cirrhosis due to alcohol,Rate,2020,120.2584274994836,179.6734674294967,73.44239578969768
YLLs (Years of Life Lost),Andorra,Both,All ages,Liver cancer due to alcohol use,Rate,2010,112.94624061157958,164.31837406015478,76.47778369263935
YLLs (Years of Life Lost),Democratic Republic of the Congo,Both,All ages,Alcohol use disorders,Rate,2020,41.96948447723555,58.37627161448856,28.124190122884517
YLLs (Years of Life Lost),Iraq,Both,All ages,Alcoholic cardiomyopathy,Rate,2010,0.13393741865492398,0.23995424707194374,0.012913987509861091
YLLs (Years of Life Lost),Philippines,Both,All ages,Liver cancer due to alcohol use,Rate,2020,33.19491652909851,40.05816733151919,27.55195118197495
YLLs (Years of Life Lost),Philippines,Both,All ages,Alcohol use disorders,Rate,2020,20.291512391827883,23.718054024037492,15.265079727532346
YLLs (Years of Life Lost),Philippines,Both,All ages,Alcoholic cardiomyopathy,Rate,2020,2.4246918063181164,4.545016534413945,0.47686157561980114
YLLs (Years of Life Lost),Ecuador,Both,All ages,Alcoholic cardiomyopathy,Rate,2010,0.1674384981259595,0.2077160734400682,0.13690709127793826
YLLs (Years of Life Lost),Georgia,Both,All ages,Alcohol use disorders,Rate,2020,54.81570521171105,62.836605649395146,47.629531736212286
YLLs (Years of Life Lost),United Republic of Tanzania,Both,All ages,Alcohol use disorders,Rate,2010,35.23427964020928,51.44756046484422,24.286984735274302
YLLs (Years of Life Lost),Georgia,Both,All ages,Alcoholic cardiomyopathy,Rate,2020,17.50773828160348,22.60247700461122,13.426920635472873
YLLs (Years of Life Lost),Republic of Nauru,Both,All ages,Liver cancer due to alcohol use,Rate,2010,12.665710993687386,21.39891374784928,7.111833216629881
YLLs (Years of Life Lost),Kazakhstan,Both,All ages,Cirrhosis due to alcohol,Rate,2020,464.6186352381254,595.7276257021745,351.418836251834
YLLs (Years of Life Lost),Uganda,Both,All ages,Cirrhosis due to alcohol,Rate,2010,80.40363703570962,124.93717253959174,49.09440122897956
YLLs (Years of Life Lost),Kiribati,Both,All ages,Cirrhosis due to alcohol,Rate,2020,92.04380566229419,144.78114740641877,51.65964967756055
YLLs (Years of Life Lost),Sri Lanka,Both,All ages,Cirrhosis due to alcohol,Rate,2020,103.73091370671189,170.40645084264833,59.6544258176725
YLLs (Years of Life Lost),Netherlands,Both,All ages,Liver cancer due to alcohol use,Rate,2020,45.974973946499524,57.458467366264806,36.31119074997774
YLLs (Years of Life Lost),Republic of Nauru,Both,All ages,Alcoholic cardiomyopathy,Rate,2010,2.4287523209561095,4.58072645485671,0.34029170127758823
YLLs (Years of Life Lost),Sri Lanka,Both,All ages,Alcohol use disorders,Rate,2020,33.922811093257025,58.40313239445862,18.942641315597466
YLLs (Years of Life Lost),Democratic People's Republic of Korea,Both,All ages,Cirrhosis due to alcohol,Rate,2020,72.16963967308429,125.96972603388164,36.75101138531539
YLLs (Years of Life Lost),Latvia,Both,All ages,Liver cancer due to alcohol use,Rate,2020,64.10317345312986,80.16561440263493,50.74541054051993
YLLs (Years of Life Lost),Thailand,Both,All ages,Cirrhosis due to alcohol,Rate,2020,251.4077850752051,354.04552839701495,166.50592240256603
YLLs (Years of Life Lost),Australia,Both,All ages,Alcoholic cardiomyopathy,Rate,2020,34.65921774868507,37.69715661795402,31.722003878114894
YLLs (Years of Life Lost),Botswana,Both,All ages,Alcohol use disorders,Rate,2010,34.8654685826946,48.46531809736453,20.463100706361164
YLLs (Years of Life Lost),Paraguay,Both,All ages,Cirrhosis due to alcohol,Rate,2020,115.31723182532218,151.39050504349964,81.58573935713511
YLLs (Years of Life Lost),Bahrain,Both,All ages,Cirrhosis due to alcohol,Rate,2020,12.229438770753356,18.93159312918099,7.133681159700671
YLLs (Years of Life Lost),Botswana,Both,All ages,Alcoholic cardiomyopathy,Rate,2010,0.09259600162298337,0.301804007170752,0.018743366698438544
YLLs (Years of Life Lost),Lesotho,Both,All ages,Cirrhosis due to alcohol,Rate,2010,180.30200061298837,265.0159144263384,115.28003369936361
YLLs (Years of Life Lost),Ukraine,Both,All ages,Alcoholic cardiomyopathy,Rate,2010,729.4376689844638,764.3163926774649,692.3411300980104
YLLs (Years of Life Lost),Namibia,Both,All ages,Cirrhosis due to alcohol,Rate,2010,117.71366544834815,177.91704687794896,73.60323571976636
YLLs (Years of Life Lost),Socialist Republic of Viet Nam,Both,All ages,Liver cancer due to alcohol use,Rate,2020,99.3487810151042,157.11270595520955,59.73183251973561
YLLs (Years of Life Lost),Serbia,Both,All ages,Liver cancer due to alcohol use,Rate,2020,70.34889629594582,97.00155476355157,47.84655378742761
YLLs (Years of Life Lost),Kingdom of Eswatini,Both,All ages,Liver cancer due to alcohol use,Rate,2010,79.44391997744796,197.25073743597517,23.725718264130364
YLLs (Years of Life Lost),Taiwan (Province of China),Both,All ages,Alcoholic cardiomyopathy,Rate,2020,12.691891062660602,14.252163381886525,11.212940403293326
YLLs (Years of Life Lost),Cambodia,Both,All ages,Cirrhosis due to alcohol,Rate,2010,257.0048807375325,368.6620158009931,166.3489150294487
YLLs (Years of Life Lost),Taiwan (Province of China),Both,All ages,Liver cancer due to alcohol use,Rate,1990,14.081626700746979,20.22169142842506,9.590434312435429
YLLs (Years of Life Lost),Norway,Both,All ages,Cirrhosis due to alcohol,Rate,2010,67.1284291522992,74.26737890950743,60.321479909617665
YLLs (Years of Life Lost),China,Both,All ages,Cirrhosis due to alcohol,Rate,2010,24.346963000457247,30.01179882319685,20.00786841215465
YLLs (Years of Life Lost),Turkey,Both,All ages,Alcohol use disorders,Rate,2010,9.115270484871859,11.367173226381402,6.991149148075698
YLLs (Years of Life Lost),Chad,Both,All ages,Alcohol use disorders,Rate,2020,31.001385633003867,42.91247716608071,19.678098632367664
YLLs (Years of Life Lost),Zimbabwe,Both,All ages,Alcohol use disorders,Rate,2010,10.843384974646764,16.27923043656096,7.3922633002074045
YLLs (Years of Life Lost),Zimbabwe,Both,All ages,Alcoholic cardiomyopathy,Rate,2010,0.6208396591860649,2.7064380515863684,0.10275957563674958
YLLs (Years of Life Lost),Belarus,Both,All ages,Alcoholic cardiomyopathy,Rate,2020,335.8335922834584,397.2029479857913,284.79668523624275
YLLs (Years of Life Lost),Cameroon,Both,All ages,Liver cancer due to alcohol use,Rate,2010,31.66272380710646,58.02562639855825,17.987173848044435
YLLs (Years of Life Lost),Cameroon,Both,All ages,Alcoholic cardiomyopathy,Rate,2010,1.2770208647674868,2.8633162750037533,0.13458948339928617
YLLs (Years of Life Lost),Republic of Cabo Verde,Both,All ages,Alcohol use disorders,Rate,2010,32.92459785233984,44.155841868707235,22.680650321882098
YLLs (Years of Life Lost),Haiti,Both,All ages,Liver cancer due to alcohol use,Rate,2010,5.335158309842016,10.322639669791506,2.660779945320053
YLLs (Years of Life Lost),Belize,Both,All ages,Liver cancer due to alcohol use,Rate,2020,12.616288908688038,16.617690189483305,9.290045604014706
YLLs (Years of Life Lost),Chad,Both,All ages,Cirrhosis due to alcohol,Rate,2010,115.53115946058418,171.8920058545002,71.29530595072185
YLLs (Years of Life Lost),Barbados,Both,All ages,Alcohol use disorders,Rate,2020,78.34951642988665,98.91951361018242,61.297884242837114
YLLs (Years of Life Lost),Barbados,Both,All ages,Liver cancer due to alcohol use,Rate,2010,23.60862404015145,29.566089631516657,17.473158275580477
YLLs (Years of Life Lost),Bahrain,Both,All ages,Liver cancer due to alcohol use,Rate,2010,3.7737572522254745,5.518392246515078,2.356338466495604
YLLs (Years of Life Lost),Tunisia,Both,All ages,Alcohol use disorders,Rate,2020,5.3777462425654985,7.5893858396576475,2.418717896182773
YLLs (Years of Life Lost),Uzbekistan,Both,All ages,Alcohol use disorders,Rate,2020,26.66227417521494,30.639143778232686,23.009725947946805
YLLs (Years of Life Lost),Commonwealth of the Bahamas,Both,All ages,Alcohol use disorders,Rate,2020,184.45329814978902,233.94641651584453,145.18845875274934
YLLs (Years of Life Lost),Seychelles,Both,All ages,Cirrhosis due to alcohol,Rate,2020,209.07030399004694,293.65097197954714,140.25884600612414
YLLs (Years of Life Lost),Democratic Republic of the Congo,Both,All ages,Alcoholic cardiomyopathy,Rate,2020,0.05424445434671214,0.3248341639004555,0.008253392095556164
YLLs (Years of Life Lost),Denmark,Both,All ages,Liver cancer due to alcohol use,Rate,2020,47.62839538554773,60.38100754316362,35.36882879466738
YLLs (Years of Life Lost),Jordan,Both,All ages,Cirrhosis due to alcohol,Rate,2010,5.684964290065553,8.313573299556484,3.548893126572253
YLLs (Years of Life Lost),Malta,Both,All ages,Alcoholic cardiomyopathy,Rate,2020,8.412811511977676,9.883739945541166,7.088097761566229
YLLs (Years of Life Lost),Northern Mariana Islands,Both,All ages,Alcohol use disorders,Rate,2020,91.46723399281582,127.38218427579555,60.478883983159704
YLLs (Years of Life Lost),Rwanda,Both,All ages,Cirrhosis due to alcohol,Rate,2020,123.31008359885779,199.79148353839824,72.81328322305404
YLLs (Years of Life Lost),Republic of the Gambia,Both,All ages,Liver cancer due to alcohol use,Rate,2010,69.6465282512351,107.98968593072966,42.62201030681448
YLLs (Years of Life Lost),Seychelles,Both,All ages,Alcoholic cardiomyopathy,Rate,2020,2.0019143121275063,3.8370233284345114,0.270815884894709
YLLs (Years of Life Lost),American Samoa,Both,All ages,Alcohol use disorders,Rate,2020,46.60830157413581,60.97479780611063,32.483219711841116
YLLs (Years of Life Lost),Slovakia,Both,All ages,Alcoholic cardiomyopathy,Rate,2020,64.25992991717705,95.76608735380564,12.405760461985395
YLLs (Years of Life Lost),Turkey,Both,All ages,Liver cancer due to alcohol use,Rate,2020,11.422277329739822,16.547614821249002,7.408291134221517
YLLs (Years of Life Lost),Tajikistan,Both,All ages,Alcohol use disorders,Rate,2020,94.28859283880452,150.19900446795802,59.47707389120696
YLLs (Years of Life Lost),Republic of Côte d'Ivoire,Both,All ages,Liver cancer due to alcohol use,Rate,2020,10.334213325446171,16.892995282471126,5.81911090515535
YLLs (Years of Life Lost),Bermuda,Both,All ages,Liver cancer due to alcohol use,Rate,2010,22.593992745522616,28.780265247958607,17.43335176615947
YLLs (Years of Life Lost),Uzbekistan,Both,All ages,Liver cancer due to alcohol use,Rate,2010,15.95673206058492,23.23328696714178,10.780601426280484
YLLs (Years of Life Lost),Sudan,Both,All ages,Alcohol use disorders,Rate,2010,6.0241569067715215,8.87472775096851,3.1783616706946285
YLLs (Years of Life Lost),Republic of Niue,Both,All ages,Cirrhosis due to alcohol,Rate,2020,101.85452764278772,154.8343632524838,58.90394542223046
YLLs (Years of Life Lost),Libya,Both,All ages,Liver cancer due to alcohol use,Rate,2010,7.979914530297873,11.877152245568958,5.058163189656375
YLLs (Years of Life Lost),Islamic Republic of Iran,Both,All ages,Liver cancer due to alcohol use,Rate,2020,4.541684244680593,5.627593227560406,3.574440916024394
YLLs (Years of Life Lost),Libya,Both,All ages,Alcoholic cardiomyopathy,Rate,2010,0.9465903106936224,1.8945962900687017,0.2240200892914833
YLLs (Years of Life Lost),Latvia,Both,All ages,Alcoholic cardiomyopathy,Rate,2020,709.9479977853154,807.1448446817154,611.964976716944
YLLs (Years of Life Lost),New Zealand,Both,All ages,Alcohol use disorders,Rate,2020,32.504431410119636,34.40635790299307,30.51708826960248
YLLs (Years of Life Lost),Papua New Guinea,Both,All ages,Liver cancer due to alcohol use,Rate,2020,4.451679186759979,12.461379428105475,1.7531209277907611
YLLs (Years of Life Lost),Morocco,Both,All ages,Alcohol use disorders,Rate,2010,6.1380084142578335,8.48198468337451,3.133085793321348
YLLs (Years of Life Lost),Congo,Both,All ages,Alcoholic cardiomyopathy,Rate,2020,0.056281175569233836,0.32313884219691297,0.010251529958898773
YLLs (Years of Life Lost),Palestine,Both,All ages,Cirrhosis due to alcohol,Rate,2010,8.006111639947726,11.849609485862306,5.0461811127001415
YLLs (Years of Life Lost),Republic of Côte d'Ivoire,Both,All ages,Alcohol use disorders,Rate,2020,45.524450642938,63.761295579373154,28.39099658117284
YLLs (Years of Life Lost),Colombia,Both,All ages,Liver cancer due to alcohol use,Rate,2020,15.501156415167571,20.128054948804444,11.578269007392333
YLLs (Years of Life Lost),Colombia,Both,All ages,Alcohol use disorders,Rate,2020,6.610506836684546,7.193071963651203,6.036074250124038
YLLs (Years of Life Lost),Algeria,Both,All ages,Liver cancer due to alcohol use,Rate,2020,3.370908327557376,5.168480566956933,2.0157715754815713
YLLs (Years of Life Lost),Cook Islands,Both,All ages,Liver cancer due to alcohol use,Rate,2020,89.58118663889468,136.5269822119654,57.3524125022205
YLLs (Years of Life Lost),Ecuador,Both,All ages,Liver cancer due to alcohol use,Rate,2020,14.115366623851363,19.52707076362232,10.113002485017352
YLLs (Years of Life Lost),Chad,Both,All ages,Alcoholic cardiomyopathy,Rate,2020,0.820316304492737,2.283686886082004,0.09377364564516388
YLLs (Years of Life Lost),Norway,Both,All ages,Alcohol use disorders,Rate,2020,87.70825734600302,91.36966222611153,83.77137233424746
YLLs (Years of Life Lost),Qatar,Both,All ages,Liver cancer due to alcohol use,Rate,2010,7.65086117617764,11.678109255103136,4.584717084939621
YLLs (Years of Life Lost),Federated States of Micronesia,Both,All ages,Alcohol use disorders,Rate,2020,47.74694581643035,74.26246239901718,26.47059740718965
YLLs (Years of Life Lost),Estonia,Both,All ages,Cirrhosis due to alcohol,Rate,2020,346.6193603166276,412.8534149651462,280.25592768977555
YLLs (Years of Life Lost),Saudi Arabia,Both,All ages,Liver cancer due to alcohol use,Rate,2010,3.1485004253679714,4.937362687392121,1.9432649865627758
YLLs (Years of Life Lost),Saudi Arabia,Both,All ages,Alcohol use disorders,Rate,2010,0.544501050475521,0.6482505451198404,0.45469499864589497
YLLs (Years of Life Lost),Japan,Both,All ages,Liver cancer due to alcohol use,Rate,2010,61.03293409931143,71.40459242044226,52.9919007649163
YLLs (Years of Life Lost),Republic of Niue,Both,All ages,Alcohol use disorders,Rate,2020,42.472547067583804,60.70076614520706,24.05534593884896
YLLs (Years of Life Lost),Andorra,Both,All ages,Cirrhosis due to alcohol,Rate,2020,151.69556610870606,212.50388557049362,96.34210131037217
YLLs (Years of Life Lost),Haiti,Both,All ages,Alcoholic cardiomyopathy,Rate,2010,34.54093832412678,68.30581788653558,10.903787922211485
YLLs (Years of Life Lost),Saudi Arabia,Both,All ages,Alcoholic cardiomyopathy,Rate,2010,1.246341678432476,1.9824353131434338,0.26836236504823846
YLLs (Years of Life Lost),Equatorial Guinea,Both,All ages,Cirrhosis due to alcohol,Rate,2020,67.08225460910322,115.14085563592867,35.030722060779986
YLLs (Years of Life Lost),Somalia,Both,All ages,Cirrhosis due to alcohol,Rate,2020,122.6526077166521,198.83844249647774,66.1839920603032
YLLs (Years of Life Lost),Barbados,Both,All ages,Cirrhosis due to alcohol,Rate,2020,142.8289844969107,186.06706669958507,102.55711611262943
YLLs (Years of Life Lost),Cuba,Both,All ages,Alcohol use disorders,Rate,2020,193.02070418852873,207.39875123760135,179.23993801016184
YLLs (Years of Life Lost),Belize,Both,All ages,Cirrhosis due to alcohol,Rate,2020,185.52982489479442,229.99584900919908,142.2922490112915
YLLs (Years of Life Lost),Turkey,Both,All ages,Cirrhosis due to alcohol,Rate,2020,9.745249686484687,15.673187178304493,5.6997182216377205
YLLs (Years of Life Lost),Slovenia,Both,All ages,Cirrhosis due to alcohol,Rate,2020,220.90019969005087,265.4856763491845,177.08393151806845
YLLs (Years of Life Lost),Federated States of Micronesia,Both,All ages,Cirrhosis due to alcohol,Rate,2010,87.96977654090395,135.46813247591186,51.98379606951578
YLLs (Years of Life Lost),Lithuania,Both,All ages,Liver cancer due to alcohol use,Rate,2010,48.733725440604,60.954228358874204,38.02064194337696
YLLs (Years of Life Lost),Northern Mariana Islands,Both,All ages,Liver cancer due to alcohol use,Rate,2010,15.776893574669776,25.222211375581974,9.965949618494855
YLLs (Years of Life Lost),Cambodia,Both,All ages,Cirrhosis due to alcohol,Rate,2000,249.01019765439358,368.2795429895025,156.8525726085745
YLLs (Years of Life Lost),Uzbekistan,Both,All ages,Alcoholic cardiomyopathy,Rate,2020,0.1326332650730815,0.1762818626365126,0.09730926936954377
YLLs (Years of Life Lost),Denmark,Both,All ages,Alcoholic cardiomyopathy,Rate,2020,18.510936919085296,21.170898196919236,16.215588626435213
YLLs (Years of Life Lost),Jamaica,Both,All ages,Alcohol use disorders,Rate,2010,10.963927174005054,11.928793505348546,10.189062994661601
YLLs (Years of Life Lost),Netherlands,Both,All ages,Cirrhosis due to alcohol,Rate,2020,71.76255538205645,83.89058317546348,59.18975798553117
YLLs (Years of Life Lost),Republic of Côte d'Ivoire,Both,All ages,Alcoholic cardiomyopathy,Rate,2020,1.14431338652121,2.511311774324129,0.12711738021407643
YLLs (Years of Life Lost),Iraq,Both,All ages,Alcohol use disorders,Rate,2020,0.12685106892892717,0.1828487326582031,0.07271261650044725
YLLs (Years of Life Lost),Bermuda,Both,All ages,Alcohol use disorders,Rate,2020,56.892433672157324,67.2342971173136,48.32542673302777
YLLs (Years of Life Lost),Syrian Arab Republic,Both,All ages,Cirrhosis due to alcohol,Rate,2010,9.100787748420586,13.800715034145869,5.504337554707215
YLLs (Years of Life Lost),Somalia,Both,All ages,Alcohol use disorders,Rate,2020,32.719258631856576,54.32466209417084,20.58490827611248
YLLs (Years of Life Lost),Bermuda,Both,All ages,Cirrhosis due to alcohol,Rate,2020,127.24352044805185,161.02433686713474,97.96594810132356
YLLs (Years of Life Lost),United Republic of Tanzania,Both,All ages,Liver cancer due to alcohol use,Rate,2020,12.453785134441782,19.751589068623662,7.391682943681417
YLLs (Years of Life Lost),Turkmenistan,Both,All ages,Cirrhosis due to alcohol,Rate,2020,690.0715766271935,911.9464866183891,492.30552021760553
YLLs (Years of Life Lost),Jamaica,Both,All ages,Alcoholic cardiomyopathy,Rate,2010,28.507006370396137,32.15201605862621,24.691769591253227
YLLs (Years of Life Lost),Syrian Arab Republic,Both,All ages,Alcohol use disorders,Rate,2010,6.368423782366906,8.395443470397607,4.804309238922695
YLLs (Years of Life Lost),Republic of the Gambia,Both,All ages,Alcohol use disorders,Rate,2020,40.04251401871993,55.55938785722968,26.482329620858785
YLLs (Years of Life Lost),Belgium,Both,All ages,Liver cancer due to alcohol use,Rate,2020,62.174774974469905,78.48455299093781,47.72371149202792
YLLs (Years of Life Lost),Saint Lucia,Both,All ages,Cirrhosis due to alcohol,Rate,2010,157.6292999985178,188.58509538122343,127.2277518772659
YLLs (Years of Life Lost),Republic of Palau,Both,All ages,Liver cancer due to alcohol use,Rate,2020,44.606336788554984,71.90060855958713,25.650311271322217
YLLs (Years of Life Lost),Lithuania,Both,All ages,Alcohol use disorders,Rate,2020,349.6228596952842,377.95653387194324,320.51155988892407
YLLs (Years of Life Lost),Papua New Guinea,Both,All ages,Alcoholic cardiomyopathy,Rate,2020,1.526501677956919,3.4287647652373408,0.2160139300309241
YLLs (Years of Life Lost),Egypt,Both,All ages,Alcoholic cardiomyopathy,Rate,2020,0.02291541845696993,0.05032394459972255,0.007201070871335141
YLLs (Years of Life Lost),Austria,Both,All ages,Liver cancer due to alcohol use,Rate,2020,117.0248463429289,138.17212368839347,95.73619767639843
YLLs (Years of Life Lost),Colombia,Both,All ages,Alcoholic cardiomyopathy,Rate,2020,2.492748936735768,2.865483518254208,2.1635033092879508
YLLs (Years of Life Lost),Tunisia,Both,All ages,Cirrhosis due to alcohol,Rate,2010,17.433002622497074,28.30022964014146,9.935572921349836
YLLs (Years of Life Lost),Gabon,Both,All ages,Liver cancer due to alcohol use,Rate,2010,27.295669417435768,50.22771878454633,13.534782865290952
YLLs (Years of Life Lost),Algeria,Both,All ages,Alcoholic cardiomyopathy,Rate,2020,1.330366196604603,2.8082139338571404,0.31889163189080444
YLLs (Years of Life Lost),Trinidad and Tobago,Both,All ages,Liver cancer due to alcohol use,Rate,2010,17.45506019747422,22.31758926073441,13.22145231437478
YLLs (Years of Life Lost),Greenland,Both,All ages,Alcohol use disorders,Rate,2020,608.228698380258,764.8702954136223,481.6679614252672
YLLs (Years of Life Lost),Republic of the Gambia,Both,All ages,Cirrhosis due to alcohol,Rate,2020,74.90969722259655,113.34219184135068,46.470121914799336
YLLs (Years of Life Lost),Republic of Côte d'Ivoire,Both,All ages,Cirrhosis due to alcohol,Rate,2020,95.8592922044918,141.9464715394723,61.534416293971496
YLLs (Years of Life Lost),Kyrgyzstan,Both,All ages,Alcoholic cardiomyopathy,Rate,2020,255.86114254393843,300.3540569552901,221.3149507414659
YLLs (Years of Life Lost),Fiji,Both,All ages,Liver cancer due to alcohol use,Rate,2020,13.858622932902366,22.130605099427974,8.029724508617003
YLLs (Years of Life Lost),Lao People's Democratic Republic,Both,All ages,Liver cancer due to alcohol use,Rate,2020,32.49122841317513,49.747250222453005,19.64984932783686
YLLs (Years of Life Lost),Norway,Both,All ages,Alcoholic cardiomyopathy,Rate,2020,8.703937681441694,9.646133221840387,7.862162177510763
YLLs (Years of Life Lost),Mongolia,Both,All ages,Alcohol use disorders,Rate,2020,845.9940958502077,1071.2415946850938,602.3615475912586
YLLs (Years of Life Lost),Kiribati,Both,All ages,Liver cancer due to alcohol use,Rate,2020,10.452896941489364,17.468479331341438,6.298850242658699
YLLs (Years of Life Lost),Kiribati,Both,All ages,Alcohol use disorders,Rate,2020,18.478839302320182,25.34142636063547,11.736629145090143
YLLs (Years of Life Lost),Tajikistan,Both,All ages,Cirrhosis due to alcohol,Rate,2020,175.31687962897522,236.5229579871605,119.72781163628947
YLLs (Years of Life Lost),Papua New Guinea,Both,All ages,Cirrhosis due to alcohol,Rate,2020,30.20450919618531,45.94434590628729,18.384607321388586
YLLs (Years of Life Lost),Kiribati,Both,All ages,Alcoholic cardiomyopathy,Rate,2020,3.7206624335297738,6.947198761834778,0.8770338155825765
YLLs (Years of Life Lost),Republic of Korea,Both,All ages,Alcohol use disorders,Rate,2010,70.00668622591276,84.99535548172956,63.3099635841844
YLLs (Years of Life Lost),Marshall Islands,Both,All ages,Cirrhosis due to alcohol,Rate,2020,110.14398340743607,177.63495110495015,57.669520475879416
YLLs (Years of Life Lost),Republic of Niue,Both,All ages,Alcoholic cardiomyopathy,Rate,2020,1.9677786278575016,3.6256869191678307,0.2768914075039337
YLLs (Years of Life Lost),Marshall Islands,Both,All ages,Alcohol use disorders,Rate,2020,50.720664292084976,80.28919392334286,26.051300696192673
YLLs (Years of Life Lost),Trinidad and Tobago,Both,All ages,Alcoholic cardiomyopathy,Rate,2010,32.37683548041254,36.27122508446674,28.64884097884096
YLLs (Years of Life Lost),Republic of Korea,Both,All ages,Alcoholic cardiomyopathy,Rate,2010,0.6237614369894521,1.3500521389125917,0.07314536471601488
YLLs (Years of Life Lost),Uzbekistan,Both,All ages,Liver cancer due to alcohol use,Rate,2020,23.327594533627288,35.362268878750086,15.303460909389058
YLLs (Years of Life Lost),Estonia,Both,All ages,Alcohol use disorders,Rate,2020,419.22984955279844,449.53364093219454,383.85981813866067
YLLs (Years of Life Lost),Federated States of Micronesia,Both,All ages,Cirrhosis due to alcohol,Rate,2020,100.20673497946851,159.77604576689419,58.0630109273609
YLLs (Years of Life Lost),Equatorial Guinea,Both,All ages,Liver cancer due to alcohol use,Rate,2020,9.212692905952482,17.11772633889984,5.040632405881958
YLLs (Years of Life Lost),Equatorial Guinea,Both,All ages,Alcohol use disorders,Rate,2020,35.747196965110014,56.67859439345379,17.127211608844235
YLLs (Years of Life Lost),Cambodia,Both,All ages,Liver cancer due to alcohol use,Rate,2020,32.48409977572101,67.32698187453443,15.20491327803433
YLLs (Years of Life Lost),Cambodia,Both,All ages,Alcohol use disorders,Rate,2020,32.83303390877697,46.630797061793764,21.892683776094422
YLLs (Years of Life Lost),Uganda,Both,All ages,Liver cancer due to alcohol use,Rate,2020,19.852708892979162,28.914628388397915,12.506830883032569
YLLs (Years of Life Lost),Albania,Both,All ages,Cirrhosis due to alcohol,Rate,2020,101.33725204422946,136.51916718228276,71.92749831719162
YLLs (Years of Life Lost),Samoa,Both,All ages,Liver cancer due to alcohol use,Rate,2020,11.307589275025483,18.063925699865933,6.766322877731453
YLLs (Years of Life Lost),Singapore,Both,All ages,Cirrhosis due to alcohol,Rate,2010,13.821417231271502,18.670966064709447,9.409418990599667
YLLs (Years of Life Lost),Solomon Islands,Both,All ages,Alcohol use disorders,Rate,2020,45.477860888075405,70.60446363900756,23.058341571901
YLLs (Years of Life Lost),Cuba,Both,All ages,Liver cancer due to alcohol use,Rate,2020,19.76474826394632,25.533594177367355,14.898420655520102
YLLs (Years of Life Lost),Solomon Islands,Both,All ages,Alcoholic cardiomyopathy,Rate,2020,1.137117992762425,2.439032916153904,0.1752578332234091
YLLs (Years of Life Lost),Democratic Republic of the Congo,Both,All ages,Cirrhosis due to alcohol,Rate,2020,129.5600940084598,202.4629496374265,72.30702108758317
YLLs (Years of Life Lost),Tonga,Both,All ages,Cirrhosis due to alcohol,Rate,2020,86.39991821013997,131.6340086196633,51.48582303966232
YLLs (Years of Life Lost),Iraq,Both,All ages,Alcoholic cardiomyopathy,Rate,2020,0.11677882053155472,0.22582738017000756,0.009683491634255977
YLLs (Years of Life Lost),Croatia,Both,All ages,Liver cancer due to alcohol use,Rate,2020,64.65130632413857,81.54263945275531,48.85687696084913
YLLs (Years of Life Lost),Dominica,Both,All ages,Liver cancer due to alcohol use,Rate,2020,36.23536939170261,50.842114624141395,23.82746962179375
YLLs (Years of Life Lost),Croatia,Both,All ages,Alcoholic cardiomyopathy,Rate,2020,149.55453886820175,176.81013409455954,123.40625368258657
YLLs (Years of Life Lost),Czech Republic,Both,All ages,Alcohol use disorders,Rate,2020,138.18482296720904,151.2143996798799,124.93938301433741
YLLs (Years of Life Lost),Yemen,Both,All ages,Liver cancer due to alcohol use,Rate,2020,1.6221438479220225,3.029370048944048,0.8135542166489069
YLLs (Years of Life Lost),Czech Republic,Both,All ages,Alcoholic cardiomyopathy,Rate,2020,25.684279686612893,31.694794133410152,20.04922062784923
YLLs (Years of Life Lost),Turkey,Both,All ages,Alcoholic cardiomyopathy,Rate,2020,0.399491489088547,0.7961863286074423,0.06855935242647593
YLLs (Years of Life Lost),Hungary,Both,All ages,Cirrhosis due to alcohol,Rate,2020,479.3991222201874,570.7945880188087,395.83629620927684
YLLs (Years of Life Lost),Cuba,Both,All ages,Alcoholic cardiomyopathy,Rate,2020,145.15756663558946,157.34266700647316,132.698441103851
YLLs (Years of Life Lost),Armenia,Both,All ages,Alcohol use disorders,Rate,2020,37.271584551336765,40.756365970267986,33.54020785291534
YLLs (Years of Life Lost),Estonia,Both,All ages,Liver cancer due to alcohol use,Rate,2020,71.51333268849335,90.96678797530613,55.18580749983629
YLLs (Years of Life Lost),Armenia,Both,All ages,Alcoholic cardiomyopathy,Rate,2020,63.456621766406215,79.94828724460828,50.27123188681664
YLLs (Years of Life Lost),Azerbaijan,Both,All ages,Cirrhosis due to alcohol,Rate,2020,281.2924968460321,366.31921563186575,198.99314886104355
YLLs (Years of Life Lost),Poland,Both,All ages,Liver cancer due to alcohol use,Rate,2020,34.169965556815434,37.974177154838806,30.50898017986765
YLLs (Years of Life Lost),Poland,Both,All ages,Alcoholic cardiomyopathy,Rate,2020,131.83645488244775,149.63953656558252,114.15820318146824
YLLs (Years of Life Lost),Burundi,Both,All ages,Liver cancer due to alcohol use,Rate,2020,6.071965544782824,12.782603569730576,3.2292294151489362
YLLs (Years of Life Lost),Romania,Both,All ages,Alcohol use disorders,Rate,2020,106.35753109832255,114.29003015656215,97.0655384234212
YLLs (Years of Life Lost),Finland,Both,All ages,Alcohol use disorders,Rate,2020,262.7295397237577,277.64884581163454,248.00236904411688
YLLs (Years of Life Lost),Kyrgyzstan,Both,All ages,Liver cancer due to alcohol use,Rate,2020,16.807136600165943,23.287026752657088,11.300832422783625
YLLs (Years of Life Lost),Kyrgyzstan,Both,All ages,Alcohol use disorders,Rate,2020,201.94994333466593,234.82419468980018,174.24803369733178
YLLs (Years of Life Lost),Plurinational State of Bolivia,Both,All ages,Cirrhosis due to alcohol,Rate,2010,287.69188367079505,403.50898715726964,187.83868113227052
YLLs (Years of Life Lost),Serbia,Both,All ages,Cirrhosis due to alcohol,Rate,2020,197.37024149994883,253.3058293336908,147.91165855723747
YLLs (Years of Life Lost),Bulgaria,Both,All ages,Liver cancer due to alcohol use,Rate,2020,76.9965122020086,103.97138469210559,56.19914858866318
YLLs (Years of Life Lost),New Zealand,Both,All ages,Liver cancer due to alcohol use,Rate,2010,48.60809081975359,55.054546705279535,42.64560501741552
YLLs (Years of Life Lost),Spain,Both,All ages,Liver cancer due to alcohol use,Rate,2020,71.29787924930808,95.11497735790101,51.16754507334206
YLLs (Years of Life Lost),Greenland,Both,All ages,Liver cancer due to alcohol use,Rate,2020,81.78395974115186,111.09853568133897,57.46730604295891
YLLs (Years of Life Lost),Cambodia,Both,All ages,Cirrhosis due to alcohol,Rate,1990,252.87971745504234,394.2781525122645,155.9233423260628
YLLs (Years of Life Lost),United Republic of Tanzania,Both,All ages,Cirrhosis due to alcohol,Rate,2020,85.96033439604827,133.20623305983472,52.54825694242235
YLLs (Years of Life Lost),New Zealand,Both,All ages,Alcoholic cardiomyopathy,Rate,2010,42.39404710987024,45.2976620218179,39.59792906444356
YLLs (Years of Life Lost),Northern Mariana Islands,Both,All ages,Alcoholic cardiomyopathy,Rate,2020,5.241507976283358,14.987591636966634,1.5773770952535453
YLLs (Years of Life Lost),Sudan,Both,All ages,Alcoholic cardiomyopathy,Rate,1990,1.6717177154042713,3.3630978115931436,0.3529397126834458
YLLs (Years of Life Lost),United Republic of Tanzania,Both,All ages,Alcoholic cardiomyopathy,Rate,2020,0.02887316454625818,0.22058078958059235,0.004356288493294304
YLLs (Years of Life Lost),Peru,Both,All ages,Alcohol use disorders,Rate,2020,28.984061508804114,50.52428168190457,21.52291353638131
YLLs (Years of Life Lost),Northern Mariana Islands,Both,All ages,Cirrhosis due to alcohol,Rate,2020,142.29632837119428,220.06051109902188,85.91413148220963
YLLs (Years of Life Lost),Republic of the Gambia,Both,All ages,Alcoholic cardiomyopathy,Rate,2020,1.003144502672474,2.413693909685064,0.12672972782410075
YLLs (Years of Life Lost),Jordan,Both,All ages,Cirrhosis due to alcohol,Rate,2020,5.262955268462125,8.258205786845572,3.087801617026918
YLLs (Years of Life Lost),Republic of Moldova,Both,All ages,Cirrhosis due to alcohol,Rate,2020,1009.8337988740576,1199.087837518988,800.289623976147
YLLs (Years of Life Lost),Samoa,Both,All ages,Alcohol use disorders,Rate,2020,32.98670587047693,45.388515088164716,18.001477905353177
YLLs (Years of Life Lost),Zambia,Both,All ages,Alcohol use disorders,Rate,2020,38.858245236760894,57.16239783140031,23.495581649748928
YLLs (Years of Life Lost),Guinea-Bissau,Both,All ages,Liver cancer due to alcohol use,Rate,2020,39.34149008302741,61.28933419724235,21.713749573994864
YLLs (Years of Life Lost),Estonia,Both,All ages,Alcoholic cardiomyopathy,Rate,2020,198.34643046595795,223.51555343214625,174.1731000597456
YLLs (Years of Life Lost),Costa Rica,Both,All ages,Alcohol use disorders,Rate,2020,50.09833800086866,54.1886582125661,46.214729874773276
YLLs (Years of Life Lost),Islamic Republic of Iran,Both,All ages,Alcohol use disorders,Rate,2020,7.623937404544668,8.770597217895943,5.528967006111255
YLLs (Years of Life Lost),Belgium,Both,All ages,Alcohol use disorders,Rate,2020,112.5447925696102,118.95637379724805,106.16199946862604
YLLs (Years of Life Lost),Burundi,Both,All ages,Alcoholic cardiomyopathy,Rate,2020,0.028643532998020034,0.19309332729412468,0.0033779632598441877
YLLs (Years of Life Lost),Cook Islands,Both,All ages,Cirrhosis due to alcohol,Rate,2020,15.169225223911093,23.35494848129333,9.546443200567172
YLLs (Years of Life Lost),Cyprus,Both,All ages,Liver cancer due to alcohol use,Rate,2020,36.918164995117024,53.70578761473159,24.95469191213597
YLLs (Years of Life Lost),Cyprus,Both,All ages,Alcohol use disorders,Rate,2020,21.17683286173106,28.17415716500088,15.13971035428806
YLLs (Years of Life Lost),Dominica,Both,All ages,Alcohol use disorders,Rate,2020,182.97407098287485,230.43415710665025,119.75771911460726
YLLs (Years of Life Lost),Bahrain,Both,All ages,Alcohol use disorders,Rate,2020,5.36629399968198,8.77740381406616,3.856255294512845
YLLs (Years of Life Lost),Greenland,Both,All ages,Alcoholic cardiomyopathy,Rate,2020,42.374818616931655,72.26460328951784,6.102462509209478
YLLs (Years of Life Lost),Portugal,Both,All ages,Cirrhosis due to alcohol,Rate,2020,185.8430443807417,216.94147833617657,151.9295401124443
YLLs (Years of Life Lost),Lao People's Democratic Republic,Both,All ages,Alcoholic cardiomyopathy,Rate,2020,1.5188310935778737,2.8165753576507253,0.28187299429162177
YLLs (Years of Life Lost),Togo,Both,All ages,Cirrhosis due to alcohol,Rate,2020,95.29499159548726,148.60224288446724,56.268979026950134
YLLs (Years of Life Lost),Angola,Both,All ages,Liver cancer due to alcohol use,Rate,2020,16.715963472636084,44.64685827822608,3.5371421098059646
YLLs (Years of Life Lost),Guam,Both,All ages,Alcohol use disorders,Rate,2020,11.784234750350494,22.885406633547085,9.134568479265425
YLLs (Years of Life Lost),Guinea,Both,All ages,Liver cancer due to alcohol use,Rate,2020,36.91916472140371,60.549843019775835,21.597664718343193
YLLs (Years of Life Lost),China,Both,All ages,Cirrhosis due to alcohol,Rate,2020,27.3426284504513,36.919025281301735,19.78606471646108
YLLs (Years of Life Lost),Solomon Islands,Both,All ages,Liver cancer due to alcohol use,Rate,2020,9.558276555130803,16.266717682569105,5.301098791345646
YLLs (Years of Life Lost),Equatorial Guinea,Both,All ages,Alcoholic cardiomyopathy,Rate,2020,0.032201934909410854,0.19739763765764426,0.005223483691503955
YLLs (Years of Life Lost),Tunisia,Both,All ages,Liver cancer due to alcohol use,Rate,2020,7.652819418936745,12.127877921177609,4.257659477362589
YLLs (Years of Life Lost),Latvia,Both,All ages,Cirrhosis due to alcohol,Rate,2020,327.3207545852246,388.9409766921676,266.25417242205214
YLLs (Years of Life Lost),Cambodia,Both,All ages,Alcoholic cardiomyopathy,Rate,2020,1.3049836033236057,2.6281778533117475,0.22958360678516182
YLLs (Years of Life Lost),Dominican Republic,Both,All ages,Liver cancer due to alcohol use,Rate,2020,14.646393990523206,20.26046610662548,10.075880301899739
YLLs (Years of Life Lost),Dominican Republic,Both,All ages,Alcohol use disorders,Rate,2020,42.02013482351481,56.32313258149371,28.78540734648263
YLLs (Years of Life Lost),Bermuda,Both,All ages,Liver cancer due to alcohol use,Rate,2020,26.876664394392698,34.59142181356849,19.94543303365256
YLLs (Years of Life Lost),United Arab Emirates,Both,All ages,Alcohol use disorders,Rate,2020,8.78258079977768,11.427316335601114,5.896718952194786
YLLs (Years of Life Lost),Bermuda,Both,All ages,Alcoholic cardiomyopathy,Rate,2020,82.19690655528939,100.17432013661764,68.96398843001448
YLLs (Years of Life Lost),Dominican Republic,Both,All ages,Alcoholic cardiomyopathy,Rate,2020,22.731130682465693,35.77815395443866,4.660391022977259
YLLs (Years of Life Lost),Cook Islands,Both,All ages,Alcohol use disorders,Rate,2020,76.07940151519811,105.76515402820503,52.788770267899366
YLLs (Years of Life Lost),Dominica,Both,All ages,Cirrhosis due to alcohol,Rate,2020,176.8427872422054,232.75690946251282,128.69067199764933
YLLs (Years of Life Lost),Grenada,Both,All ages,Cirrhosis due to alcohol,Rate,2020,209.2234092657248,256.92177384716825,165.30999194596805
YLLs (Years of Life Lost),Cook Islands,Both,All ages,Alcoholic cardiomyopathy,Rate,2020,0.009257526578305194,0.01954947752326374,0.0010060274162075544
YLLs (Years of Life Lost),Grenada,Both,All ages,Alcohol use disorders,Rate,2020,107.38581983047351,124.7942829479215,93.08606882108535
YLLs (Years of Life Lost),Guyana,Both,All ages,Cirrhosis due to alcohol,Rate,2020,422.0658720990458,576.1429887778357,293.2374493503986
YLLs (Years of Life Lost),Afghanistan,Both,All ages,Cirrhosis due to alcohol,Rate,2020,12.574070665501106,22.019853874265912,6.186193753701042
YLLs (Years of Life Lost),Burundi,Both,All ages,Alcohol use disorders,Rate,2020,38.05940627129617,58.981605504508444,24.46299191690767
YLLs (Years of Life Lost),Greenland,Both,All ages,Cirrhosis due to alcohol,Rate,2020,109.71138747847537,161.0203739546796,67.95674038941326
YLLs (Years of Life Lost),Jamaica,Both,All ages,Liver cancer due to alcohol use,Rate,2020,12.573298291238245,18.21661619696427,8.526994652991169
YLLs (Years of Life Lost),France,Both,All ages,Cirrhosis due to alcohol,Rate,2020,154.94004318379547,182.30373153210184,127.04498693856102
YLLs (Years of Life Lost),Saint Lucia,Both,All ages,Alcohol use disorders,Rate,2020,192.52135740085652,228.52179476367928,159.4536499723244
YLLs (Years of Life Lost),Saint Lucia,Both,All ages,Alcoholic cardiomyopathy,Rate,2020,194.21170705281722,232.01233664034834,157.6980441992582
YLLs (Years of Life Lost),Zambia,Both,All ages,Alcoholic cardiomyopathy,Rate,2020,0.06078740886291791,0.499063042484608,0.00500522287283746
YLLs (Years of Life Lost),Saint Vincent and the Grenadines,Both,All ages,Cirrhosis due to alcohol,Rate,2020,234.10292114926443,290.0849021078651,183.7350982117588
YLLs (Years of Life Lost),Bulgaria,Both,All ages,Alcoholic cardiomyopathy,Rate,2020,15.8598704229176,19.651863225161748,12.817225616715827
YLLs (Years of Life Lost),Saint Kitts and Nevis,Both,All ages,Liver cancer due to alcohol use,Rate,2020,32.904290226368325,43.368253223257426,22.309479131455365
YLLs (Years of Life Lost),Spain,Both,All ages,Alcoholic cardiomyopathy,Rate,2020,13.105870330896625,15.20801639920461,11.218735555249484
YLLs (Years of Life Lost),Latvia,Both,All ages,Alcohol use disorders,Rate,2020,392.150311032722,421.9497528330721,357.05938711011794
YLLs (Years of Life Lost),Guinea-Bissau,Both,All ages,Alcoholic cardiomyopathy,Rate,2020,1.0347731719317486,2.527609233129075,0.14779714712674455
YLLs (Years of Life Lost),Comoros,Both,All ages,Alcohol use disorders,Rate,2020,42.917265321560905,68.11217472966663,26.67313462245959
YLLs (Years of Life Lost),Zambia,Both,All ages,Liver cancer due to alcohol use,Rate,2020,10.463112444440247,28.669447193969262,3.9758656333885036
YLLs (Years of Life Lost),Libya,Both,All ages,Liver cancer due to alcohol use,Rate,2020,12.014742514686754,19.10936500799525,7.5993203914909415
YLLs (Years of Life Lost),Republic of Palau,Both,All ages,Cirrhosis due to alcohol,Rate,2020,126.63785205685592,203.64336350944444,71.66171635523409
YLLs (Years of Life Lost),Lithuania,Both,All ages,Cirrhosis due to alcohol,Rate,2020,376.6110913678524,453.2810097950241,301.56925846107094
YLLs (Years of Life Lost),Barbados,Both,All ages,Liver cancer due to alcohol use,Rate,2020,34.735931984323884,46.75348612118537,25.02154862908016
YLLs (Years of Life Lost),Cameroon,Both,All ages,Liver cancer due to alcohol use,Rate,2020,30.001778287631566,55.09229698349301,15.651397411395363
YLLs (Years of Life Lost),Dominica,Both,All ages,Alcoholic cardiomyopathy,Rate,2020,39.75766628721732,73.49394081614706,7.850980392551383
YLLs (Years of Life Lost),Cameroon,Both,All ages,Alcoholic cardiomyopathy,Rate,2020,0.9735419287740156,2.4449657790889807,0.10885959577425562
YLLs (Years of Life Lost),Cyprus,Both,All ages,Alcoholic cardiomyopathy,Rate,2020,9.639414445171306,18.68842206746853,2.437215671746387
YLLs (Years of Life Lost),Uganda,Both,All ages,Alcohol use disorders,Rate,2020,34.68420774962392,50.60793059983644,23.17992856121262
YLLs (Years of Life Lost),Republic of Cabo Verde,Both,All ages,Alcohol use disorders,Rate,2020,39.517486520475046,58.37986593163623,25.73387845445205
YLLs (Years of Life Lost),Chad,Both,All ages,Cirrhosis due to alcohol,Rate,2020,102.30759607471865,163.86539093274936,60.81449347225141
YLLs (Years of Life Lost),Principality of Monaco,Both,All ages,Alcohol use disorders,Rate,2020,13.388755157271246,17.695942289714875,7.150849530712508
YLLs (Years of Life Lost),Peru,Both,All ages,Alcoholic cardiomyopathy,Rate,2020,0.0638667213424439,0.11809726808018076,0.012463258866263151
YLLs (Years of Life Lost),Ghana,Both,All ages,Cirrhosis due to alcohol,Rate,2020,89.6027528901748,133.39984171170406,54.03369757623343
YLLs (Years of Life Lost),Comoros,Both,All ages,Alcoholic cardiomyopathy,Rate,2020,0.03095814989297146,0.23202354729762545,0.005057824969097971
YLLs (Years of Life Lost),Guam,Both,All ages,Alcoholic cardiomyopathy,Rate,2020,4.08705679483507,7.989327657688592,0.8859989310069746
YLLs (Years of Life Lost),Republic of the Gambia,Both,All ages,Liver cancer due to alcohol use,Rate,2020,76.1231629361551,128.82868904312838,43.57261481817977
YLLs (Years of Life Lost),Ghana,Both,All ages,Liver cancer due to alcohol use,Rate,2020,21.044465196764694,34.140940391574894,12.488873222347825
YLLs (Years of Life Lost),Ghana,Both,All ages,Alcohol use disorders,Rate,2020,42.496882405070615,57.836869448947475,28.56984754267218
YLLs (Years of Life Lost),Ghana,Both,All ages,Alcoholic cardiomyopathy,Rate,2020,4.873219272578776,11.928790198869017,0.7767724343736554
YLLs (Years of Life Lost),Guinea,Both,All ages,Cirrhosis due to alcohol,Rate,2020,83.81884240804929,127.76726119296804,50.994201666769676
YLLs (Years of Life Lost),Guinea,Both,All ages,Alcohol use disorders,Rate,2020,30.741029933815184,43.10386611460528,20.008227072335774
YLLs (Years of Life Lost),Liberia,Both,All ages,Liver cancer due to alcohol use,Rate,2020,40.24077352386667,66.47114651019933,22.98694613230245
YLLs (Years of Life Lost),Liberia,Both,All ages,Alcoholic cardiomyopathy,Rate,2020,0.9652256800922242,2.3964518955673086,0.10229846128615534
YLLs (Years of Life Lost),Guinea-Bissau,Both,All ages,Cirrhosis due to alcohol,Rate,2020,117.00178712066398,181.45463656449402,69.04046032788332
YLLs (Years of Life Lost),Albania,Both,All ages,Liver cancer due to alcohol use,Rate,2020,103.72499641176535,159.9935245354023,61.72636449217071
YLLs (Years of Life Lost),Albania,Both,All ages,Alcohol use disorders,Rate,2020,16.8829077856955,23.997761929023735,11.080903661332389
YLLs (Years of Life Lost),Mali,Both,All ages,Alcohol use disorders,Rate,2020,25.78982338929958,40.633728966351626,15.89240598999733
YLLs (Years of Life Lost),Mali,Both,All ages,Liver cancer due to alcohol use,Rate,2020,44.58554350347142,69.38754295659001,27.64289950186707
YLLs (Years of Life Lost),Mali,Both,All ages,Alcoholic cardiomyopathy,Rate,2020,0.5178909149798628,1.5236816830724416,0.060944822880781305
YLLs (Years of Life Lost),Samoa,Both,All ages,Alcoholic cardiomyopathy,Rate,2020,1.3679767808061276,2.6006292786243916,0.21638562946697518
YLLs (Years of Life Lost),Mauritania,Both,All ages,Cirrhosis due to alcohol,Rate,2020,56.198962157668575,91.24358427390564,30.675296512805858
YLLs (Years of Life Lost),Puerto Rico,Both,All ages,Liver cancer due to alcohol use,Rate,2020,44.35332098810397,56.946521257025566,33.4857536988954
YLLs (Years of Life Lost),Puerto Rico,Both,All ages,Alcohol use disorders,Rate,2020,122.3170270681283,131.3435540461432,113.47718413898443
YLLs (Years of Life Lost),Mauritania,Both,All ages,Alcohol use disorders,Rate,2020,21.673191124167662,35.16309044262566,11.462169400629328
YLLs (Years of Life Lost),Mauritania,Both,All ages,Alcoholic cardiomyopathy,Rate,2020,0.6987125692584418,2.023685523213355,0.07391506453928277
YLLs (Years of Life Lost),Niger,Both,All ages,Cirrhosis due to alcohol,Rate,2020,70.43782834107465,135.75984778596867,37.42132071435873
YLLs (Years of Life Lost),Dominican Republic,Both,All ages,Cirrhosis due to alcohol,Rate,2020,273.6779948025401,384.9090002856504,158.1680213329024
YLLs (Years of Life Lost),Ukraine,Both,All ages,Liver cancer due to alcohol use,Rate,2020,20.80856351211709,26.507877824500575,16.083069076323042
YLLs (Years of Life Lost),El Salvador,Both,All ages,Cirrhosis due to alcohol,Rate,2020,245.45690499537383,320.20885734256905,177.19594306284225
YLLs (Years of Life Lost),Sao Tome and Principe,Both,All ages,Liver cancer due to alcohol use,Rate,2020,6.958274879549681,12.961545464878165,3.813736077208378
YLLs (Years of Life Lost),Sao Tome and Principe,Both,All ages,Alcoholic cardiomyopathy,Rate,2020,0.996537510189431,2.701696865432374,0.10233147139248297
YLLs (Years of Life Lost),Senegal,Both,All ages,Liver cancer due to alcohol use,Rate,2020,18.233090183130564,27.804078291785007,11.511921522128837
YLLs (Years of Life Lost),Senegal,Both,All ages,Alcohol use disorders,Rate,2020,32.71493999457412,50.58518387259402,18.771812821958086
YLLs (Years of Life Lost),Senegal,Both,All ages,Alcoholic cardiomyopathy,Rate,2020,0.9723679674485218,2.9879975132912233,0.11723433248734674
YLLs (Years of Life Lost),Islamic Republic of Iran,Both,All ages,Alcoholic cardiomyopathy,Rate,2020,1.2930422846037268,2.5769967867154846,0.22077755474787264
YLLs (Years of Life Lost),Sierra Leone,Both,All ages,Alcohol use disorders,Rate,2020,34.053441910066255,47.8491239550908,21.560704744314048
YLLs (Years of Life Lost),Libya,Both,All ages,Alcoholic cardiomyopathy,Rate,2020,1.2203892316941272,2.413076507472257,0.3368195211902873
YLLs (Years of Life Lost),Guam,Both,All ages,Liver cancer due to alcohol use,Rate,2020,26.813574289942153,40.75987019544444,17.922338177161123
YLLs (Years of Life Lost),Saint Kitts and Nevis,Both,All ages,Alcoholic cardiomyopathy,Rate,2020,78.14879915516944,102.69746484478195,60.406557084631956
YLLs (Years of Life Lost),Sierra Leone,Both,All ages,Cirrhosis due to alcohol,Rate,2020,81.28224192118496,126.60167753114668,49.725981663477924
YLLs (Years of Life Lost),Liberia,Both,All ages,Alcohol use disorders,Rate,2020,39.89640884593351,59.167630206893485,23.445226019233747
YLLs (Years of Life Lost),Egypt,Both,All ages,Cirrhosis due to alcohol,Rate,2020,34.11561613385805,51.86760960255558,19.77558452933396
YLLs (Years of Life Lost),Djibouti,Both,All ages,Cirrhosis due to alcohol,Rate,2020,116.05220223163384,185.95198572324296,64.22735446371638
YLLs (Years of Life Lost),Belgium,Both,All ages,Alcoholic cardiomyopathy,Rate,2020,20.22408727834727,22.472581160812577,18.002729721775225
YLLs (Years of Life Lost),Malaysia,Both,All ages,Alcohol use disorders,Rate,2020,17.918568094437592,27.294042253363557,11.604923674812891
YLLs (Years of Life Lost),Russian Federation,Both,All ages,Liver cancer due to alcohol use,Rate,2020,39.66296698351023,44.3306259503045,35.35756021031241
YLLs (Years of Life Lost),Morocco,Both,All ages,Alcohol use disorders,Rate,2020,5.436766318454402,7.822619548334758,2.8804337275513845
YLLs (Years of Life Lost),Guam,Both,All ages,Cirrhosis due to alcohol,Rate,2020,112.43425106986125,160.30017464740948,75.74446213065617
YLLs (Years of Life Lost),Ukraine,Both,All ages,Alcohol use disorders,Rate,2020,477.4335238233768,585.9107542133825,386.1893336886507
YLLs (Years of Life Lost),Gabon,Both,All ages,Cirrhosis due to alcohol,Rate,2020,167.93867777494467,258.40161724519993,102.95148759769117
YLLs (Years of Life Lost),Namibia,Both,All ages,Liver cancer due to alcohol use,Rate,2020,11.887126203366895,17.65872049242927,7.597595169684698
YLLs (Years of Life Lost),Guinea,Both,All ages,Alcoholic cardiomyopathy,Rate,2020,0.8783571715393821,2.404618134521227,0.10250523661568418
YLLs (Years of Life Lost),Gabon,Both,All ages,Alcohol use disorders,Rate,2020,54.39733930927388,77.08930572988923,31.064201410469085
YLLs (Years of Life Lost),Indonesia,Both,All ages,Cirrhosis due to alcohol,Rate,2000,175.54137463287307,224.4450471639266,137.09199273730786
YLLs (Years of Life Lost),Palestine,Both,All ages,Cirrhosis due to alcohol,Rate,2020,7.091252299974742,10.847211270123042,4.127091811025727
YLLs (Years of Life Lost),Switzerland,Both,All ages,Liver cancer due to alcohol use,Rate,2020,61.741761839946086,76.84615426671681,47.05681964248489
YLLs (Years of Life Lost),Ukraine,Both,All ages,Alcoholic cardiomyopathy,Rate,2020,698.995458476639,859.8002079692399,571.8901073282802
YLLs (Years of Life Lost),Tonga,Both,All ages,Alcohol use disorders,Rate,2020,27.724880281644968,40.88886504807365,13.499234082525765
YLLs (Years of Life Lost),Comoros,Both,All ages,Liver cancer due to alcohol use,Rate,2020,12.384663184729611,20.8747054833066,6.584509139619212
YLLs (Years of Life Lost),Somalia,Both,All ages,Liver cancer due to alcohol use,Rate,2020,11.206829877948746,22.156596287002543,4.51686697454302
YLLs (Years of Life Lost),Djibouti,Both,All ages,Alcohol use disorders,Rate,2020,50.360573326624404,84.71692345777358,26.789789872550664
YLLs (Years of Life Lost),Republic of Moldova,Both,All ages,Liver cancer due to alcohol use,Rate,2020,45.95441187511999,56.718917068774125,36.32791625213163
YLLs (Years of Life Lost),Denmark,Both,All ages,Cirrhosis due to alcohol,Rate,2020,157.94242856865168,186.81857477310413,129.98297201263696
YLLs (Years of Life Lost),Djibouti,Both,All ages,Alcoholic cardiomyopathy,Rate,2020,0.03574733435772506,0.2515870482007557,0.006194849685443941
YLLs (Years of Life Lost),Republic of San Marino,Both,All ages,Alcohol use disorders,Rate,2020,9.954258465019683,15.03006322316173,5.144414686315711
YLLs (Years of Life Lost),Eritrea,Both,All ages,Cirrhosis due to alcohol,Rate,2020,140.8912302014266,211.70716139316477,84.49611981884085
YLLs (Years of Life Lost),Bhutan,Both,All ages,Liver cancer due to alcohol use,Rate,2020,18.782924829711973,28.738443817037115,10.979516811757223
YLLs (Years of Life Lost),Indonesia,Both,All ages,Alcohol use disorders,Rate,2020,4.783275811806977,6.511092327292494,2.701626954313807
YLLs (Years of Life Lost),Russian Federation,Both,All ages,Alcohol use disorders,Rate,2020,594.4099785073591,614.8093027545674,572.6782109180267
YLLs (Years of Life Lost),Russian Federation,Both,All ages,Alcoholic cardiomyopathy,Rate,2020,733.9837533600897,789.3829965241671,678.9386972902699
YLLs (Years of Life Lost),Greece,Both,All ages,Liver cancer due to alcohol use,Rate,2020,55.262014749649744,72.14494762807564,40.93296802234036
YLLs (Years of Life Lost),Madagascar,Both,All ages,Liver cancer due to alcohol use,Rate,2020,5.773817092089273,10.515891439358432,2.8636073314020476
YLLs (Years of Life Lost),Ukraine,Both,All ages,Cirrhosis due to alcohol,Rate,2020,540.5278456293561,677.3793966594073,435.19707539992015
YLLs (Years of Life Lost),United Arab Emirates,Both,All ages,Alcoholic cardiomyopathy,Rate,2020,1.1201447253053427,2.9798834901003306,0.27620211381596915
YLLs (Years of Life Lost),Mali,Both,All ages,Cirrhosis due to alcohol,Rate,2020,66.08659812142592,102.26957409491878,40.36603833142112
YLLs (Years of Life Lost),Madagascar,Both,All ages,Alcoholic cardiomyopathy,Rate,2020,0.0564281575290928,0.3926614589711598,0.008761671749929093
YLLs (Years of Life Lost),Haiti,Both,All ages,Liver cancer due to alcohol use,Rate,2020,5.774823176947688,11.621129583144368,2.8303223905570896
YLLs (Years of Life Lost),Croatia,Both,All ages,Alcohol use disorders,Rate,2020,151.818188006065,169.9110098048721,135.19330061697
YLLs (Years of Life Lost),Malawi,Both,All ages,Alcohol use disorders,Rate,2020,41.29140783928393,58.29491040006547,26.90697654312313
YLLs (Years of Life Lost),Kenya,Both,All ages,Liver cancer due to alcohol use,Rate,2020,12.73933168368236,18.123076204311875,9.392893558027462
YLLs (Years of Life Lost),Denmark,Both,All ages,Alcohol use disorders,Rate,2020,292.654389513739,308.2266284234866,277.01572392404944
YLLs (Years of Life Lost),Sweden,Both,All ages,Alcohol use disorders,Rate,2020,99.46787872660958,104.52672153774196,94.65034587824829
YLLs (Years of Life Lost),Comoros,Both,All ages,Cirrhosis due to alcohol,Rate,2020,107.90166779690006,164.2871514324997,65.32315875663964
YLLs (Years of Life Lost),Mauritius,Both,All ages,Cirrhosis due to alcohol,Rate,2020,139.97643539872453,185.34155098536718,100.19902992553112
YLLs (Years of Life Lost),Brunei Darussalam,Both,All ages,Liver cancer due to alcohol use,Rate,2020,15.52903253772867,24.293302827184327,10.109421291694316
YLLs (Years of Life Lost),Brunei Darussalam,Both,All ages,Alcoholic cardiomyopathy,Rate,2020,20.21307570313093,35.988438758101815,6.497877530650377
YLLs (Years of Life Lost),Guyana,Both,All ages,Liver cancer due to alcohol use,Rate,2020,16.930135706483906,23.805489050404123,11.27688895329136
YLLs (Years of Life Lost),Switzerland,Both,All ages,Cirrhosis due to alcohol,Rate,2020,86.54082324460113,102.69106884302019,70.1381787550418
YLLs (Years of Life Lost),Japan,Both,All ages,Alcohol use disorders,Rate,2020,12.855591555575469,13.269226862758105,12.36891471507975
YLLs (Years of Life Lost),Japan,Both,All ages,Alcoholic cardiomyopathy,Rate,2020,9.399694808835267,10.058171485035434,8.690809764198562
YLLs (Years of Life Lost),Republic of Korea,Both,All ages,Cirrhosis due to alcohol,Rate,2020,193.03612134087533,241.28445378710003,155.76332036510257
YLLs (Years of Life Lost),Botswana,Both,All ages,Cirrhosis due to alcohol,Rate,2020,77.67755531440308,120.46879224957127,49.27071949842031
YLLs (Years of Life Lost),Namibia,Both,All ages,Alcoholic cardiomyopathy,Rate,2020,0.08014584507497113,0.3163420835098939,0.016457065108939378
YLLs (Years of Life Lost),Kenya,Both,All ages,Alcoholic cardiomyopathy,Rate,2020,0.019455778574348492,0.1279733574798451,0.0036536427117454867
YLLs (Years of Life Lost),Republic of San Marino,Both,All ages,Liver cancer due to alcohol use,Rate,2020,42.096670826051785,62.911408704478234,25.905508895518672
YLLs (Years of Life Lost),Argentina,Both,All ages,Alcohol use disorders,Rate,2020,34.10859319245611,36.36608701720799,32.21223395809238
YLLs (Years of Life Lost),Argentina,Both,All ages,Alcoholic cardiomyopathy,Rate,2020,5.4406325751334155,6.287592763857016,4.70629121278582
YLLs (Years of Life Lost),Haiti,Both,All ages,Alcoholic cardiomyopathy,Rate,2020,40.16703841503438,82.48176438132754,11.88710663574478
YLLs (Years of Life Lost),Chile,Both,All ages,Cirrhosis due to alcohol,Rate,2020,186.43477283756434,232.84726026963693,141.55220840959797
YLLs (Years of Life Lost),Finland,Both,All ages,Cirrhosis due to alcohol,Rate,2020,235.99435878758575,280.0974038776458,190.26194620204993
YLLs (Years of Life Lost),South Africa,Both,All ages,Liver cancer due to alcohol use,Rate,2020,33.620506186640604,41.30980791833535,26.790824054315248
YLLs (Years of Life Lost),Niger,Both,All ages,Liver cancer due to alcohol use,Rate,2020,13.549508997440327,23.70947378017319,8.019378678140274
YLLs (Years of Life Lost),Japan,Both,All ages,Liver cancer due to alcohol use,Rate,2020,42.16173784352658,50.29082095015663,36.05499424491663
YLLs (Years of Life Lost),South Africa,Both,All ages,Alcoholic cardiomyopathy,Rate,2020,0.06284143830175515,0.10592008276546679,0.007510061328307606
YLLs (Years of Life Lost),Uruguay,Both,All ages,Cirrhosis due to alcohol,Rate,2020,84.26003801393166,105.3239415625987,63.64027606727182
YLLs (Years of Life Lost),Kingdom of Eswatini,Both,All ages,Alcohol use disorders,Rate,2020,41.08791670160703,59.80285176199616,23.001281913743224
YLLs (Years of Life Lost),Kingdom of Eswatini,Both,All ages,Alcoholic cardiomyopathy,Rate,2020,0.09438906804934402,0.2834201560267949,0.01902683626974314
YLLs (Years of Life Lost),Qatar,Both,All ages,Liver cancer due to alcohol use,Rate,2020,9.35928456121217,15.70497511548679,5.457334803124914
YLLs (Years of Life Lost),Canada,Both,All ages,Liver cancer due to alcohol use,Rate,2020,92.94633203838747,110.33983573822422,76.38292255385718
YLLs (Years of Life Lost),Zimbabwe,Both,All ages,Cirrhosis due to alcohol,Rate,2020,102.80413841379246,167.8477997172866,49.647818754125375
YLLs (Years of Life Lost),Jamaica,Both,All ages,Alcohol use disorders,Rate,2020,12.414605471939057,16.44556870178451,9.105454240486385
YLLs (Years of Life Lost),Madagascar,Both,All ages,Alcohol use disorders,Rate,2020,33.09682640574267,51.437017767850016,21.225962864183515
YLLs (Years of Life Lost),Germany,Both,All ages,Liver cancer due to alcohol use,Rate,2020,86.3484361137346,105.3797344483006,68.21085763501198
YLLs (Years of Life Lost),United States of America,Both,All ages,Alcohol use disorders,Rate,2020,190.22803966749237,194.36004332767726,185.80140664103453
YLLs (Years of Life Lost),Jamaica,Both,All ages,Alcoholic cardiomyopathy,Rate,2020,35.42533206896547,47.42682125494428,24.907219351125327
YLLs (Years of Life Lost),Ghana,Both,All ages,Liver cancer due to alcohol use,Rate,2010,23.29636945831605,32.92079098717771,15.615578297264335
YLLs (Years of Life Lost),Ghana,Both,All ages,Alcohol use disorders,Rate,2010,42.20306737713065,56.15031663973786,28.729024479024698
YLLs (Years of Life Lost),Tokelau,Both,All ages,Cirrhosis due to alcohol,Rate,2020,72.08996791130971,108.29713481131185,44.6438989527199
YLLs (Years of Life Lost),Solomon Islands,Both,All ages,Cirrhosis due to alcohol,Rate,2020,100.70741171170755,160.63447756097452,61.016648559448775
YLLs (Years of Life Lost),Burkina Faso,Both,All ages,Liver cancer due to alcohol use,Rate,2020,49.40819677705027,89.06450992120281,20.56857670687078
YLLs (Years of Life Lost),Burkina Faso,Both,All ages,Alcohol use disorders,Rate,2020,40.4691228635438,55.3496805425752,27.112277393617383
YLLs (Years of Life Lost),Honduras,Both,All ages,Liver cancer due to alcohol use,Rate,2020,12.182283267107033,19.576730780558492,7.478667654429316
YLLs (Years of Life Lost),Saint Lucia,Both,All ages,Cirrhosis due to alcohol,Rate,2020,241.30527476418567,302.2967744153361,183.56355388925704
YLLs (Years of Life Lost),South Africa,Both,All ages,Alcohol use disorders,Rate,2020,45.90641656957152,54.22055439164953,34.65275799500076
YLLs (Years of Life Lost),Brunei Darussalam,Both,All ages,Cirrhosis due to alcohol,Rate,2020,51.59602323570818,73.52688088533837,34.06289440968585
YLLs (Years of Life Lost),Italy,Both,All ages,Cirrhosis due to alcohol,Rate,2020,85.39876332472465,96.32207892871556,75.56953437382025
YLLs (Years of Life Lost),Uganda,Both,All ages,Alcoholic cardiomyopathy,Rate,2020,0.01882274824042689,0.1257458452877898,0.003129278883438708
YLLs (Years of Life Lost),El Salvador,Both,All ages,Liver cancer due to alcohol use,Rate,2020,9.595676708886892,12.88592683142066,6.854141985428876
YLLs (Years of Life Lost),Zambia,Both,All ages,Cirrhosis due to alcohol,Rate,2020,109.30757140547114,170.6799180475072,63.563423661523636
YLLs (Years of Life Lost),Malawi,Both,All ages,Cirrhosis due to alcohol,Rate,2020,118.91674112560217,175.0891457421616,76.39855737453074
YLLs (Years of Life Lost),Republic of Korea,Both,All ages,Alcohol use disorders,Rate,2020,65.29683515552753,76.04119417650783,52.65728349902575
YLLs (Years of Life Lost),Nigeria,Both,All ages,Liver cancer due to alcohol use,Rate,2020,8.998919950240369,13.236760724028956,5.675604672914776
YLLs (Years of Life Lost),Nigeria,Both,All ages,Alcohol use disorders,Rate,2020,25.388281908397158,38.704419503892446,13.148981480375289
YLLs (Years of Life Lost),Nigeria,Both,All ages,Alcoholic cardiomyopathy,Rate,2020,0.6523109000052,1.5822740949539786,0.061117308808622366
YLLs (Years of Life Lost),Iraq,Both,All ages,Liver cancer due to alcohol use,Rate,2020,6.425421861023823,10.136021445292243,3.72611509645552
YLLs (Years of Life Lost),Malaysia,Both,All ages,Alcoholic cardiomyopathy,Rate,2020,0.027231472159842778,0.061560937511876176,0.0026969893684811613
YLLs (Years of Life Lost),Botswana,Both,All ages,Liver cancer due to alcohol use,Rate,2020,21.194175705926313,51.570797583805685,9.080606666469388
YLLs (Years of Life Lost),Armenia,Both,All ages,Cirrhosis due to alcohol,Rate,2020,225.28263315904977,272.2659567851189,177.11711280116396
YLLs (Years of Life Lost),Kingdom of Eswatini,Both,All ages,Cirrhosis due to alcohol,Rate,2020,127.28075717316676,200.31921323138192,73.37225352625852
YLLs (Years of Life Lost),Jordan,Both,All ages,Alcohol use disorders,Rate,2020,1.7757938969726976,2.3210903422512565,1.1386039685027065
YLLs (Years of Life Lost),Albania,Both,All ages,Alcoholic cardiomyopathy,Rate,2020,28.402561451942226,53.356505498703356,6.469916751048652
YLLs (Years of Life Lost),United States Virgin Islands,Both,All ages,Liver cancer due to alcohol use,Rate,2020,47.477030569188926,75.07065709086784,28.72083808574227
YLLs (Years of Life Lost),Sao Tome and Principe,Both,All ages,Cirrhosis due to alcohol,Rate,2020,173.94739647752516,270.7363420805416,95.17567365086678
YLLs (Years of Life Lost),Lesotho,Both,All ages,Liver cancer due to alcohol use,Rate,2020,57.18629443810531,148.5378888755435,18.646609112154106
YLLs (Years of Life Lost),Jordan,Both,All ages,Alcoholic cardiomyopathy,Rate,2020,0.0645781942241878,0.10684020653848375,0.011037199134356638
YLLs (Years of Life Lost),Lesotho,Both,All ages,Alcohol use disorders,Rate,2020,49.51002310229547,73.81790355459461,31.573916410828993
YLLs (Years of Life Lost),Lesotho,Both,All ages,Alcoholic cardiomyopathy,Rate,2020,0.09992251407143803,0.24916423922117376,0.019623440068996335
YLLs (Years of Life Lost),Kuwait,Both,All ages,Cirrhosis due to alcohol,Rate,2020,5.0519232068718,7.2897976315101385,3.146430155850939
YLLs (Years of Life Lost),Georgia,Both,All ages,Liver cancer due to alcohol use,Rate,2020,50.691219274816895,66.91685224591676,36.52576923599918
YLLs (Years of Life Lost),Namibia,Both,All ages,Alcohol use disorders,Rate,2020,41.48205011242744,59.885386617799476,24.992009391681425
YLLs (Years of Life Lost),Republic of Korea,Both,All ages,Alcoholic cardiomyopathy,Rate,2020,0.6281375529830802,1.6743117281748747,0.05731059557165139
YLLs (Years of Life Lost),Greece,Both,All ages,Alcohol use disorders,Rate,2020,15.84807705064619,16.824526718679667,14.916093091361297
YLLs (Years of Life Lost),Sao Tome and Principe,Both,All ages,Alcohol use disorders,Rate,2020,31.613411924270494,50.589513949609874,18.980280530381883
YLLs (Years of Life Lost),Mozambique,Both,All ages,Liver cancer due to alcohol use,Rate,2020,44.28750984938736,95.6003159121576,20.97809566303867
YLLs (Years of Life Lost),Kazakhstan,Both,All ages,Liver cancer due to alcohol use,Rate,2020,34.95462921672303,47.29217721086552,24.31333089968412
YLLs (Years of Life Lost),Kazakhstan,Both,All ages,Alcohol use disorders,Rate,2020,198.33438857805157,217.49369984003687,178.06828682170084
YLLs (Years of Life Lost),Singapore,Both,All ages,Cirrhosis due to alcohol,Rate,2020,9.740125082768532,13.337575175165078,6.687564428707074
YLLs (Years of Life Lost),Kazakhstan,Both,All ages,Alcoholic cardiomyopathy,Rate,2020,43.20271829695445,79.71238898835142,21.67727720459341
YLLs (Years of Life Lost),Kyrgyzstan,Both,All ages,Cirrhosis due to alcohol,Rate,2020,364.01017839045244,457.59186070452483,261.56125104419834
YLLs (Years of Life Lost),Morocco,Both,All ages,Liver cancer due to alcohol use,Rate,2020,1.2399383540075675,1.984182590863713,0.759007856693909
YLLs (Years of Life Lost),Puerto Rico,Both,All ages,Alcoholic cardiomyopathy,Rate,2020,23.517236275801338,26.615277110377033,20.751226061386387
YLLs (Years of Life Lost),South Africa,Both,All ages,Cirrhosis due to alcohol,Rate,2020,79.1061100298724,95.3853109616965,66.12755506051546
YLLs (Years of Life Lost),Saint Kitts and Nevis,Both,All ages,Cirrhosis due to alcohol,Rate,2020,259.10228978044404,340.2085394116123,185.49183186845406
YLLs (Years of Life Lost),Morocco,Both,All ages,Alcoholic cardiomyopathy,Rate,2020,1.8765373880080614,4.3485060623125555,0.48606755148981917
YLLs (Years of Life Lost),Saint Kitts and Nevis,Both,All ages,Alcohol use disorders,Rate,2020,618.6203402866362,749.4580970559327,501.6424277351254
YLLs (Years of Life Lost),Palestine,Both,All ages,Alcohol use disorders,Rate,2020,0.19432888536415568,0.2519316144464758,0.10257112887794395
YLLs (Years of Life Lost),Zimbabwe,Both,All ages,Liver cancer due to alcohol use,Rate,2020,28.768372924280573,45.978590049850645,16.59378158781583
YLLs (Years of Life Lost),Palestine,Both,All ages,Alcoholic cardiomyopathy,Rate,2020,0.41904480730123234,0.8344908541903557,0.09999691864866297
YLLs (Years of Life Lost),Greece,Both,All ages,Alcoholic cardiomyopathy,Rate,2020,5.289419919376909,6.196555374004205,4.527397481750145
YLLs (Years of Life Lost),Republic of San Marino,Both,All ages,Cirrhosis due to alcohol,Rate,2020,150.407237659779,210.49969819662465,97.10988893670654
YLLs (Years of Life Lost),Iraq,Both,All ages,Cirrhosis due to alcohol,Rate,2020,10.081237961036932,16.224863406022738,5.646526175512488
YLLs (Years of Life Lost),Oman,Both,All ages,Cirrhosis due to alcohol,Rate,2020,7.600649608373562,12.367967257195819,4.258232093681829
YLLs (Years of Life Lost),Benin,Both,All ages,Cirrhosis due to alcohol,Rate,2020,74.29614369010265,115.83749153590657,45.198505730819214
YLLs (Years of Life Lost),India,Both,All ages,Alcohol use disorders,Rate,2020,64.75051724095863,79.81955737899884,35.316348716349076
YLLs (Years of Life Lost),Tuvalu,Both,All ages,Liver cancer due to alcohol use,Rate,2020,13.808958169181736,23.511878544516247,7.866063564096708
YLLs (Years of Life Lost),Senegal,Both,All ages,Cirrhosis due to alcohol,Rate,2020,69.94883624272971,107.71939368276202,41.547883622268095
YLLs (Years of Life Lost),Iceland,Both,All ages,Alcohol use disorders,Rate,2020,86.79596139758026,95.18491565254153,79.59674301945311
YLLs (Years of Life Lost),Cyprus,Both,All ages,Cirrhosis due to alcohol,Rate,2020,96.16976503015594,119.9772410938829,76.16959267192662
YLLs (Years of Life Lost),United States Virgin Islands,Both,All ages,Alcohol use disorders,Rate,2020,269.05888866795107,366.78470000005615,183.8927811193555
YLLs (Years of Life Lost),Iceland,Both,All ages,Cirrhosis due to alcohol,Rate,2020,41.5325348226689,49.53636258256203,33.43419885279301
YLLs (Years of Life Lost),Czech Republic,Both,All ages,Cirrhosis due to alcohol,Rate,2020,306.6832708071876,364.1968820818813,250.52461142553128
YLLs (Years of Life Lost),United States Virgin Islands,Both,All ages,Alcoholic cardiomyopathy,Rate,2020,61.88818908575659,99.6023047445796,17.769473191530707
YLLs (Years of Life Lost),Republic of San Marino,Both,All ages,Alcoholic cardiomyopathy,Rate,2020,16.950680022555346,30.863162771250554,4.615801147497454
YLLs (Years of Life Lost),France,Both,All ages,Liver cancer due to alcohol use,Rate,2020,80.17230638024148,106.49860052657883,58.219499598994
YLLs (Years of Life Lost),France,Both,All ages,Alcoholic cardiomyopathy,Rate,2020,17.633815766318797,20.102792354703784,15.180508169659648
YLLs (Years of Life Lost),Germany,Both,All ages,Alcohol use disorders,Rate,2020,197.30213217535993,208.5484057362782,186.0263875418606
YLLs (Years of Life Lost),Germany,Both,All ages,Alcoholic cardiomyopathy,Rate,2020,72.0828742730349,79.11290586766971,64.46513664588868
YLLs (Years of Life Lost),Greece,Both,All ages,Cirrhosis due to alcohol,Rate,2020,114.1544119478281,135.0457889599864,93.26816351543866
YLLs (Years of Life Lost),Guinea-Bissau,Both,All ages,Alcohol use disorders,Rate,2020,48.91437499992482,71.99331454746188,31.041092924168662
YLLs (Years of Life Lost),United Kingdom of Great Britain and Northern Ireland,Both,All ages,Alcohol use disorders,Rate,2020,77.75365831440973,78.96704807202586,76.52812027093098
YLLs (Years of Life Lost),Liberia,Both,All ages,Cirrhosis due to alcohol,Rate,2020,90.62586526541007,135.31354243808593,52.9352420417762
YLLs (Years of Life Lost),Tonga,Both,All ages,Alcoholic cardiomyopathy,Rate,2020,0.8617137457906244,1.7756466788343972,0.12800063608621823
YLLs (Years of Life Lost),Benin,Both,All ages,Liver cancer due to alcohol use,Rate,2020,23.963212317363197,36.658800165353746,15.067404935546142
YLLs (Years of Life Lost),Benin,Both,All ages,Alcohol use disorders,Rate,2020,30.68107543263787,43.79652371271593,18.92683124452096
YLLs (Years of Life Lost),Israel,Both,All ages,Liver cancer due to alcohol use,Rate,2020,17.11848283666429,22.5263873186021,12.414557061205393
YLLs (Years of Life Lost),Israel,Both,All ages,Alcoholic cardiomyopathy,Rate,2020,1.6347508119479102,1.9163309713787047,1.3844440971060274
YLLs (Years of Life Lost),Mauritania,Both,All ages,Liver cancer due to alcohol use,Rate,2020,35.239844386266874,58.45072104656788,15.94060281376745
YLLs (Years of Life Lost),Mexico,Both,All ages,Alcohol use disorders,Rate,2020,94.42939228410033,104.27079108241222,84.8416592023123
YLLs (Years of Life Lost),Lao People's Democratic Republic,Both,All ages,Cirrhosis due to alcohol,Rate,2020,134.3555135412497,225.22841789342007,79.9223087736557
YLLs (Years of Life Lost),Benin,Both,All ages,Alcoholic cardiomyopathy,Rate,2020,0.7057397410049615,1.7811566305153703,0.0822127018441456
YLLs (Years of Life Lost),Mexico,Both,All ages,Alcoholic cardiomyopathy,Rate,2020,7.743662755279858,8.76184571947946,6.849360443253744
YLLs (Years of Life Lost),Niger,Both,All ages,Alcohol use disorders,Rate,2020,23.32434105310129,38.44888763448044,13.259447331920418
YLLs (Years of Life Lost),Nicaragua,Both,All ages,Cirrhosis due to alcohol,Rate,2020,209.20367866711564,261.069975015419,156.5278423743634
YLLs (Years of Life Lost),Niger,Both,All ages,Alcoholic cardiomyopathy,Rate,2020,0.6654143837590089,1.8395769218539437,0.07767758458784733
YLLs (Years of Life Lost),Nigeria,Both,All ages,Cirrhosis due to alcohol,Rate,2020,64.39181679208124,92.9968236945678,41.55352601030195
YLLs (Years of Life Lost),Yemen,Both,All ages,Cirrhosis due to alcohol,Rate,2020,11.121241467320278,18.367141249855475,6.139014366626383
YLLs (Years of Life Lost),Republic of Korea,Both,All ages,Liver cancer due to alcohol use,Rate,2020,97.7082356585499,143.15032083805707,62.76788459171245
YLLs (Years of Life Lost),Maldives,Both,All ages,Cirrhosis due to alcohol,Rate,2020,35.87435937812169,51.53896834416024,23.17331476809414
YLLs (Years of Life Lost),Maldives,Both,All ages,Liver cancer due to alcohol use,Rate,2020,14.225373343585991,20.225500322728898,9.457804157423299
YLLs (Years of Life Lost),Guyana,Both,All ages,Alcoholic cardiomyopathy,Rate,2020,101.71541561584739,135.29046125067458,75.66627420558859
YLLs (Years of Life Lost),Myanmar,Both,All ages,Alcohol use disorders,Rate,2020,428.058929221332,632.6738356311537,269.9159907102595
YLLs (Years of Life Lost),Myanmar,Both,All ages,Alcoholic cardiomyopathy,Rate,2020,1.9904149758435317,3.6904278218341044,0.32411442617872965
YLLs (Years of Life Lost),Burkina Faso,Both,All ages,Cirrhosis due to alcohol,Rate,2020,78.8034186105129,116.254292762925,47.39219607231254
YLLs (Years of Life Lost),Sierra Leone,Both,All ages,Liver cancer due to alcohol use,Rate,2020,20.928042238762853,32.91570259364962,12.659469127706933
YLLs (Years of Life Lost),Eritrea,Both,All ages,Liver cancer due to alcohol use,Rate,2020,7.890231205724323,15.605689260191696,4.168406321556846
YLLs (Years of Life Lost),Philippines,Both,All ages,Cirrhosis due to alcohol,Rate,2020,93.24610020904686,113.75913141227264,76.1586751974208
YLLs (Years of Life Lost),Singapore,Both,All ages,Alcohol use disorders,Rate,2020,2.435803038240542,2.5962382384076306,2.285621207438925
YLLs (Years of Life Lost),Sierra Leone,Both,All ages,Alcoholic cardiomyopathy,Rate,2020,1.068603665491452,2.786537979242641,0.1151714245393045
YLLs (Years of Life Lost),Singapore,Both,All ages,Alcoholic cardiomyopathy,Rate,2020,1.3874319297901168,1.601122712635806,1.1885837606745686
YLLs (Years of Life Lost),Indonesia,Both,All ages,Cirrhosis due to alcohol,Rate,1990,166.79483886786042,243.67740034269767,118.95280388428957
YLLs (Years of Life Lost),Afghanistan,Both,All ages,Liver cancer due to alcohol use,Rate,2020,3.8904151763048205,6.297923600505788,2.1872345786992136
YLLs (Years of Life Lost),Italy,Both,All ages,Liver cancer due to alcohol use,Rate,2020,53.46440620050889,61.834325439847724,46.57644511515276
YLLs (Years of Life Lost),Afghanistan,Both,All ages,Alcoholic cardiomyopathy,Rate,2020,1.1369447413387543,2.4367011607259865,0.27159701447545853
YLLs (Years of Life Lost),Timor-Leste,Both,All ages,Liver cancer due to alcohol use,Rate,2020,9.016409125281605,17.194294518515996,4.958319468997604
YLLs (Years of Life Lost),Bangladesh,Both,All ages,Alcohol use disorders,Rate,2020,0.5803430898238,0.9978544028505237,0.384111280026596
YLLs (Years of Life Lost),Timor-Leste,Both,All ages,Alcoholic cardiomyopathy,Rate,2020,1.4317064298199569,3.383746129431522,0.2320641536336986
YLLs (Years of Life Lost),Malaysia,Both,All ages,Liver cancer due to alcohol use,Rate,1990,8.334540102465724,12.26146636404053,5.40857589407926
YLLs (Years of Life Lost),Bhutan,Both,All ages,Cirrhosis due to alcohol,Rate,2020,166.1180031027511,311.65019787444055,95.61080423709662
YLLs (Years of Life Lost),El Salvador,Both,All ages,Alcoholic cardiomyopathy,Rate,2020,1.1365780538431984,1.9966632257479293,0.14606290894954174
YLLs (Years of Life Lost),India,Both,All ages,Alcoholic cardiomyopathy,Rate,2020,2.604242388147552,6.336448306244217,0.4826122488886349
YLLs (Years of Life Lost),Socialist Republic of Viet Nam,Both,All ages,Alcohol use disorders,Rate,2020,41.146502177750364,59.31222038711702,19.034298680366774
YLLs (Years of Life Lost),Socialist Republic of Viet Nam,Both,All ages,Alcoholic cardiomyopathy,Rate,2020,2.205120286225088,4.229812963058457,0.2973557560119515
YLLs (Years of Life Lost),Maldives,Both,All ages,Alcohol use disorders,Rate,1990,4.896577743292352,6.601926152144669,1.9753621766922618
YLLs (Years of Life Lost),Iceland,Both,All ages,Alcoholic cardiomyopathy,Rate,2020,7.481601841372196,8.518790226918904,6.468838347886588
YLLs (Years of Life Lost),Nepal,Both,All ages,Cirrhosis due to alcohol,Rate,2020,232.93865967719464,333.6787877707786,155.0375680898525
YLLs (Years of Life Lost),Maldives,Both,All ages,Alcoholic cardiomyopathy,Rate,1990,1.420928491077552,2.8845650839065886,0.3965592858144492
YLLs (Years of Life Lost),Nepal,Both,All ages,Liver cancer due to alcohol use,Rate,2020,16.44969491048588,26.166882409853823,9.493310499153418
YLLs (Years of Life Lost),Myanmar,Both,All ages,Cirrhosis due to alcohol,Rate,1990,195.4060110967505,324.3141181147159,106.46945265269042
YLLs (Years of Life Lost),North Macedonia,Both,All ages,Liver cancer due to alcohol use,Rate,2020,114.56817243242082,152.70310454416517,82.96964124352746
YLLs (Years of Life Lost),Ireland,Both,All ages,Cirrhosis due to alcohol,Rate,2020,73.94360409906562,88.30482042095674,58.47844328641257
YLLs (Years of Life Lost),Pakistan,Both,All ages,Liver cancer due to alcohol use,Rate,2020,9.45898855103788,13.114352851904039,6.8088048371741445
YLLs (Years of Life Lost),Pakistan,Both,All ages,Alcohol use disorders,Rate,2020,16.21313748909236,23.47329932439868,0.9067127083186689
YLLs (Years of Life Lost),Pakistan,Both,All ages,Alcoholic cardiomyopathy,Rate,2020,2.0330817291640098,5.62305470066565,0.44001827467101784
YLLs (Years of Life Lost),Tokelau,Both,All ages,Alcohol use disorders,Rate,2020,36.66172147456572,51.284752232029,19.229121186235155
YLLs (Years of Life Lost),Montenegro,Both,All ages,Liver cancer due to alcohol use,Rate,2020,94.31864671607784,131.29696998534658,63.30981858838906
YLLs (Years of Life Lost),Montenegro,Both,All ages,Alcohol use disorders,Rate,2020,59.1295616061349,78.57925963291126,42.198831806888364
YLLs (Years of Life Lost),Bosnia and Herzegovina,Both,All ages,Cirrhosis due to alcohol,Rate,2020,219.02352519241546,279.8794044357269,167.861466562668
YLLs (Years of Life Lost),Montenegro,Both,All ages,Alcoholic cardiomyopathy,Rate,2020,187.66420076103807,311.56697749004996,46.18240582946773
YLLs (Years of Life Lost),Bosnia and Herzegovina,Both,All ages,Alcohol use disorders,Rate,2020,155.7493892915673,220.2878866465721,123.33392597708436
YLLs (Years of Life Lost),Poland,Both,All ages,Cirrhosis due to alcohol,Rate,2020,314.92857005230667,351.2318581790294,280.8566560046138
YLLs (Years of Life Lost),Poland,Both,All ages,Alcohol use disorders,Rate,2020,472.53464946055067,498.9427584588521,446.01532428159834
YLLs (Years of Life Lost),Romania,Both,All ages,Cirrhosis due to alcohol,Rate,2020,693.758859148789,815.2330684358016,563.9827194030365
YLLs (Years of Life Lost),Bulgaria,Both,All ages,Cirrhosis due to alcohol,Rate,2020,575.0943741407256,682.5559844021415,466.0729698710008
YLLs (Years of Life Lost),Sri Lanka,Both,All ages,Liver cancer due to alcohol use,Rate,2020,10.427509180288498,16.660167861228015,5.723800035145275
YLLs (Years of Life Lost),Czech Republic,Both,All ages,Liver cancer due to alcohol use,Rate,2020,57.50182219287057,72.76221084418586,44.92518021939172
YLLs (Years of Life Lost),Lebanon,Both,All ages,Liver cancer due to alcohol use,Rate,2020,4.870969117782903,7.308565111425075,3.0591420640065747
YLLs (Years of Life Lost),Hungary,Both,All ages,Alcohol use disorders,Rate,2020,200.97095178764005,215.0799946545123,187.11989669944379
YLLs (Years of Life Lost),Hungary,Both,All ages,Alcoholic cardiomyopathy,Rate,2020,395.1746948779135,454.36923309844485,330.96307823918096
YLLs (Years of Life Lost),North Macedonia,Both,All ages,Cirrhosis due to alcohol,Rate,2020,149.70612660470138,191.93230809706913,112.02379661365515
YLLs (Years of Life Lost),Austria,Both,All ages,Alcohol use disorders,Rate,2010,161.71715523521075,168.45645079031186,155.51467285908524
YLLs (Years of Life Lost),Peru,Both,All ages,Cirrhosis due to alcohol,Rate,2010,242.07456808740326,298.8171508293933,186.6358975443624
YLLs (Years of Life Lost),United Kingdom of Great Britain and Northern Ireland,Both,All ages,Alcoholic cardiomyopathy,Rate,2020,19.704400897490476,20.69066498122599,18.61008953003396
YLLs (Years of Life Lost),Tuvalu,Both,All ages,Cirrhosis due to alcohol,Rate,2020,91.94573893637988,138.70356840271867,56.0588522428131
YLLs (Years of Life Lost),Vanuatu,Both,All ages,Cirrhosis due to alcohol,Rate,2020,90.7878050756905,152.68931499018996,48.690096119791086
YLLs (Years of Life Lost),Romania,Both,All ages,Liver cancer due to alcohol use,Rate,2020,60.39347561070208,75.3409737643794,46.80968615946733
YLLs (Years of Life Lost),Sudan,Both,All ages,Alcoholic cardiomyopathy,Rate,2010,1.0835718347659022,2.3931442824647937,0.28589396915136983
YLLs (Years of Life Lost),Romania,Both,All ages,Alcoholic cardiomyopathy,Rate,2020,109.2118099313203,132.09831381813635,90.43309633490192
YLLs (Years of Life Lost),Serbia,Both,All ages,Alcohol use disorders,Rate,2020,143.91717810271342,171.64164766830814,113.4966145141072
YLLs (Years of Life Lost),Bermuda,Both,All ages,Alcoholic cardiomyopathy,Rate,2010,53.083068204304716,61.39568621300371,46.42474748087741
YLLs (Years of Life Lost),Uruguay,Both,All ages,Liver cancer due to alcohol use,Rate,2020,25.73519363688816,34.82957931159604,18.366019256780117
YLLs (Years of Life Lost),Sri Lanka,Both,All ages,Alcoholic cardiomyopathy,Rate,2020,2.9449626942733262,6.389008289651768,0.49581642078202404
YLLs (Years of Life Lost),Uruguay,Both,All ages,Alcoholic cardiomyopathy,Rate,2020,37.75288068270704,42.72784344743486,33.08009373220668
YLLs (Years of Life Lost),Haiti,Both,All ages,Alcohol use disorders,Rate,2020,111.94933487626865,165.49408169515434,58.2693232867168
YLLs (Years of Life Lost),Thailand,Both,All ages,Alcohol use disorders,Rate,2020,94.18725733443306,122.85597479297802,55.00840022733994
YLLs (Years of Life Lost),Taiwan (Province of China),Both,All ages,Liver cancer due to alcohol use,Rate,2010,31.930857073958936,44.34004342489695,22.192129351740736
YLLs (Years of Life Lost),South Sudan,Both,All ages,Cirrhosis due to alcohol,Rate,2020,120.41757980145097,193.031902518733,69.18014586217475
YLLs (Years of Life Lost),South Sudan,Both,All ages,Alcohol use disorders,Rate,2020,40.349516012770295,61.478818215227385,24.891437014291856
YLLs (Years of Life Lost),Ethiopia,Both,All ages,Liver cancer due to alcohol use,Rate,2020,4.552659923947519,7.588821378662229,2.962266948058502
YLLs (Years of Life Lost),Ethiopia,Both,All ages,Alcohol use disorders,Rate,2020,24.733346902800733,37.193486132712216,17.516403165626983
YLLs (Years of Life Lost),Guatemala,Both,All ages,Alcohol use disorders,Rate,2020,348.1264025785411,373.13303359965545,325.11591836332894
YLLs (Years of Life Lost),Timor-Leste,Both,All ages,Cirrhosis due to alcohol,Rate,2020,80.57880532092952,149.5246580026352,45.20995410189748
YLLs (Years of Life Lost),Ethiopia,Both,All ages,Alcoholic cardiomyopathy,Rate,2020,0.01810792075415682,0.1419428374799483,0.002470098245994927
YLLs (Years of Life Lost),Jamaica,Both,All ages,Cirrhosis due to alcohol,Rate,2020,57.5402067536441,80.41060606217299,39.069417134758325
YLLs (Years of Life Lost),Canada,Both,All ages,Cirrhosis due to alcohol,Rate,2020,58.254973940918994,78.104238087081,40.56469753240984
YLLs (Years of Life Lost),Kenya,Both,All ages,Cirrhosis due to alcohol,Rate,2020,116.96558180874686,176.94211524242752,81.00281853227929
YLLs (Years of Life Lost),Kenya,Both,All ages,Alcohol use disorders,Rate,2020,32.44030039265898,45.17552420238827,22.94417600288114
YLLs (Years of Life Lost),Lebanon,Both,All ages,Alcoholic cardiomyopathy,Rate,2020,0.07718628755524777,0.11558229850372828,0.007075911519705749
YLLs (Years of Life Lost),Madagascar,Both,All ages,Cirrhosis due to alcohol,Rate,2020,84.85510737149059,141.28096763392347,49.158614669465734
YLLs (Years of Life Lost),Saint Vincent and the Grenadines,Both,All ages,Liver cancer due to alcohol use,Rate,2020,32.843221915456965,42.37485683028701,24.500409939248588
YLLs (Years of Life Lost),Suriname,Both,All ages,Liver cancer due to alcohol use,Rate,2020,24.15676802066193,34.00807988661377,16.71648412431863
YLLs (Years of Life Lost),Suriname,Both,All ages,Alcohol use disorders,Rate,2020,104.6555659239389,132.65222580977294,63.92544718026824
YLLs (Years of Life Lost),Suriname,Both,All ages,Alcoholic cardiomyopathy,Rate,2020,24.02406013938725,40.23048529194539,4.590604433751499
YLLs (Years of Life Lost),Mauritius,Both,All ages,Liver cancer due to alcohol use,Rate,2020,5.7560005833373,7.891331277284079,4.035058775419958
YLLs (Years of Life Lost),Bahrain,Both,All ages,Alcoholic cardiomyopathy,Rate,2010,2.2323030098847076,5.049695451261255,0.6416659943970595
YLLs (Years of Life Lost),Armenia,Both,All ages,Liver cancer due to alcohol use,Rate,2020,55.679864937365345,75.10263231255195,39.6409869646623
YLLs (Years of Life Lost),Australia,Both,All ages,Cirrhosis due to alcohol,Rate,2020,44.65355167097962,57.09855922603124,33.80921887272925
YLLs (Years of Life Lost),Guatemala,Both,All ages,Alcoholic cardiomyopathy,Rate,2020,2.2932224221859645,2.6067440670716047,1.993003577486132
YLLs (Years of Life Lost),Paraguay,Both,All ages,Alcohol use disorders,Rate,2020,144.20953548937948,183.82208537375485,84.74010618920111
YLLs (Years of Life Lost),Republic of Nauru,Both,All ages,Cirrhosis due to alcohol,Rate,2020,94.43014994430999,158.58846127221727,38.72635355249136
YLLs (Years of Life Lost),Honduras,Both,All ages,Cirrhosis due to alcohol,Rate,2020,207.3371921960556,321.0387339563758,114.16606464101369
YLLs (Years of Life Lost),Azerbaijan,Both,All ages,Alcohol use disorders,Rate,2020,86.26609801069532,128.91394698961298,54.0578538042177
YLLs (Years of Life Lost),Azerbaijan,Both,All ages,Alcoholic cardiomyopathy,Rate,2020,12.429914411555092,40.85389799686878,1.3603988392957616
YLLs (Years of Life Lost),Georgia,Both,All ages,Cirrhosis due to alcohol,Rate,2020,449.0366818919394,545.4791289343397,355.62855680628655
YLLs (Years of Life Lost),Libya,Both,All ages,Alcohol use disorders,Rate,2020,9.067160940936065,13.44067698043154,4.103813162577704
YLLs (Years of Life Lost),Panama,Both,All ages,Liver cancer due to alcohol use,Rate,2020,22.761256330406546,28.760972325253494,17.16771351692293
YLLs (Years of Life Lost),Panama,Both,All ages,Alcohol use disorders,Rate,2020,20.9211820527513,23.28315794160959,18.84950295091012
YLLs (Years of Life Lost),Panama,Both,All ages,Alcoholic cardiomyopathy,Rate,2020,4.7615782432256255,5.669256121863414,4.033159796784058
YLLs (Years of Life Lost),Bolivarian Republic of Venezuela,Both,All ages,Alcohol use disorders,Rate,2020,20.135507161491788,25.995998958142653,15.567578999704125
YLLs (Years of Life Lost),Morocco,Both,All ages,Cirrhosis due to alcohol,Rate,2020,15.864530379900526,26.530239547509314,8.456251634540731
YLLs (Years of Life Lost),Oman,Both,All ages,Liver cancer due to alcohol use,Rate,2020,4.445849151266662,6.751754759506512,2.816807455917803
YLLs (Years of Life Lost),Qatar,Both,All ages,Alcohol use disorders,Rate,2020,3.617946306416564,5.695154667301808,2.097040651089323
YLLs (Years of Life Lost),Republic of Palau,Both,All ages,Alcohol use disorders,Rate,2010,44.174829519506794,60.19481800885474,29.35940919488805
YLLs (Years of Life Lost),Slovenia,Both,All ages,Liver cancer due to alcohol use,Rate,2020,86.17763928814361,110.31268866200269,63.696264347678195
YLLs (Years of Life Lost),Plurinational State of Bolivia,Both,All ages,Liver cancer due to alcohol use,Rate,2020,17.922923995339254,28.034926736689247,10.641299853349533
YLLs (Years of Life Lost),Lithuania,Both,All ages,Alcoholic cardiomyopathy,Rate,2010,429.5019265646417,460.7919668732345,397.53830355121573
YLLs (Years of Life Lost),Samoa,Both,All ages,Liver cancer due to alcohol use,Rate,2010,10.748180922052992,16.52078923321509,6.8019092964670875
YLLs (Years of Life Lost),Somalia,Both,All ages,Alcoholic cardiomyopathy,Rate,2020,0.03227746925725072,0.1866145283382009,0.0028585630667502734
YLLs (Years of Life Lost),Barbados,Both,All ages,Alcoholic cardiomyopathy,Rate,2010,109.59011120822352,120.01377221599212,100.30614219122967
YLLs (Years of Life Lost),Albania,Both,All ages,Cirrhosis due to alcohol,Rate,2010,95.46071610169528,125.27374001785208,69.82880358405865
YLLs (Years of Life Lost),Gabon,Both,All ages,Alcoholic cardiomyopathy,Rate,2010,0.05378831679411384,0.2663164126687804,0.009938303769347874
YLLs (Years of Life Lost),Ghana,Both,All ages,Alcoholic cardiomyopathy,Rate,2010,5.161180595348912,11.53968702309329,0.9761813879831632
YLLs (Years of Life Lost),Tunisia,Both,All ages,Alcoholic cardiomyopathy,Rate,2020,1.8673850469403357,3.644818484833423,0.36617982929703935
YLLs (Years of Life Lost),Angola,Both,All ages,Alcoholic cardiomyopathy,Rate,2020,0.04634813409869837,0.2564088855085309,0.00817518757897777
YLLs (Years of Life Lost),United Arab Emirates,Both,All ages,Cirrhosis due to alcohol,Rate,2010,5.402663874508243,8.451176683523176,3.1225943898296804
YLLs (Years of Life Lost),Sweden,Both,All ages,Liver cancer due to alcohol use,Rate,2010,43.77191578778277,50.19050246809172,37.567591863934275
YLLs (Years of Life Lost),Indonesia,Both,All ages,Cirrhosis due to alcohol,Rate,2010,185.7204814517373,231.3664832892033,150.74758565252273
YLLs (Years of Life Lost),Northern Mariana Islands,Both,All ages,Liver cancer due to alcohol use,Rate,2020,24.76237089044552,41.96992102531978,14.63960793781501
YLLs (Years of Life Lost),Taiwan (Province of China),Both,All ages,Liver cancer due to alcohol use,Rate,2020,28.73453723121516,42.16702260809961,18.853271173981803
YLLs (Years of Life Lost),Sudan,Both,All ages,Alcohol use disorders,Rate,2020,5.457676343484295,7.894810087257421,2.6918907827257317
YLLs (Years of Life Lost),United Republic of Tanzania,Both,All ages,Alcohol use disorders,Rate,2020,34.21270251357337,54.10944629902979,20.659272907764006
YLLs (Years of Life Lost),Barbados,Both,All ages,Alcoholic cardiomyopathy,Rate,2020,110.506127120225,139.55861888428078,87.1941343977662
YLLs (Years of Life Lost),Burundi,Both,All ages,Cirrhosis due to alcohol,Rate,2010,101.57520159357935,155.78079224471708,62.61139091087236
YLLs (Years of Life Lost),Malta,Both,All ages,Liver cancer due to alcohol use,Rate,2020,47.80546799937115,62.56573018708987,35.44071900204792
YLLs (Years of Life Lost),Afghanistan,Both,All ages,Alcohol use disorders,Rate,2010,8.826856429280575,13.46416834286958,3.4628004709320295
YLLs (Years of Life Lost),Austria,Both,All ages,Alcoholic cardiomyopathy,Rate,2010,64.68531049793955,69.35243591109808,60.513060883280126
YLLs (Years of Life Lost),Guinea,Both,All ages,Cirrhosis due to alcohol,Rate,2010,103.13367124377726,155.56012109984974,64.0578551055012
YLLs (Years of Life Lost),Cook Islands,Both,All ages,Alcohol use disorders,Rate,2010,75.96951021349695,98.00156456512836,55.16400318218687
YLLs (Years of Life Lost),Republic of Palau,Both,All ages,Alcohol use disorders,Rate,2020,48.07123643757281,68.3085275854644,30.773705656521468
YLLs (Years of Life Lost),Republic of Moldova,Both,All ages,Alcohol use disorders,Rate,2010,598.346466566162,629.2525584466242,567.6007172101223
YLLs (Years of Life Lost),Solomon Islands,Both,All ages,Alcohol use disorders,Rate,2010,42.87843816915911,66.56752598323794,21.114858034344156
YLLs (Years of Life Lost),Costa Rica,Both,All ages,Liver cancer due to alcohol use,Rate,2010,28.273450045877603,36.474437219392094,20.70107457363137
YLLs (Years of Life Lost),Plurinational State of Bolivia,Both,All ages,Alcoholic cardiomyopathy,Rate,2020,0.13630695510528085,0.27527941076599366,0.009077199186144812
YLLs (Years of Life Lost),Djibouti,Both,All ages,Liver cancer due to alcohol use,Rate,2010,10.788174918087616,18.39080421482035,5.844357944439155
YLLs (Years of Life Lost),Croatia,Both,All ages,Liver cancer due to alcohol use,Rate,2010,73.71848167908604,93.59205810218745,57.12285376477745
YLLs (Years of Life Lost),Uganda,Both,All ages,Cirrhosis due to alcohol,Rate,2020,79.20405589422447,125.27687476728286,47.53975207110638
YLLs (Years of Life Lost),Republic of Palau,Both,All ages,Alcoholic cardiomyopathy,Rate,2010,1.3763741997893078,2.6760111509777063,0.16152548668810174
YLLs (Years of Life Lost),Belarus,Both,All ages,Cirrhosis due to alcohol,Rate,2020,306.2813135703018,375.11911463726204,236.0492009465317
YLLs (Years of Life Lost),New Zealand,Both,All ages,Cirrhosis due to alcohol,Rate,2020,22.968990255916058,26.212682348107613,20.112790737139917
YLLs (Years of Life Lost),Turkey,Both,All ages,Alcohol use disorders,Rate,2020,10.484030785297778,13.82444161874073,6.565595552960137
YLLs (Years of Life Lost),Central African Republic,Both,All ages,Alcohol use disorders,Rate,2020,56.96170950701453,85.8013216418741,30.67688957147185
YLLs (Years of Life Lost),Sweden,Both,All ages,Alcoholic cardiomyopathy,Rate,2010,38.33545343868721,40.926542800666354,36.03106018452846
YLLs (Years of Life Lost),Belize,Both,All ages,Alcohol use disorders,Rate,2010,80.55041153462659,86.78578768495547,74.40515881955179
YLLs (Years of Life Lost),Egypt,Both,All ages,Alcohol use disorders,Rate,2010,0.46019283144141115,0.6762787551048779,0.3798907010259879
YLLs (Years of Life Lost),Belgium,Both,All ages,Cirrhosis due to alcohol,Rate,2010,175.88827998332445,208.30649620458462,143.23300356990416
YLLs (Years of Life Lost),Paraguay,Both,All ages,Alcoholic cardiomyopathy,Rate,2020,3.911616754314919,8.660687760942482,0.8994042693105414
YLLs (Years of Life Lost),Bangladesh,Both,All ages,Cirrhosis due to alcohol,Rate,2010,127.03435532121273,175.4885992620791,87.89875165184947
YLLs (Years of Life Lost),Guinea,Both,All ages,Alcohol use disorders,Rate,2010,32.43578782994116,43.059159176379985,22.71472529170376
YLLs (Years of Life Lost),Republic of Palau,Both,All ages,Alcoholic cardiomyopathy,Rate,2020,1.4391486820780022,3.0197497786043455,0.1758053707992734
YLLs (Years of Life Lost),Republic of Moldova,Both,All ages,Alcoholic cardiomyopathy,Rate,2010,192.81153841271401,208.7665732741062,179.26897308485184
YLLs (Years of Life Lost),Malaysia,Both,All ages,Liver cancer due to alcohol use,Rate,2010,15.956406890234767,24.002745754262122,10.342226451055637
YLLs (Years of Life Lost),Costa Rica,Both,All ages,Alcoholic cardiomyopathy,Rate,2010,7.502937279475721,8.36377269270063,6.665730292964847
YLLs (Years of Life Lost),Belize,Both,All ages,Alcohol use disorders,Rate,2020,101.54611874912786,115.80664124376048,90.67876976532008
YLLs (Years of Life Lost),Botswana,Both,All ages,Alcohol use disorders,Rate,2020,30.34330095747064,44.98990485518992,17.497263415844852
YLLs (Years of Life Lost),Eritrea,Both,All ages,Alcohol use disorders,Rate,2010,50.15028757142316,69.73975755211775,33.08585671687331
YLLs (Years of Life Lost),Cambodia,Both,All ages,Cirrhosis due to alcohol,Rate,2020,290.91985338903197,434.44780577404043,186.64965955282918
YLLs (Years of Life Lost),Netherlands,Both,All ages,Alcohol use disorders,Rate,2020,81.71911970854151,86.27620512431679,77.40668173404937
YLLs (Years of Life Lost),Finland,Both,All ages,Liver cancer due to alcohol use,Rate,2010,56.03682397268701,70.41620948792648,42.59265199547242
YLLs (Years of Life Lost),Switzerland,Both,All ages,Alcohol use disorders,Rate,2010,105.79286235973332,110.49165643489695,101.01599689128113
YLLs (Years of Life Lost),Belize,Both,All ages,Alcoholic cardiomyopathy,Rate,2010,33.616481462799705,36.5510290909008,30.74098586055857
YLLs (Years of Life Lost),Islamic Republic of Iran,Both,All ages,Cirrhosis due to alcohol,Rate,2010,16.21225040319669,20.973966008958147,13.135840688505938
YLLs (Years of Life Lost),India,Both,All ages,Liver cancer due to alcohol use,Rate,2010,12.085086694452505,14.510675529110998,10.089956430989728
YLLs (Years of Life Lost),Guinea-Bissau,Both,All ages,Cirrhosis due to alcohol,Rate,2010,121.1877662271658,192.0784733270741,71.98205369952598
YLLs (Years of Life Lost),Sudan,Both,All ages,Alcoholic cardiomyopathy,Rate,2020,0.9941149902816926,2.093838124572303,0.2702086266129851
YLLs (Years of Life Lost),Cook Islands,Both,All ages,Alcoholic cardiomyopathy,Rate,2010,0.011284144830615636,0.019538157870712676,0.000770358502680213
YLLs (Years of Life Lost),Mali,Both,All ages,Liver cancer due to alcohol use,Rate,2010,45.74924351541685,69.40436934342956,29.408112976423805
YLLs (Years of Life Lost),Mauritania,Both,All ages,Alcohol use disorders,Rate,2010,21.894857654113988,34.156394096823746,12.953473628378212
YLLs (Years of Life Lost),Mauritania,Both,All ages,Alcoholic cardiomyopathy,Rate,2010,0.7824552902877606,2.2462521311213637,0.0824896358972787
YLLs (Years of Life Lost),Niger,Both,All ages,Cirrhosis due to alcohol,Rate,2010,76.69939814492315,144.36531771016783,40.35482437154807
YLLs (Years of Life Lost),Puerto Rico,Both,All ages,Cirrhosis due to alcohol,Rate,2020,225.43836582515877,275.140185183005,180.56791154566483
YLLs (Years of Life Lost),Senegal,Both,All ages,Liver cancer due to alcohol use,Rate,2010,18.421131016242686,27.1555758298469,11.668312465475207
YLLs (Years of Life Lost),Senegal,Both,All ages,Alcoholic cardiomyopathy,Rate,2010,1.170899125228365,3.050813411787733,0.13594939463458738
YLLs (Years of Life Lost),Sierra Leone,Both,All ages,Alcohol use disorders,Rate,2010,31.44106386163082,41.08874374054737,21.17676292091181
YLLs (Years of Life Lost),Togo,Both,All ages,Cirrhosis due to alcohol,Rate,2010,97.9388786510493,146.541360760861,60.120208182285374
YLLs (Years of Life Lost),Solomon Islands,Both,All ages,Alcoholic cardiomyopathy,Rate,2010,1.0235521993598489,2.164120727519268,0.14290035113957808
YLLs (Years of Life Lost),Croatia,Both,All ages,Alcoholic cardiomyopathy,Rate,2010,106.5435766575422,114.51025218527431,98.4278464649127
YLLs (Years of Life Lost),Russian Federation,Both,All ages,Cirrhosis due to alcohol,Rate,2010,671.9160220681666,734.3198034798447,609.1729835208811
YLLs (Years of Life Lost),El Salvador,Both,All ages,Alcohol use disorders,Rate,2010,488.7199362341456,596.000913603629,440.7915022249374
YLLs (Years of Life Lost),Botswana,Both,All ages,Alcoholic cardiomyopathy,Rate,2020,0.06936458410696439,0.3069577303716558,0.012258282885184147
YLLs (Years of Life Lost),Eritrea,Both,All ages,Alcoholic cardiomyopathy,Rate,2010,0.031597547696113705,0.19040514052136884,0.005453676598137322
YLLs (Years of Life Lost),Puerto Rico,Both,All ages,Cirrhosis due to alcohol,Rate,2010,177.56419247229508,214.45508932272654,140.40404693181605
YLLs (Years of Life Lost),Ecuador,Both,All ages,Alcohol use disorders,Rate,2020,41.803965920624094,50.715560215519,33.72519104333322
YLLs (Years of Life Lost),Central African Republic,Both,All ages,Alcoholic cardiomyopathy,Rate,2020,0.06842665884168177,0.3518510407307051,0.012724736260214723
YLLs (Years of Life Lost),Andorra,Both,All ages,Liver cancer due to alcohol use,Rate,2020,129.4522325644747,195.16058103663124,80.95575844167905
YLLs (Years of Life Lost),Cuba,Both,All ages,Cirrhosis due to alcohol,Rate,2010,157.58971576418816,187.0445408760579,128.93636413504498
YLLs (Years of Life Lost),Jordan,Both,All ages,Liver cancer due to alcohol use,Rate,2010,1.7415420731184594,2.6201960398165562,1.1355534666735376
YLLs (Years of Life Lost),Nepal,Both,All ages,Alcohol use disorders,Rate,2010,16.022018677457336,23.37431753554668,0.7377451934691713
YLLs (Years of Life Lost),Switzerland,Both,All ages,Alcoholic cardiomyopathy,Rate,2010,29.994543052408908,32.3755764320412,27.6194388829143
YLLs (Years of Life Lost),Finland,Both,All ages,Alcoholic cardiomyopathy,Rate,2010,166.90785846947148,176.57881541455765,157.67799119406632
YLLs (Years of Life Lost),Tokelau,Both,All ages,Liver cancer due to alcohol use,Rate,2020,16.415604569801076,28.314985506184208,8.849437823840882
YLLs (Years of Life Lost),Bahrain,Both,All ages,Liver cancer due to alcohol use,Rate,2020,5.838101916111098,9.078239312830572,3.376401221065202
YLLs (Years of Life Lost),Guatemala,Both,All ages,Cirrhosis due to alcohol,Rate,2010,282.8020840230161,347.8107951878827,223.0286407878067
YLLs (Years of Life Lost),Maldives,Both,All ages,Alcohol use disorders,Rate,2010,3.389640386384047,4.044243981644093,2.6068997524846256
YLLs (Years of Life Lost),Czech Republic,Both,All ages,Alcohol use disorders,Rate,2010,128.32372753348062,135.55814224483765,121.74861502895294
YLLs (Years of Life Lost),Brunei Darussalam,Both,All ages,Alcohol use disorders,Rate,2010,9.842510046762825,12.201513452098293,7.036942021861055
YLLs (Years of Life Lost),Lesotho,Both,All ages,Cirrhosis due to alcohol,Rate,2020,164.1734100481705,245.3316316140149,97.83543447402661
YLLs (Years of Life Lost),Tonga,Both,All ages,Cirrhosis due to alcohol,Rate,2010,86.2971540154159,128.25764620204475,52.85523016657676
YLLs (Years of Life Lost),Lithuania,Both,All ages,Liver cancer due to alcohol use,Rate,2020,65.33425408152807,81.50016210481724,50.38195717528873
YLLs (Years of Life Lost),United Arab Emirates,Both,All ages,Cirrhosis due to alcohol,Rate,2020,6.311149567186242,10.450403086205645,3.5181302562376113
YLLs (Years of Life Lost),Belize,Both,All ages,Alcoholic cardiomyopathy,Rate,2020,49.9927763023338,57.715965967955725,43.1281650058663
YLLs (Years of Life Lost),Greenland,Both,All ages,Cirrhosis due to alcohol,Rate,2010,111.7252185773751,161.75930304145263,70.75000392225822
YLLs (Years of Life Lost),Tokelau,Both,All ages,Liver cancer due to alcohol use,Rate,2010,12.4352400138076,22.030446879469153,6.6108817977151775
YLLs (Years of Life Lost),Ethiopia,Both,All ages,Cirrhosis due to alcohol,Rate,2010,79.65547822777215,97.38100776954506,62.776107582721146
YLLs (Years of Life Lost),Nepal,Both,All ages,Alcoholic cardiomyopathy,Rate,2010,2.130991735029892,5.79670465549366,0.4576112321358704
YLLs (Years of Life Lost),Netherlands,Both,All ages,Alcoholic cardiomyopathy,Rate,2020,21.229186355754575,23.794118163936158,18.61658480362335
YLLs (Years of Life Lost),France,Both,All ages,Alcohol use disorders,Rate,2010,206.59493813455654,214.3500000619918,198.52762974827894
YLLs (Years of Life Lost),Grenada,Both,All ages,Liver cancer due to alcohol use,Rate,2010,19.56524309518208,25.298261971328213,14.600138339375466
YLLs (Years of Life Lost),United Kingdom of Great Britain and Northern Ireland,Both,All ages,Cirrhosis due to alcohol,Rate,2010,221.649807189733,244.1459367085051,199.43631494673792
YLLs (Years of Life Lost),Indonesia,Both,All ages,Cirrhosis due to alcohol,Rate,2020,182.62456017231113,243.63722268731271,137.86012970125563
YLLs (Years of Life Lost),Tokelau,Both,All ages,Alcoholic cardiomyopathy,Rate,2020,2.08209253124637,3.8700168192252944,0.25876710747272647
YLLs (Years of Life Lost),Mexico,Both,All ages,Liver cancer due to alcohol use,Rate,2010,12.247129315862528,13.963701277350758,10.730311981836044
YLLs (Years of Life Lost),Maldives,Both,All ages,Alcoholic cardiomyopathy,Rate,2010,1.155983380488423,2.14456992543449,0.37463831607807885
YLLs (Years of Life Lost),Japan,Both,All ages,Cirrhosis due to alcohol,Rate,2010,123.83173847492523,133.68219025998414,113.99858245866959
YLLs (Years of Life Lost),Principality of Monaco,Both,All ages,Alcohol use disorders,Rate,2010,14.77395950430638,18.94980696485633,8.17233141585516
YLLs (Years of Life Lost),Czech Republic,Both,All ages,Alcoholic cardiomyopathy,Rate,2010,25.102336387904675,28.354749803983637,21.834313454337213
YLLs (Years of Life Lost),Namibia,Both,All ages,Cirrhosis due to alcohol,Rate,2020,120.92432847922231,180.2561548649586,74.01770496913677
YLLs (Years of Life Lost),Armenia,Both,All ages,Alcohol use disorders,Rate,2010,85.2159560874353,91.32880615912342,79.66549548330359
YLLs (Years of Life Lost),Tokelau,Both,All ages,Alcoholic cardiomyopathy,Rate,2010,2.0600957149390786,4.400409153686827,0.27237264705592046
YLLs (Years of Life Lost),Malawi,Both,All ages,Liver cancer due to alcohol use,Rate,2010,12.870681247093241,18.778529148213632,8.202829681507831
YLLs (Years of Life Lost),Grenada,Both,All ages,Alcoholic cardiomyopathy,Rate,2010,73.86407109066229,81.36465388444839,66.73803889966634
YLLs (Years of Life Lost),Congo,Both,All ages,Cirrhosis due to alcohol,Rate,2020,169.111841361051,261.7908773146027,101.66508035998221
YLLs (Years of Life Lost),Ecuador,Both,All ages,Alcoholic cardiomyopathy,Rate,2020,0.0468076580450881,0.06401205464448967,0.033954747882090776
YLLs (Years of Life Lost),Pakistan,Both,All ages,Cirrhosis due to alcohol,Rate,2010,43.06246928857078,62.573745062425296,24.661118147208324
YLLs (Years of Life Lost),Tuvalu,Both,All ages,Alcohol use disorders,Rate,2020,46.77690695173332,63.99365483680047,27.209243247833214
YLLs (Years of Life Lost),Germany,Both,All ages,Cirrhosis due to alcohol,Rate,2010,282.72954165301473,327.92362530368985,232.4013230619819
YLLs (Years of Life Lost),Kuwait,Both,All ages,Liver cancer due to alcohol use,Rate,2010,1.547318398778809,2.261160044351575,1.0237201971072505
YLLs (Years of Life Lost),Kuwait,Both,All ages,Alcohol use disorders,Rate,2010,1.6015554392276594,1.7214294614149868,1.499079797237305
YLLs (Years of Life Lost),Iceland,Both,All ages,Liver cancer due to alcohol use,Rate,2010,27.518652242079437,35.91562721864178,20.68232478270741
YLLs (Years of Life Lost),Ireland,Both,All ages,Liver cancer due to alcohol use,Rate,2010,30.7650633957921,38.97265379799064,24.016056208820665
YLLs (Years of Life Lost),Ireland,Both,All ages,Alcohol use disorders,Rate,2010,68.17580437077245,72.24507951225992,64.53911479395013
YLLs (Years of Life Lost),Ireland,Both,All ages,Alcoholic cardiomyopathy,Rate,2010,23.342025392157005,25.58910345991219,20.78910037656954
YLLs (Years of Life Lost),Israel,Both,All ages,Cirrhosis due to alcohol,Rate,2010,63.10962987189128,75.13508710337257,50.40650043436468
YLLs (Years of Life Lost),Argentina,Both,All ages,Liver cancer due to alcohol use,Rate,2010,9.142859538075433,11.819737270843481,6.666108219295324
YLLs (Years of Life Lost),Israel,Both,All ages,Alcohol use disorders,Rate,2010,33.251625297994515,34.95812346568449,31.568813089998773
YLLs (Years of Life Lost),Italy,Both,All ages,Cirrhosis due to alcohol,Rate,2010,118.42415480660209,133.40722532198126,105.10693636012948
YLLs (Years of Life Lost),Malta,Both,All ages,Liver cancer due to alcohol use,Rate,2010,33.79818893966203,43.70675910703399,25.706544731871716
YLLs (Years of Life Lost),Nicaragua,Both,All ages,Liver cancer due to alcohol use,Rate,2010,10.111745536794617,13.707585628001432,7.120240939821012
YLLs (Years of Life Lost),Nicaragua,Both,All ages,Alcohol use disorders,Rate,2010,194.04636456562744,238.41216240326548,164.72084165078752
YLLs (Years of Life Lost),Netherlands,Both,All ages,Alcohol use disorders,Rate,2010,56.071856980074344,58.22221484309718,53.82373211705426
YLLs (Years of Life Lost),Nicaragua,Both,All ages,Alcoholic cardiomyopathy,Rate,2010,2.736034848258122,4.989938375849709,0.6597353723192527
YLLs (Years of Life Lost),Netherlands,Both,All ages,Alcoholic cardiomyopathy,Rate,2010,32.437874815324136,34.6222080945251,30.34700989859038
YLLs (Years of Life Lost),Panama,Both,All ages,Cirrhosis due to alcohol,Rate,2010,100.19054628269227,120.78838471320928,79.28115528737868
YLLs (Years of Life Lost),Bolivarian Republic of Venezuela,Both,All ages,Cirrhosis due to alcohol,Rate,2010,130.90712357126947,158.09221982515342,103.69807941551625
YLLs (Years of Life Lost),Myanmar,Both,All ages,Cirrhosis due to alcohol,Rate,2010,184.75616034509818,279.22919642510357,109.88627963132674
YLLs (Years of Life Lost),Brazil,Both,All ages,Liver cancer due to alcohol use,Rate,2010,15.009422201284808,16.964742395125157,13.22991414296148
YLLs (Years of Life Lost),Paraguay,Both,All ages,Alcohol use disorders,Rate,2010,119.1593550451664,147.76300043185674,84.18506289422028
YLLs (Years of Life Lost),Paraguay,Both,All ages,Alcoholic cardiomyopathy,Rate,2010,4.056974270032572,8.450027706502345,0.8961453880427895
YLLs (Years of Life Lost),Hungary,Both,All ages,Cirrhosis due to alcohol,Rate,2010,697.0603055420731,812.0774892240553,585.6488520082636
YLLs (Years of Life Lost),Bahrain,Both,All ages,Alcoholic cardiomyopathy,Rate,2020,2.2926350886442486,5.5571484943965785,0.7143315499722286
YLLs (Years of Life Lost),Republic of Nauru,Both,All ages,Cirrhosis due to alcohol,Rate,2010,111.53831375879543,187.13831993476268,46.831266421348126
YLLs (Years of Life Lost),Kingdom of Eswatini,Both,All ages,Liver cancer due to alcohol use,Rate,2020,69.52233121895453,172.70257486916617,21.88130535687296
YLLs (Years of Life Lost),Tuvalu,Both,All ages,Alcohol use disorders,Rate,2010,47.72780102133204,65.00990460427185,29.193756374138985
YLLs (Years of Life Lost),Singapore,Both,All ages,Liver cancer due to alcohol use,Rate,2010,13.74045719404506,20.87949636358731,9.021528892442877
YLLs (Years of Life Lost),Armenia,Both,All ages,Alcoholic cardiomyopathy,Rate,2010,129.44745065798045,147.40712265545937,111.01647775565388
YLLs (Years of Life Lost),Malawi,Both,All ages,Alcoholic cardiomyopathy,Rate,2010,0.028451170054792536,0.1594342144520828,0.0056380858011540365
YLLs (Years of Life Lost),Cuba,Both,All ages,Cirrhosis due to alcohol,Rate,2020,238.38643119924674,285.4444620229502,190.25969902645994
YLLs (Years of Life Lost),Guyana,Both,All ages,Alcohol use disorders,Rate,2010,87.17769657880105,99.13673344761527,75.73294860694328
YLLs (Years of Life Lost),Haiti,Both,All ages,Cirrhosis due to alcohol,Rate,2010,250.25143299807124,378.26298215533535,163.30690365511342
YLLs (Years of Life Lost),Saint Lucia,Both,All ages,Liver cancer due to alcohol use,Rate,2010,13.204176599841636,16.251135728318822,10.259848376242575
YLLs (Years of Life Lost),Saint Vincent and the Grenadines,Both,All ages,Alcohol use disorders,Rate,2010,176.68690202470492,192.7693360132446,159.93974564349332
YLLs (Years of Life Lost),Saint Vincent and the Grenadines,Both,All ages,Alcoholic cardiomyopathy,Rate,2010,45.96092530648889,50.782737134584345,41.66039991367152
YLLs (Years of Life Lost),Suriname,Both,All ages,Cirrhosis due to alcohol,Rate,2010,230.03108127410388,280.76338018274936,185.89953076730694
YLLs (Years of Life Lost),Plurinational State of Bolivia,Both,All ages,Liver cancer due to alcohol use,Rate,2010,14.226827629602106,21.527280290823434,8.860712527841704
YLLs (Years of Life Lost),Plurinational State of Bolivia,Both,All ages,Alcoholic cardiomyopathy,Rate,2010,0.13194548312321477,0.25244884117424077,0.008439141902228968
YLLs (Years of Life Lost),Ecuador,Both,All ages,Alcohol use disorders,Rate,2010,92.94031507542536,104.22086531397062,83.70112076111602
YLLs (Years of Life Lost),Lithuania,Both,All ages,Alcoholic cardiomyopathy,Rate,2020,208.22595534986044,239.1251235055631,175.7046473606299
YLLs (Years of Life Lost),Kuwait,Both,All ages,Alcoholic cardiomyopathy,Rate,2010,5.062077191961149,6.299927545165897,3.502825955829252
YLLs (Years of Life Lost),Angola,Both,All ages,Liver cancer due to alcohol use,Rate,2010,18.28637538338332,56.86197193371852,2.6298174793669644
YLLs (Years of Life Lost),Lebanon,Both,All ages,Cirrhosis due to alcohol,Rate,2010,14.375838266328776,21.276660552359523,8.906444348841966
YLLs (Years of Life Lost),Lebanon,Both,All ages,Alcohol use disorders,Rate,2010,3.52802126980082,4.3206848218219776,2.5637823920523672
YLLs (Years of Life Lost),Tuvalu,Both,All ages,Alcoholic cardiomyopathy,Rate,2020,1.7976887443993612,3.511284936200364,0.2722070643637872
YLLs (Years of Life Lost),Austria,Both,All ages,Alcohol use disorders,Rate,2020,149.3860367664505,156.25245196351352,142.638305984321
YLLs (Years of Life Lost),Libya,Both,All ages,Cirrhosis due to alcohol,Rate,2010,9.942015072778748,15.323304173516563,6.2652634496139825
YLLs (Years of Life Lost),Palestine,Both,All ages,Liver cancer due to alcohol use,Rate,2010,6.2999021957151085,9.479815885134919,4.080913780706593
YLLs (Years of Life Lost),Oman,Both,All ages,Alcohol use disorders,Rate,2010,8.742181768037772,11.12763977426903,6.563509659220391
YLLs (Years of Life Lost),Oman,Both,All ages,Alcoholic cardiomyopathy,Rate,2010,0.1984442897099069,0.3777330838984926,0.02897620457808998
YLLs (Years of Life Lost),Qatar,Both,All ages,Cirrhosis due to alcohol,Rate,2010,11.651704721550704,18.49557822164038,6.612114768532579
YLLs (Years of Life Lost),Chile,Both,All ages,Liver cancer due to alcohol use,Rate,2010,15.67957108005765,20.305038017151194,11.409302374017436
YLLs (Years of Life Lost),Chile,Both,All ages,Alcohol use disorders,Rate,2010,89.71986510673081,94.5064690871133,85.82730500802315
YLLs (Years of Life Lost),Chile,Both,All ages,Alcoholic cardiomyopathy,Rate,2010,9.033057440675025,10.072022949149144,8.091382831719384
YLLs (Years of Life Lost),Uruguay,Both,All ages,Alcohol use disorders,Rate,2010,76.11652321019764,80.34903964141849,72.16566259101114
YLLs (Years of Life Lost),Tunisia,Both,All ages,Liver cancer due to alcohol use,Rate,2010,5.091850856033284,8.169542302662748,2.95040795751727
YLLs (Years of Life Lost),Tunisia,Both,All ages,Alcoholic cardiomyopathy,Rate,2010,1.727679950150621,3.3927913864568704,0.3655548752022163
YLLs (Years of Life Lost),United States of America,Both,All ages,Liver cancer due to alcohol use,Rate,2010,38.365887311496365,43.05747235434954,34.238662338971764
YLLs (Years of Life Lost),Thailand,Both,All ages,Liver cancer due to alcohol use,Rate,2010,123.96462026311086,172.8711235419912,88.18184443913312
YLLs (Years of Life Lost),Malaysia,Both,All ages,Liver cancer due to alcohol use,Rate,2020,18.56715363709108,29.88468108872614,11.867131771840087
YLLs (Years of Life Lost),Norway,Both,All ages,Cirrhosis due to alcohol,Rate,2020,60.35661762241958,66.31975797671811,54.607725139606785
YLLs (Years of Life Lost),Afghanistan,Both,All ages,Alcohol use disorders,Rate,2020,8.658483748500185,13.08772674727976,3.9876521160411014
YLLs (Years of Life Lost),Australia,Both,All ages,Cirrhosis due to alcohol,Rate,2010,48.27470556216687,60.411078306952625,36.44748084974459
YLLs (Years of Life Lost),Zimbabwe,Both,All ages,Alcohol use disorders,Rate,2020,11.127509381916502,17.0614545625326,7.397095415081323
YLLs (Years of Life Lost),Poland,Both,All ages,Liver cancer due to alcohol use,Rate,2010,18.05215440397801,20.058037612267015,16.178535372655265
YLLs (Years of Life Lost),Mauritius,Both,All ages,Alcohol use disorders,Rate,2010,155.71110510895141,167.43262026119288,144.99541178738875
YLLs (Years of Life Lost),Tuvalu,Both,All ages,Alcoholic cardiomyopathy,Rate,2010,1.8689248744349638,3.6352155834814406,0.25104043278888283
YLLs (Years of Life Lost),Gabon,Both,All ages,Liver cancer due to alcohol use,Rate,2020,31.730610528960675,54.58124108741328,16.661002036149892
YLLs (Years of Life Lost),Azerbaijan,Both,All ages,Cirrhosis due to alcohol,Rate,2010,316.2320591109065,414.970220705165,235.73856503723147
YLLs (Years of Life Lost),United States Virgin Islands,Both,All ages,Cirrhosis due to alcohol,Rate,2020,223.07359738731833,292.2541432136049,157.7498138892863
YLLs (Years of Life Lost),Angola,Both,All ages,Alcoholic cardiomyopathy,Rate,2010,0.05130166760534296,0.28347524847848327,0.009840056485861337
YLLs (Years of Life Lost),Central African Republic,Both,All ages,Alcohol use disorders,Rate,2010,55.97086773819534,84.16508334816288,30.898996993183463
YLLs (Years of Life Lost),Central African Republic,Both,All ages,Alcoholic cardiomyopathy,Rate,2010,0.06408399007221041,0.3078270036132155,0.01408925537017807
YLLs (Years of Life Lost),Congo,Both,All ages,Cirrhosis due to alcohol,Rate,2010,154.82032064699195,232.44999764773223,96.29078450496658
YLLs (Years of Life Lost),Thailand,Both,All ages,Alcoholic cardiomyopathy,Rate,2010,0.5873962101979864,1.3469892217787462,0.13531433829311057
YLLs (Years of Life Lost),Zimbabwe,Both,All ages,Alcoholic cardiomyopathy,Rate,2020,0.5801767875463051,2.300318452617483,0.09192080099516851
YLLs (Years of Life Lost),Bangladesh,Both,All ages,Cirrhosis due to alcohol,Rate,2020,118.64727124817904,178.07599769785838,76.0944588727418
YLLs (Years of Life Lost),Peru,Both,All ages,Cirrhosis due to alcohol,Rate,2020,261.8713738971239,342.1619694980324,194.87763391108965
YLLs (Years of Life Lost),New Zealand,Both,All ages,Cirrhosis due to alcohol,Rate,2010,23.920854234965987,27.198856349739803,20.73693224565752
YLLs (Years of Life Lost),Poland,Both,All ages,Alcoholic cardiomyopathy,Rate,2010,157.4405232985131,163.39898147736548,151.28816676824184
YLLs (Years of Life Lost),Romania,Both,All ages,Alcohol use disorders,Rate,2010,140.2813955250343,148.47795295703054,132.93104635295742
YLLs (Years of Life Lost),Serbia,Both,All ages,Cirrhosis due to alcohol,Rate,2010,215.16521441740437,268.6006042339895,166.32329414257046
YLLs (Years of Life Lost),Slovenia,Both,All ages,Liver cancer due to alcohol use,Rate,2010,67.88969216224623,86.95626007515992,50.850934739857124
YLLs (Years of Life Lost),Belarus,Both,All ages,Cirrhosis due to alcohol,Rate,2010,539.067241609012,637.9309402652507,430.6244788609368
YLLs (Years of Life Lost),South Sudan,Both,All ages,Liver cancer due to alcohol use,Rate,2020,12.957971746931063,21.93344968990547,7.2203640879119275
YLLs (Years of Life Lost),Gabon,Both,All ages,Alcoholic cardiomyopathy,Rate,2020,0.04774802398926368,0.2506088519473832,0.008227778137060071
YLLs (Years of Life Lost),United States Virgin Islands,Both,All ages,Cirrhosis due to alcohol,Rate,2010,219.8512493047529,288.43980461231536,163.15171973746504
YLLs (Years of Life Lost),Grenada,Both,All ages,Liver cancer due to alcohol use,Rate,2020,38.80762525910037,49.870992544497526,28.730450658342956
YLLs (Years of Life Lost),Mauritius,Both,All ages,Alcoholic cardiomyopathy,Rate,2010,4.332165008388716,4.948789245583078,3.8173849047732915
YLLs (Years of Life Lost),Kyrgyzstan,Both,All ages,Liver cancer due to alcohol use,Rate,2010,10.887803910321871,15.106825365897723,7.582395583986213
YLLs (Years of Life Lost),Kyrgyzstan,Both,All ages,Alcohol use disorders,Rate,2010,324.3441249866823,354.5725662441006,296.4037473917228
YLLs (Years of Life Lost),Kyrgyzstan,Both,All ages,Alcoholic cardiomyopathy,Rate,2010,258.9345956663016,285.0350868119521,233.7048118478909
YLLs (Years of Life Lost),Mongolia,Both,All ages,Alcohol use disorders,Rate,2010,907.4187135782087,1123.7461368166457,686.749126335164
YLLs (Years of Life Lost),Tajikistan,Both,All ages,Cirrhosis due to alcohol,Rate,2010,190.02732269002627,249.37880987794745,137.84708208693297
YLLs (Years of Life Lost),Egypt,Both,All ages,Alcohol use disorders,Rate,2020,0.3802073694616622,0.5901993571198687,0.2994594033129311
YLLs (Years of Life Lost),Republic of Moldova,Both,All ages,Alcohol use disorders,Rate,2020,331.1019204034882,357.3238280045327,306.1854619246462
YLLs (Years of Life Lost),Sweden,Both,All ages,Liver cancer due to alcohol use,Rate,2020,52.11749248269307,60.3171517672465,44.82437777556326
YLLs (Years of Life Lost),Austria,Both,All ages,Alcoholic cardiomyopathy,Rate,2020,42.330039865861394,46.37108833501058,38.36930852111502
YLLs (Years of Life Lost),India,Both,All ages,Liver cancer due to alcohol use,Rate,2020,17.720641186199128,21.13316082478786,14.57696551136506
YLLs (Years of Life Lost),Timor-Leste,Both,All ages,Alcohol use disorders,Rate,2010,14.137286677727488,24.009800092623998,8.886267689656982
YLLs (Years of Life Lost),Socialist Republic of Viet Nam,Both,All ages,Cirrhosis due to alcohol,Rate,2010,159.3131212374618,220.65945045765207,112.47137107809971
YLLs (Years of Life Lost),Fiji,Both,All ages,Liver cancer due to alcohol use,Rate,2010,10.987667266376489,16.625395091735612,6.865407959308322
YLLs (Years of Life Lost),Kiribati,Both,All ages,Liver cancer due to alcohol use,Rate,2010,10.84521113432875,16.92446204597763,6.922593526280543
YLLs (Years of Life Lost),Kiribati,Both,All ages,Alcohol use disorders,Rate,2010,18.88757587719654,25.47455480018079,12.696277208877163
YLLs (Years of Life Lost),Kiribati,Both,All ages,Alcoholic cardiomyopathy,Rate,2010,3.5297246787838557,6.710435348105855,0.8846623844469934
YLLs (Years of Life Lost),Marshall Islands,Both,All ages,Cirrhosis due to alcohol,Rate,2010,99.84474653368666,154.66874345406902,59.67659721619399
YLLs (Years of Life Lost),Marshall Islands,Both,All ages,Alcohol use disorders,Rate,2010,48.053571072179274,72.10701966650133,26.07948562306781
YLLs (Years of Life Lost),South Sudan,Both,All ages,Alcoholic cardiomyopathy,Rate,2020,0.029872122999302603,0.1885835521261371,0.004930276654887928
YLLs (Years of Life Lost),Burundi,Both,All ages,Cirrhosis due to alcohol,Rate,2020,100.51236173198274,155.0759460635517,63.06475717623238
YLLs (Years of Life Lost),Maldives,Both,All ages,Alcohol use disorders,Rate,2020,3.4295372859678572,4.725117621773798,2.3897948918723855
YLLs (Years of Life Lost),South Sudan,Both,All ages,Liver cancer due to alcohol use,Rate,2010,9.12972745926601,15.033666903893977,4.9588278944333295
YLLs (Years of Life Lost),Mozambique,Both,All ages,Cirrhosis due to alcohol,Rate,2010,60.78956477648671,87.63488427852958,40.218607045937226
YLLs (Years of Life Lost),Nepal,Both,All ages,Alcohol use disorders,Rate,2020,17.644897659741567,26.875196575683255,0.9001093220627802
YLLs (Years of Life Lost),Grenada,Both,All ages,Alcoholic cardiomyopathy,Rate,2020,127.63182719926237,148.89071260618778,108.0685661059951
YLLs (Years of Life Lost),Djibouti,Both,All ages,Liver cancer due to alcohol use,Rate,2020,11.822320387034715,20.836252975639024,6.568681356673164
YLLs (Years of Life Lost),Costa Rica,Both,All ages,Liver cancer due to alcohol use,Rate,2020,43.61199011560055,56.705075435096425,32.77790907509738
YLLs (Years of Life Lost),Sweden,Both,All ages,Alcoholic cardiomyopathy,Rate,2020,24.685788564146378,27.674614386032705,21.64804819741323
YLLs (Years of Life Lost),South Sudan,Both,All ages,Alcoholic cardiomyopathy,Rate,2010,0.020797002381883593,0.13750383251268816,0.004250785114143531
YLLs (Years of Life Lost),Somalia,Both,All ages,Liver cancer due to alcohol use,Rate,2010,13.578151057473729,26.727599777264683,4.776741326956307
YLLs (Years of Life Lost),Nepal,Both,All ages,Alcoholic cardiomyopathy,Rate,2020,2.330498237923073,5.379663566295842,0.4750056787544396
YLLs (Years of Life Lost),Islamic Republic of Iran,Both,All ages,Cirrhosis due to alcohol,Rate,2020,16.447026461561435,22.20518737995401,12.969567512046028
YLLs (Years of Life Lost),Republic of Moldova,Both,All ages,Alcoholic cardiomyopathy,Rate,2020,203.38396010405688,231.8465793806469,173.14950601596135
YLLs (Years of Life Lost),Belgium,Both,All ages,Cirrhosis due to alcohol,Rate,2020,143.71527778148075,170.49935790631085,116.8192210566349
YLLs (Years of Life Lost),Guyana,Both,All ages,Alcohol use disorders,Rate,2020,89.97597504441414,116.55178044352077,67.52056655508537
YLLs (Years of Life Lost),Eritrea,Both,All ages,Alcohol use disorders,Rate,2020,53.80762815111593,75.87015081738238,35.82722902020478
YLLs (Years of Life Lost),Maldives,Both,All ages,Alcoholic cardiomyopathy,Rate,2020,1.2514184811798503,2.6513816448084957,0.30777377412939766
YLLs (Years of Life Lost),Switzerland,Both,All ages,Alcohol use disorders,Rate,2020,71.41695238916734,75.79828928476982,66.86848515478748
YLLs (Years of Life Lost),Pakistan,Both,All ages,Cirrhosis due to alcohol,Rate,2020,38.76389602538777,55.71478884961199,23.783643054141596
YLLs (Years of Life Lost),Eritrea,Both,All ages,Alcoholic cardiomyopathy,Rate,2020,0.03224365506181718,0.19259088226718687,0.005622224276531519
YLLs (Years of Life Lost),Haiti,Both,All ages,Cirrhosis due to alcohol,Rate,2020,264.86658255143277,399.2241818513823,168.9839170409523
YLLs (Years of Life Lost),Somalia,Both,All ages,Alcoholic cardiomyopathy,Rate,2010,0.03468327553244314,0.18301290719570718,0.0032944827803447394
YLLs (Years of Life Lost),Myanmar,Both,All ages,Cirrhosis due to alcohol,Rate,2020,184.66143314434458,276.1633361644517,108.08768263315606
YLLs (Years of Life Lost),Switzerland,Both,All ages,Alcoholic cardiomyopathy,Rate,2020,22.35724148764983,26.219608732410084,18.36379756219775
YLLs (Years of Life Lost),Costa Rica,Both,All ages,Alcoholic cardiomyopathy,Rate,2020,12.597135691742873,14.10675546945569,11.138453738024609
YLLs (Years of Life Lost),Ethiopia,Both,All ages,Cirrhosis due to alcohol,Rate,2020,74.84170374969946,98.26554893726768,57.65673799399465
YLLs (Years of Life Lost),Saint Lucia,Both,All ages,Liver cancer due to alcohol use,Rate,2020,20.348244336314583,26.3131233974627,14.566671126983337
YLLs (Years of Life Lost),Jordan,Both,All ages,Liver cancer due to alcohol use,Rate,2020,1.9872687944167857,3.0961463364750625,1.160806293216354
YLLs (Years of Life Lost),Finland,Both,All ages,Liver cancer due to alcohol use,Rate,2020,68.4438738384115,88.79204491245356,50.84907842879587
YLLs (Years of Life Lost),United Kingdom of Great Britain and Northern Ireland,Both,All ages,Cirrhosis due to alcohol,Rate,2020,181.13017259182783,202.61104959363178,161.7275639007645
YLLs (Years of Life Lost),Malawi,Both,All ages,Liver cancer due to alcohol use,Rate,2020,12.06895780164156,17.949925175313957,7.845157163460003
YLLs (Years of Life Lost),Russian Federation,Both,All ages,Cirrhosis due to alcohol,Rate,2020,570.3647183119488,626.1070648597248,511.90727816236137
YLLs (Years of Life Lost),Saint Vincent and the Grenadines,Both,All ages,Alcohol use disorders,Rate,2020,275.46541377966554,314.8065735339473,241.3375411883448
YLLs (Years of Life Lost),Thailand,Both,All ages,Liver cancer due to alcohol use,Rate,2020,138.1046643297521,196.77112153224928,94.05131836551845
YLLs (Years of Life Lost),Malawi,Both,All ages,Alcoholic cardiomyopathy,Rate,2020,0.029449880659078435,0.1981799180343065,0.0052564970750809265
YLLs (Years of Life Lost),Argentina,Both,All ages,Liver cancer due to alcohol use,Rate,2020,9.717233590719148,12.769746309299103,7.202906414855008
YLLs (Years of Life Lost),El Salvador,Both,All ages,Alcohol use disorders,Rate,2020,504.32541806679865,653.9386915170611,383.62651907455626
YLLs (Years of Life Lost),Saint Vincent and the Grenadines,Both,All ages,Alcoholic cardiomyopathy,Rate,2020,82.23286319512333,94.70970927122373,70.66354284606962
YLLs (Years of Life Lost),Thailand,Both,All ages,Alcoholic cardiomyopathy,Rate,2020,1.4149793265618453,2.576992232629576,0.1127587220221667
YLLs (Years of Life Lost),Mauritius,Both,All ages,Alcohol use disorders,Rate,2020,161.1621376366767,173.46985261743743,147.54650465123748
YLLs (Years of Life Lost),Finland,Both,All ages,Alcoholic cardiomyopathy,Rate,2020,110.89216548220635,121.9391970132138,99.69346721533695
YLLs (Years of Life Lost),Brunei Darussalam,Both,All ages,Alcohol use disorders,Rate,2020,13.40886130027481,16.6891928324703,9.810906148798196
YLLs (Years of Life Lost),Suriname,Both,All ages,Cirrhosis due to alcohol,Rate,2020,270.18391196550215,341.4104447530569,203.92607682970373
YLLs (Years of Life Lost),Kuwait,Both,All ages,Liver cancer due to alcohol use,Rate,2020,1.3694436472159044,2.028682831624844,0.9187938006199726
YLLs (Years of Life Lost),Kuwait,Both,All ages,Alcohol use disorders,Rate,2020,2.6967232688731255,2.971018135313801,2.413078827921561
YLLs (Years of Life Lost),Timor-Leste,Both,All ages,Alcohol use disorders,Rate,2020,16.670198186176506,26.439282392151924,10.687767498205764
YLLs (Years of Life Lost),Chile,Both,All ages,Liver cancer due to alcohol use,Rate,2020,28.57605781210333,37.70609007576166,20.807169831237864
YLLs (Years of Life Lost),Chile,Both,All ages,Alcohol use disorders,Rate,2020,39.512838234601205,42.030678700225515,37.08312500121859
YLLs (Years of Life Lost),Mauritius,Both,All ages,Alcoholic cardiomyopathy,Rate,2020,10.567024674233233,12.155312428744644,9.23395878757478
YLLs (Years of Life Lost),Mozambique,Both,All ages,Cirrhosis due to alcohol,Rate,2020,51.11366219860579,79.9587455952263,32.051150109645455
YLLs (Years of Life Lost),France,Both,All ages,Alcohol use disorders,Rate,2020,150.05425500224214,163.4393328027645,138.69782801016862
YLLs (Years of Life Lost),Socialist Republic of Viet Nam,Both,All ages,Cirrhosis due to alcohol,Rate,2020,184.841599993616,274.0857054015784,117.76856403642974
YLLs (Years of Life Lost),Chile,Both,All ages,Alcoholic cardiomyopathy,Rate,2020,6.054936458312154,6.895253819461804,5.274712455792945
YLLs (Years of Life Lost),Guatemala,Both,All ages,Cirrhosis due to alcohol,Rate,2020,336.6753451114115,418.877556659087,257.55923835156767
YLLs (Years of Life Lost),Japan,Both,All ages,Cirrhosis due to alcohol,Rate,2020,118.46035553251923,129.07593068212236,107.77003639043322
YLLs (Years of Life Lost),Kuwait,Both,All ages,Alcoholic cardiomyopathy,Rate,2020,3.143173804682258,4.027416117657613,2.1893354132047675
YLLs (Years of Life Lost),Germany,Both,All ages,Cirrhosis due to alcohol,Rate,2020,239.54987794015707,279.77232863817534,195.9608697456671
YLLs (Years of Life Lost),Uruguay,Both,All ages,Alcohol use disorders,Rate,2020,69.33877255795555,74.05281047369323,64.79216225619878
YLLs (Years of Life Lost),Singapore,Both,All ages,Liver cancer due to alcohol use,Rate,2020,13.266684010810739,20.45388215088919,8.242821065711786
YLLs (Years of Life Lost),Mexico,Both,All ages,Liver cancer due to alcohol use,Rate,2020,18.30999832130493,21.662047747514464,15.63836170100098
YLLs (Years of Life Lost),Lebanon,Both,All ages,Cirrhosis due to alcohol,Rate,2020,11.948983843040095,18.005383042092046,7.454274880359246
YLLs (Years of Life Lost),Iceland,Both,All ages,Liver cancer due to alcohol use,Rate,2020,51.85579777641725,67.57481602053254,38.64487756924989
YLLs (Years of Life Lost),United States of America,Both,All ages,Liver cancer due to alcohol use,Rate,2020,52.911374845380514,59.77944556657712,46.12869818584131
YLLs (Years of Life Lost),Nicaragua,Both,All ages,Liver cancer due to alcohol use,Rate,2020,14.955604339662068,20.756880689412636,10.509633469692266
YLLs (Years of Life Lost),Lebanon,Both,All ages,Alcohol use disorders,Rate,2020,3.2949815305886827,4.306194198457293,2.2643722295586075
YLLs (Years of Life Lost),Nicaragua,Both,All ages,Alcohol use disorders,Rate,2020,165.5080732019555,222.52597151510528,134.6599862791878
YLLs (Years of Life Lost),Libya,Both,All ages,Cirrhosis due to alcohol,Rate,2020,17.023128594819795,30.57191675392224,8.98138749226719
YLLs (Years of Life Lost),Ireland,Both,All ages,Liver cancer due to alcohol use,Rate,2020,40.13547226419211,50.891059037225446,30.48159462637661
YLLs (Years of Life Lost),Ireland,Both,All ages,Alcohol use disorders,Rate,2020,49.70930699193446,53.99653880699629,46.11786798209789
YLLs (Years of Life Lost),Nicaragua,Both,All ages,Alcoholic cardiomyopathy,Rate,2020,2.888760447434869,5.039136063761078,0.611588390334893
YLLs (Years of Life Lost),Palestine,Both,All ages,Liver cancer due to alcohol use,Rate,2020,6.887776245573567,10.4714074936999,4.392649897976485
YLLs (Years of Life Lost),Ireland,Both,All ages,Alcoholic cardiomyopathy,Rate,2020,18.902311382034906,22.316378067382022,15.724533305294015
YLLs (Years of Life Lost),Panama,Both,All ages,Cirrhosis due to alcohol,Rate,2020,105.43474941119824,128.95829534522596,83.25435177653468
YLLs (Years of Life Lost),Israel,Both,All ages,Cirrhosis due to alcohol,Rate,2020,50.20474211239751,60.1303499848983,39.963831668700635
YLLs (Years of Life Lost),Oman,Both,All ages,Alcohol use disorders,Rate,2020,7.061713319241551,10.365870298822145,4.418582941409771
YLLs (Years of Life Lost),Israel,Both,All ages,Alcohol use disorders,Rate,2020,28.2601747973797,29.76816157557131,26.73090247347774
YLLs (Years of Life Lost),Bolivarian Republic of Venezuela,Both,All ages,Cirrhosis due to alcohol,Rate,2020,188.61824588670112,268.83120543806444,127.12591319888521
YLLs (Years of Life Lost),Oman,Both,All ages,Alcoholic cardiomyopathy,Rate,2020,0.16569624722888343,0.41522976734838113,0.022368900468993355
YLLs (Years of Life Lost),Brazil,Both,All ages,Liver cancer due to alcohol use,Rate,2020,16.25285969355757,18.484979863959378,14.133260800447575
YLLs (Years of Life Lost),Qatar,Both,All ages,Cirrhosis due to alcohol,Rate,2020,7.408563457700947,12.451907542986099,4.183436990011699
